market,category,cluster,keyword,search_volume,cpc,competition,competition_index,low_top_of_page_bid,high_top_of_page_bid
Sacramento,water_heater,replacement,water heater replacement,140,26.76,HIGH,98,10.32,40.29
Sacramento,water_heater,replacement,water heater replacement near me,50,3.84,MEDIUM,56,,
Sacramento,water_heater,replacement,replace water heater,140,26.76,HIGH,98,10.32,40.29
Sacramento,water_heater,replacement,replace water heater near me,50,3.84,MEDIUM,56,,
Sacramento,water_heater,replacement,water heater replacement service,10,0,LOW,0,,
Sacramento,water_heater,replacement,water heater replacement services,10,0,LOW,0,,
Sacramento,water_heater,replacement,water heater replacement company,10,0,LOW,0,,
Sacramento,water_heater,replacement,water heater replacement contractor,10,0,,,,
Sacramento,water_heater,replacement,water heater replacement contractors,10,0,,,,
Sacramento,water_heater,replacement,water heater replacement installer,0,0,,,,
Sacramento,water_heater,replacement,water heater replacement installers,0,0,,,,
Sacramento,water_heater,replacement,local water heater replacement,10,0,,,,
Sacramento,water_heater,replacement,professional water heater replacement,0,0,,,,
Sacramento,water_heater,replacement,residential water heater replacement,10,0,HIGH,100,,
Sacramento,water_heater,replacement,home water heater replacement,10,0,,,,
Sacramento,water_heater,replacement,hot water heater replacement,30,109.53,HIGH,100,16.94,46.29
Sacramento,water_heater,replacement,hot water heater replacement near me,10,77.72,HIGH,100,,
Sacramento,water_heater,replacement,water heater change out,10,0,,,,
Sacramento,water_heater,replacement,water heater changeout,0,0,,,,
Sacramento,water_heater,replacement,water heater swap,0,0,,,,
Sacramento,water_heater,installation,water heater installation,110,81.94,LOW,31,17.41,43.98
Sacramento,water_heater,installation,water heater installation near me,70,115.89,LOW,15,,
Sacramento,water_heater,installation,water heater installation service,10,0,LOW,0,,
Sacramento,water_heater,installation,water heater installation services,10,0,LOW,0,,
Sacramento,water_heater,installation,water heater installation company,10,0,LOW,0,,
Sacramento,water_heater,installation,water heater installation contractor,10,0,MEDIUM,57,,
Sacramento,water_heater,installation,water heater installation contractors,10,0,MEDIUM,57,,
Sacramento,water_heater,installation,water heater installer,110,81.94,LOW,31,17.41,43.98
Sacramento,water_heater,installation,water heater installers,110,81.94,LOW,31,17.41,43.98
Sacramento,water_heater,installation,water heater installer near me,70,115.89,LOW,15,,
Sacramento,water_heater,installation,local water heater installer,0,0,,,,
Sacramento,water_heater,installation,professional water heater installation,10,0,LOW,0,,
Sacramento,water_heater,installation,residential water heater installation,10,0,,,,
Sacramento,water_heater,installation,home water heater installation,0,0,,,,
Sacramento,water_heater,installation,hot water heater installation,10,46.32,HIGH,80,30.41,46.88
Sacramento,water_heater,installation,hot water heater installer,10,46.32,HIGH,80,30.41,46.88
Sacramento,water_heater,cost,water heater replacement cost,170,15.1,HIGH,72,5.38,19.55
Sacramento,water_heater,cost,cost to replace water heater,170,15.1,HIGH,72,5.38,19.55
Sacramento,water_heater,cost,how much to replace water heater,20,11.05,MEDIUM,58,4.13,11.57
Sacramento,water_heater,cost,water heater installation cost,40,19.77,MEDIUM,43,8.89,41.78
Sacramento,water_heater,cost,cost to install water heater,40,19.77,MEDIUM,43,8.89,41.78
Sacramento,water_heater,cost,water heater replacement estimate,10,0,HIGH,86,,
Sacramento,water_heater,cost,water heater installation estimate,10,0,,,,
Sacramento,water_heater,cost,water heater replacement quote,10,0,,,,
Sacramento,water_heater,cost,water heater installation quote,10,0,,,,
Sacramento,water_heater,cost,water heater replacement price,10,2.52,HIGH,86,,
Sacramento,water_heater,cost,water heater installation price,10,0,,,,
Sacramento,water_heater,same_day,same day water heater replacement,10,0,,,,
Sacramento,water_heater,same_day,same day water heater installation,10,0,,,,
Sacramento,water_heater,same_day,same day water heater installer,0,0,,,,
Sacramento,water_heater,same_day,emergency water heater replacement,10,0,,,,
Sacramento,water_heater,same_day,emergency water heater installation,0,0,,,,
Sacramento,water_heater,same_day,urgent water heater replacement,0,0,,,,
Sacramento,water_heater,same_day,24 hour water heater replacement,0,0,,,,
Sacramento,water_heater,same_day,water heater replacement today,0,0,,,,
Sacramento,water_heater,tank,tank water heater replacement,10,0,LOW,0,,
Sacramento,water_heater,tank,tank water heater installation,10,0,,,,
Sacramento,water_heater,tank,tank water heater installer,0,0,,,,
Sacramento,water_heater,tank,storage tank water heater replacement,0,0,,,,
Sacramento,water_heater,tank,standard water heater replacement,0,0,,,,
Sacramento,water_heater,tank,conventional water heater replacement,0,0,,,,
Sacramento,water_heater,tankless,tankless water heater replacement,10,2.17,MEDIUM,43,,
Sacramento,water_heater,tankless,tankless water heater replacement near me,10,0,LOW,0,,
Sacramento,water_heater,tankless,tankless water heater installation,140,0.23,MEDIUM,51,10.72,40
Sacramento,water_heater,tankless,tankless water heater installation near me,20,0,LOW,14,,
Sacramento,water_heater,tankless,tankless water heater installer,140,0.23,MEDIUM,51,10.72,40
Sacramento,water_heater,tankless,tankless water heater installer near me,20,0,LOW,14,,
Sacramento,water_heater,tankless,tankless water heater installation cost,90,8.97,LOW,26,5.04,15.6
Sacramento,water_heater,tankless,cost to install tankless water heater,90,8.97,LOW,26,5.04,15.6
Sacramento,water_heater,tankless,cost to replace tankless water heater,90,8.97,LOW,26,5.04,15.6
Sacramento,water_heater,gas,gas water heater replacement,20,0,LOW,0,,
Sacramento,water_heater,gas,gas water heater replacement near me,20,0,LOW,0,,
Sacramento,water_heater,gas,gas water heater installation,20,0,LOW,0,,
Sacramento,water_heater,gas,gas water heater installer,20,0,LOW,0,,
Sacramento,water_heater,gas,gas water heater installation cost,10,5.28,MEDIUM,57,,
Sacramento,water_heater,gas,cost to replace gas water heater,10,10.25,HIGH,86,2.36,6.93
Sacramento,water_heater,electric,electric water heater replacement,10,0,HIGH,71,5.74,16.58
Sacramento,water_heater,electric,electric water heater replacement near me,0,0,,,,
Sacramento,water_heater,electric,electric water heater installation,20,0,MEDIUM,41,,
Sacramento,water_heater,electric,electric water heater installer,20,0,MEDIUM,41,,
Sacramento,water_heater,electric,electric water heater installation cost,10,16.39,MEDIUM,52,,
Sacramento,water_heater,electric,cost to replace electric water heater,10,0,LOW,29,,
Sacramento,water_heater,heat_pump,heat pump water heater replacement,10,0,,,,
Sacramento,water_heater,heat_pump,heat pump water heater installation,50,0,LOW,5,,
Sacramento,water_heater,heat_pump,heat pump water heater installer,50,0,LOW,5,,
Sacramento,water_heater,heat_pump,heat pump water heater installation near me,10,0,,,,
Sacramento,water_heater,heat_pump,heat pump water heater installation cost,20,0,LOW,11,,
Sacramento,water_heater,heat_pump,hybrid water heater replacement,0,0,,,,
Sacramento,water_heater,heat_pump,hybrid water heater installation,10,0,,,,
Sacramento,water_heater,heat_pump,hybrid water heater installer,10,0,,,,
Sacramento,water_heater,conversion,tank to tankless water heater conversion,10,0,,,,
Sacramento,water_heater,conversion,convert tank water heater to tankless,10,0,,,,
Sacramento,water_heater,conversion,gas to electric water heater conversion,10,0,,,,
Sacramento,water_heater,conversion,electric to gas water heater conversion,10,0,,,,
Sacramento,water_heater,problem,replace leaking water heater,0,0,,,,
Sacramento,water_heater,problem,leaking water heater replacement,0,0,,,,
Sacramento,water_heater,problem,replace broken water heater,0,0,,,,
Sacramento,water_heater,problem,broken water heater replacement,0,0,,,,
Sacramento,water_heater,problem,no hot water water heater replacement,0,0,,,,
Sacramento,painting_interior,core,interior painters,10,39.01,MEDIUM,55,,
Sacramento,painting_interior,core,interior painter,10,39.01,MEDIUM,55,,
Sacramento,painting_interior,core,interior painters near me,10,1.95,HIGH,98,9.85,22.29
Sacramento,painting_interior,core,interior house painters,10,39.01,MEDIUM,55,,
Sacramento,painting_interior,core,interior house painter,10,0,,,,
Sacramento,painting_interior,core,interior home painters,10,0,HIGH,100,,
Sacramento,painting_interior,core,interior wall painters,0,0,,,,
Sacramento,painting_interior,core,inside house painters,0,0,,,,
Sacramento,painting_interior,core,indoor house painters,10,0,,,,
Sacramento,painting_interior,service,interior painting,10,39.01,MEDIUM,55,,
Sacramento,painting_interior,service,interior house painting,10,0,,,,
Sacramento,painting_interior,service,interior home painting,10,0,LOW,29,,
Sacramento,painting_interior,service,interior wall painting,10,0,LOW,26,,
Sacramento,painting_interior,service,interior painting services,10,0,LOW,0,,
Sacramento,painting_interior,service,interior house painting services,10,0,MEDIUM,43,,
Sacramento,painting_interior,service,interior wall painting services,10,0,,,,
Sacramento,painting_interior,service,residential interior painting,10,0,,,,
Sacramento,painting_interior,service,residential interior painting services,0,0,,,,
Sacramento,painting_interior,provider,interior painting company,10,0,HIGH,100,,
Sacramento,painting_interior,provider,interior painting companies,10,0,HIGH,100,,
Sacramento,painting_interior,provider,interior painting company near me,10,0,LOW,0,,
Sacramento,painting_interior,provider,interior painting contractor,40,3.33,LOW,5,,
Sacramento,painting_interior,provider,interior painting contractors,40,3.33,LOW,5,,
Sacramento,painting_interior,provider,interior painting contractors near me,10,0,,,,
Sacramento,painting_interior,provider,interior wall painting contractors,10,0,,,,
Sacramento,painting_interior,provider,local interior painters,10,0,,,,
Sacramento,painting_interior,provider,professional interior painters,10,0,,,,
Sacramento,painting_interior,provider,professional interior painting,10,0,,,,
Sacramento,painting_interior,cost,interior painting cost,20,0,MEDIUM,42,3.14,17.63
Sacramento,painting_interior,cost,interior house painting cost,10,0,LOW,28,6.91,21.63
Sacramento,painting_interior,cost,cost to paint house interior,10,0,LOW,28,6.91,21.63
Sacramento,painting_interior,cost,cost to paint interior walls,10,0,,,,
Sacramento,painting_interior,cost,interior painting estimate,10,0,,,,
Sacramento,painting_interior,cost,interior painting quote,10,0,,,,
Sacramento,painting_interior,cost,interior house painting estimate,10,0,,,,
Sacramento,painting_interior,cost,interior house painting quote,0,0,,,,
Sacramento,painting_interior,cost,interior painter cost,20,0,MEDIUM,42,3.14,17.63
Sacramento,painting_interior,cost,interior painting prices,20,0,MEDIUM,42,3.14,17.63
Sacramento,painting_interior,rooms,whole house interior painting,0,0,,,,
Sacramento,painting_interior,rooms,home interior wall painting,0,0,,,,
Sacramento,painting_interior,rooms,room painting services,10,0,,,,
Sacramento,painting_interior,rooms,living room painters,0,0,,,,
Sacramento,painting_interior,rooms,bedroom painters,0,0,,,,
Sacramento,painting_interior,rooms,kitchen painters,0,0,,,,
Sacramento,painting_interior,rooms,bathroom painters,0,0,,,,
Sacramento,painting_interior,rooms,ceiling painters,10,0,HIGH,100,,
Sacramento,painting_interior,rooms,ceiling painting services,0,0,,,,
Sacramento,painting_interior,rooms,trim painting services,0,0,,,,
Sacramento,painting_interior,rooms,baseboard painting services,0,0,,,,
Sacramento,painting_interior,rooms,cabinet painting services,10,0,LOW,0,,
Sacramento,painting_exterior,core,exterior painters,10,0,LOW,29,,
Sacramento,painting_exterior,core,exterior painter,10,0,LOW,29,,
Sacramento,painting_exterior,core,exterior painters near me,10,45.43,HIGH,83,9.99,26.84
Sacramento,painting_exterior,core,exterior house painters,10,45.49,MEDIUM,59,,
Sacramento,painting_exterior,core,exterior house painter,10,45.49,MEDIUM,59,,
Sacramento,painting_exterior,core,exterior home painters,10,0,,,,
Sacramento,painting_exterior,core,outside house painters,10,45.49,MEDIUM,59,,
Sacramento,painting_exterior,service,exterior painting,10,0,LOW,29,,
Sacramento,painting_exterior,service,exterior house painting,10,45.49,MEDIUM,59,,
Sacramento,painting_exterior,service,exterior home painting,10,0,,,,
Sacramento,painting_exterior,service,exterior wall painting,10,0,,,,
Sacramento,painting_exterior,service,exterior painting services,10,0,LOW,0,,
Sacramento,painting_exterior,service,exterior house painting services,10,0,LOW,9,,
Sacramento,painting_exterior,service,residential exterior painting,10,0,,,,
Sacramento,painting_exterior,service,residential exterior painting services,0,0,,,,
Sacramento,painting_exterior,provider,exterior painting company,10,0,,,,
Sacramento,painting_exterior,provider,exterior painting companies,10,0,,,,
Sacramento,painting_exterior,provider,exterior painting company near me,10,0,LOW,27,,
Sacramento,painting_exterior,provider,exterior painting contractor,70,0,LOW,11,,
Sacramento,painting_exterior,provider,exterior painting contractors,70,0,LOW,11,,
Sacramento,painting_exterior,provider,exterior painting contractors near me,10,0,LOW,27,,
Sacramento,painting_exterior,provider,local exterior painters,10,0,,,,
Sacramento,painting_exterior,provider,professional exterior painters,10,0,,,,
Sacramento,painting_exterior,provider,professional exterior painting,10,0,,,,
Sacramento,painting_exterior,cost,exterior painting cost,10,0,MEDIUM,46,,
Sacramento,painting_exterior,cost,exterior house painting cost,10,12.89,LOW,23,4.6,11.07
Sacramento,painting_exterior,cost,cost to paint house exterior,10,12.89,LOW,23,4.6,11.07
Sacramento,painting_exterior,cost,cost to paint exterior walls,0,0,,,,
Sacramento,painting_exterior,cost,exterior painting estimate,10,0,,,,
Sacramento,painting_exterior,cost,exterior painting quote,10,0,LOW,21,,
Sacramento,painting_exterior,cost,exterior house painting estimate,10,0,,,,
Sacramento,painting_exterior,cost,exterior house painting quote,10,0,LOW,21,,
Sacramento,painting_exterior,cost,exterior painter cost,10,0,MEDIUM,46,,
Sacramento,painting_exterior,cost,exterior painting prices,10,0,MEDIUM,46,,
Sacramento,painting_exterior,surface,stucco painting,10,0,HIGH,74,,
Sacramento,painting_exterior,surface,stucco painters,10,0,HIGH,74,,
Sacramento,painting_exterior,surface,stucco painting services,10,0,LOW,0,,
Sacramento,painting_exterior,surface,brick house painting,10,0,LOW,22,,
Sacramento,painting_exterior,surface,siding painting,10,0,MEDIUM,33,,
Sacramento,painting_exterior,surface,siding painters,0,0,,,,
Sacramento,painting_exterior,surface,wood siding painting,10,0,,,,
Sacramento,painting_exterior,surface,house trim painting,10,0,,,,
Sacramento,painting_exterior,surface,front door painting service,10,0,,,,
Sacramento,painting_exterior,surface,garage door painting service,10,0,,,,
Sacramento,painting_general,core,house painters,20,3.12,MEDIUM,39,8.43,20.02
Sacramento,painting_general,core,house painter,20,3.12,MEDIUM,39,8.43,20.02
Sacramento,painting_general,core,house painters near me,90,10.89,HIGH,74,9.02,21.33
Sacramento,painting_general,core,home painters,10,0,,,,
Sacramento,painting_general,core,residential painters,10,2.26,HIGH,86,,
Sacramento,painting_general,core,residential painters near me,10,0,LOW,7,,
Sacramento,painting_general,service,house painting,40,1.41,HIGH,81,1.61,12.3
Sacramento,painting_general,service,house painting services,10,85.59,MEDIUM,40,,
Sacramento,painting_general,service,home painting services,10,85.59,MEDIUM,40,,
Sacramento,painting_general,service,residential painting,10,2.26,HIGH,86,,
Sacramento,painting_general,service,residential painting services,10,0,,,,
Sacramento,painting_general,provider,painting company,50,0,HIGH,78,3.61,21
Sacramento,painting_general,provider,painting companies,50,0,HIGH,78,3.61,21
Sacramento,painting_general,provider,painting company near me,140,12.78,HIGH,93,8.15,31
Sacramento,painting_general,provider,painting contractor,30,11.19,LOW,24,,
Sacramento,painting_general,provider,painting contractors,30,11.19,LOW,24,,
Sacramento,painting_general,provider,painting contractors near me,40,21.61,HIGH,67,19.12,33.91
Sacramento,painting_general,provider,local painting company,10,11.73,HIGH,95,,
Sacramento,painting_general,provider,local house painters,10,0,MEDIUM,63,,
Sacramento,painting_general,provider,professional house painters,10,0,LOW,0,,
Sacramento,painting_general,cost,house painting cost,10,5.59,MEDIUM,39,1.59,14.07
Sacramento,painting_general,cost,cost to paint a house,10,5.59,MEDIUM,39,1.59,14.07
Sacramento,painting_general,cost,house painting estimate,10,0,HIGH,71,,
Sacramento,painting_general,cost,house painting quote,10,0,,,,
Sacramento,painting_general,cost,painting estimate,10,27.51,HIGH,100,10.72,36.42
Sacramento,painting_general,cost,painting quote,10,21.26,MEDIUM,46,6.59,17.72
Sacramento,painting_general,cost,free painting estimate,10,0,,,,
Sacramento,wallpaper,core,wallpaper installer,20,3.56,HIGH,87,4.56,11.26
Sacramento,wallpaper,core,wallpaper installers,20,3.56,HIGH,87,4.56,11.26
Sacramento,wallpaper,core,wallpaper installer near me,20,4.64,MEDIUM,62,4.81,9.8
Sacramento,wallpaper,core,wallpaper installation,20,3.56,HIGH,87,4.56,11.26
Sacramento,wallpaper,core,wallpaper installation near me,20,4.64,MEDIUM,62,4.81,9.8
Sacramento,wallpaper,core,wallpaper installation service,10,0,LOW,0,,
Sacramento,wallpaper,core,wallpaper installation services,10,0,LOW,0,,
Sacramento,wallpaper,core,wallpaper hanging,10,0.01,LOW,21,,
Sacramento,wallpaper,core,wallpaper hanging near me,10,37.06,HIGH,100,,
Sacramento,wallpaper,core,wallpaper hanging service,10,0,,,,
Sacramento,wallpaper,core,wallpaper hanging services,10,0,,,,
Sacramento,wallpaper,core,wallpaper hanger,10,0.01,LOW,21,,
Sacramento,wallpaper,core,wallpaper hangers,10,0.01,LOW,21,,
Sacramento,wallpaper,core,wallpaper hanger near me,10,37.06,HIGH,100,,
Sacramento,wallpaper,provider,wallpaper installation company,10,0,,,,
Sacramento,wallpaper,provider,wallpaper installation contractor,0,0,,,,
Sacramento,wallpaper,provider,wallpaper installation contractors,0,0,,,,
Sacramento,wallpaper,provider,professional wallpaper installer,10,0,HIGH,86,,
Sacramento,wallpaper,provider,professional wallpaper installer near me,10,0,,,,
Sacramento,wallpaper,provider,professional wallpaper installation,10,0,HIGH,86,,
Sacramento,wallpaper,provider,professional wallpaper hanging,10,0,,,,
Sacramento,wallpaper,provider,local wallpaper installer,0,0,,,,
Sacramento,wallpaper,provider,hire wallpaper installer,10,3.6,HIGH,71,,
Sacramento,wallpaper,cost,wallpaper installer cost,10,0,LOW,11,,
Sacramento,wallpaper,cost,wallpaper installation cost,10,0,LOW,11,,
Sacramento,wallpaper,cost,cost to install wallpaper,10,0,LOW,11,,
Sacramento,wallpaper,cost,wallpaper hanging cost,0,0,,,,
Sacramento,wallpaper,cost,cost to hang wallpaper,0,0,,,,
Sacramento,wallpaper,cost,wallpaper installation estimate,0,0,,,,
Sacramento,wallpaper,cost,wallpaper installation quote,0,0,,,,
Sacramento,wallpaper,cost,wallpaper installer prices,0,0,,,,
Sacramento,wallpaper,cost,professional wallpaper installer cost,10,0,,,,
Sacramento,wallpaper,type,peel and stick wallpaper installer,10,0,,,,
Sacramento,wallpaper,type,peel and stick wallpaper installation,10,0,,,,
Sacramento,wallpaper,type,mural wallpaper installer,0,0,,,,
Sacramento,wallpaper,type,wall mural installation,10,0,,,,
Sacramento,wallpaper,type,grasscloth wallpaper installer,0,0,,,,
Sacramento,wallpaper,type,grasscloth wallpaper installation,10,0,,,,
Sacramento,wallpaper,type,textured wallpaper installation,0,0,,,,
Sacramento,wallpaper,type,vinyl wallpaper installation,10,1.08,MEDIUM,57,,
Sacramento,wallpaper,type,custom wallpaper installation,0,0,,,,
Sacramento,wallpaper,type,residential wallpaper installation,0,0,,,,
Sacramento,floristry,occasion,birthday flowers,390,1.23,HIGH,100,0.52,4.88
Sacramento,floristry,delivery,flower delivery,880,9.61,HIGH,100,3.44,8.18
Sacramento,floristry,core,flowers,8100,3.25,HIGH,87,2.47,6.15
Sacramento,floristry,custom,personalized bouquets from local florists,0,0,,,,
Sacramento,floristry,roses,rose bouquets,170,0.95,HIGH,100,1.26,2.5
Sacramento,floristry,delivery,same day flower delivery,260,12.9,HIGH,98,4.46,10.23
Sacramento,floristry,occasion,sympathy flowers,50,4.61,HIGH,100,1.55,3.8
Sacramento,floristry,wedding,wedding flowers,90,0.96,HIGH,100,0.46,2.86
Sacramento,floristry,occasion,anniversary flowers,20,2.52,HIGH,86,1.96,4.67
Sacramento,floristry,occasion,apology flowers,10,0,HIGH,100,,
Sacramento,floristry,wedding,bridal bouquets,70,0.68,HIGH,100,0.78,4.17
Sacramento,floristry,occasion,congratulations flowers,10,0,HIGH,73,,
Sacramento,floristry,corporate,corporate flowers,10,0,,,,
Sacramento,floristry,custom,custom bouquets,10,0,HIGH,100,,
Sacramento,floristry,event,event flower arrangements,10,0,,,,
Sacramento,floristry,wedding,flowers for newlyweds,10,0,,,,
Sacramento,floristry,occasion,get well flowers,10,4.11,HIGH,100,,
Sacramento,floristry,occasion,housewarming flowers,10,0,HIGH,100,,
Sacramento,floristry,occasion,just because flowers,10,0,HIGH,100,,
Sacramento,floristry,luxury,luxury bouquets,10,3.14,LOW,29,,
Sacramento,floristry,occasion,new baby flowers,10,2.6,HIGH,100,,
Sacramento,floristry,occasion,romantic flowers,10,0.42,HIGH,100,,
Sacramento,floristry,occasion,thank you flowers,10,0,HIGH,74,,
Sacramento,floristry,wedding,bridal bouquet,70,0.68,HIGH,100,0.78,4.17
Sacramento,floristry,event,event flowers,10,0,,,,
Sacramento,floristry,event,floral centerpieces,10,0.64,HIGH,96,0.53,1.09
Sacramento,floristry,core,florist,880,4.16,MEDIUM,62,1.97,6
Sacramento,floristry,event,flower centerpieces,10,0.46,HIGH,100,,
Sacramento,floristry,core,flower shop,720,1.63,MEDIUM,48,1.28,4.19
Sacramento,floristry,core,local florist,10,1.48,HIGH,93,2.54,10.77
Sacramento,floristry,custom,personalized bouquets,10,0,HIGH,100,,
Sacramento,floristry,roses,rose bouquet,170,0.95,HIGH,100,1.26,2.5
Sacramento,floristry,roses,roses,2900,0.27,MEDIUM,54,0.61,2.95
Sacramento,floristry,delivery,send flowers,110,7.03,HIGH,100,2.63,7.75
Sacramento,floristry,event,table flower arrangements,10,0.37,HIGH,95,,
Sacramento,floristry,wedding,wedding gift flowers,10,0,,,,
Sacramento,water_heater,tankless,tankless water heater cost,110,10.97,HIGH,95,3.69,10.74
Sacramento,water_heater,cost,water heater cost,30,10.69,HIGH,82,1,9.37
Sacramento,water_heater,cost,hot water heater replacement cost,10,3.95,HIGH,82,5.49,31.46
Sacramento,water_heater,cost,hot water heater cost,10,4.41,HIGH,67,3.22,14.76
Sacramento,water_heater,tankless,tankless water heater installation gas,10,0,MEDIUM,62,,
Sacramento,water_heater,installation,tank water heater install,10,0,,,,
Sacramento,water_heater,replacement,water heater service,20,42.96,HIGH,71,51.31,92.44
Sacramento,water_heater,tankless,tankless electric water heater installation,10,0,LOW,0,,
Sacramento,water_heater,tankless,tankless water heater replacement cost,90,8.97,LOW,26,5.04,15.6
Sacramento,water_heater,tankless,tankless water heater price,10,0,HIGH,84,5.41,9.72
Sacramento,water_heater,tankless,electric tankless water heater cost,10,10.79,MEDIUM,43,,
Sacramento,water_heater,tankless,tankless water heater service,10,0,MEDIUM,33,,
Sacramento,water_heater,tankless,replace tankless water heater,10,2.17,MEDIUM,43,,
Sacramento,water_heater,cost,hot water heater installation cost,10,0,MEDIUM,43,,
Sacramento,water_heater,electric,electric water heater cost,10,0,LOW,0,,
Sacramento,water_heater,electric,electric water heater replacement cost,10,0,LOW,29,,
Sacramento,water_heater,gas,gas water heater cost,10,0,HIGH,86,,
Sacramento,water_heater,heat_pump,heat pump water heater cost,10,11.86,HIGH,76,0.84,9.36
Sacramento,water_heater,tankless,propane tankless water heater installation,10,0,,,,
Sacramento,water_heater,tankless,tankless water heater installation services,10,0,,,,
Sacramento,water_heater,tankless,tankless gas water heater cost,10,0,,,,
Sacramento,water_heater,tankless,gas tankless water heater cost,10,0,,,,
Sacramento,water_heater,gas,gas hot water heater cost,10,0,,,,
Sacramento,water_heater,electric,electric hot water heater installation cost,10,0,,,,
Sacramento,water_heater,gas,gas hot water heater installation,10,0,,,,
Sacramento,water_heater,electric,electric hot water heater installation,10,0,,,,
Sacramento,water_heater,tankless,natural gas tankless water heater installation,10,0,LOW,0,,
Sacramento,water_heater,tankless,gas tankless hot water heater installation,10,0,,,,
Sacramento,water_heater,electric,hot water heater installation electric,10,0,,,,
Sacramento,water_heater,tankless,tankless water heater company,10,0,,,,
Sacramento,water_heater,tankless,cost to install electric tankless hot water heater,0,0,,,,
Sacramento,painting_interior,service,interior door painting services,10,0,LOW,0,,
Sacramento,painting_interior,provider,house interior painting contractors,10,0,,,,
Sacramento,painting_interior,provider,interior home painting company,0,0,,,,
Sacramento,painting_interior,provider,interior house painting companies,0,0,,,,
Sacramento,painting_interior,cost,interior house painting estimates,10,0,,,,
Sacramento,painting_interior,service,cheap interior painters,0,0,,,,
Sacramento,painting_interior,provider,interior home painting contractors,10,0,,,,
Sacramento,painting_interior,cost,interior home painting estimate,0,0,,,,
Sacramento,painting_interior,service,home interior painting services,10,0,,,,
Sacramento,painting_interior,cost,interior painters quotes,10,0,,,,
Sacramento,painting_interior,service,residential house interior painting,0,0,,,,
Sacramento,painting_exterior,service,painting services,20,19.41,MEDIUM,46,7.93,20.43
Sacramento,painting_exterior,service,local painting services,10,0,,,,
Sacramento,painting_exterior,residential,professional house painter,10,0,LOW,0,,
Sacramento,painting_exterior,provider,house painting contractors,10,0,,,,
Sacramento,painting_exterior,provider,professional painting contractors,10,0,LOW,0,,
Sacramento,painting_exterior,provider,local painting contractors,10,0,,,,
Sacramento,painting_exterior,provider,house exterior painting contractor,10,0,MEDIUM,43,,
Sacramento,painting_exterior,service,exterior painting professional,10,0,LOW,11,,
Sacramento,painting_exterior,provider,professional house painting contractor,10,0,LOW,0,,
Sacramento,painting_exterior,provider,professional house painting contractors,10,0,LOW,0,,
Sacramento,painting_exterior,residential,professional exterior house painters,10,0,,,,
Sacramento,painting_exterior,residential,professional home painters,10,0,,,,
Sacramento,painting_exterior,residential,professional residential painters,0,0,,,,
Sacramento,floristry,occasion,valentines flowers,720,0,LOW,0,,
Sacramento,floristry,arrangements,flower bouquet,480,1.22,HIGH,99,1.1,4.18
Sacramento,floristry,sympathy,funeral flowers,210,2.9,HIGH,100,1.17,3.33
Sacramento,floristry,sympathy,funeral flower arrangements,140,2.01,HIGH,100,1.06,2.81
Sacramento,floristry,arrangements,flower bouquet near me,90,1.55,HIGH,99,1.02,2.56
Sacramento,floristry,delivery,flower delivery service,40,9.07,HIGH,99,2.81,8.78
Sacramento,floristry,wedding_event,boutonniere wedding,50,0,MEDIUM,60,,
Sacramento,floristry,delivery,flower delivery services online,30,0,LOW,0,,
Sacramento,floristry,delivery,online flower delivery,20,7.3,HIGH,100,3.66,6.15
Sacramento,floristry,delivery,cheap flower delivery,30,4.25,HIGH,100,2.21,5.6
Sacramento,floristry,core,same day flowers,20,11.74,HIGH,83,2.49,8.17
Sacramento,floristry,delivery,deliver flowers,880,9.61,HIGH,100,3.44,8.18
Sacramento,floristry,delivery,send flowers online,20,9.24,HIGH,100,4.01,8.15
Sacramento,floristry,sympathy,funeral flowers delivery,20,0,HIGH,100,,
Sacramento,floristry,wedding_event,corsage flower,30,0,MEDIUM,41,,
Sacramento,floristry,occasion,mother's day flower delivery,20,0,LOW,0,,
Sacramento,floristry,delivery,best flower delivery,10,8.19,HIGH,100,3.43,8.75
Sacramento,floristry,delivery,flower bouquet delivery,20,6.86,HIGH,100,2.04,4.39
Sacramento,floristry,wedding_event,wedding flower bouquets,20,0,HIGH,67,,
Sacramento,floristry,delivery,flower delivery today,10,15.12,HIGH,100,2.2,10.36
Sacramento,floristry,delivery,local flower delivery,10,6.66,HIGH,93,2.61,7.13
Sacramento,floristry,delivery,fresh flower delivery,20,2.95,MEDIUM,51,1.31,2.53
Sacramento,floristry,sympathy,sympathy flowers delivery,10,8.08,HIGH,100,2.33,7.31
Sacramento,floristry,delivery,best online flower delivery,10,6.54,HIGH,99,3.67,6.58
Sacramento,floristry,occasion,valentines flower bouquet,20,0,MEDIUM,57,,
Sacramento,floristry,occasion,mother's day flowers delivery,20,0,LOW,0,,
Sacramento,floristry,arrangements,fresh flower bouquet,10,2.84,HIGH,100,1.98,6
Sacramento,floristry,wedding_event,rose bridal bouquet,10,0,HIGH,100,,
Sacramento,floristry,delivery,flower delivery same day,260,12.9,HIGH,98,4.46,10.23
Sacramento,floristry,delivery,best flower delivery services,10,9.49,HIGH,100,2.91,6.46
Sacramento,floristry,arrangements,custom flower bouquet,10,0,HIGH,100,,
Sacramento,floristry,sympathy,sympathy flower arrangements,10,0,HIGH,100,,
Sacramento,floristry,core,florist flowers,10,0,MEDIUM,50,,
Sacramento,floristry,wedding_event,bridal bouquet fresh flowers,10,0,LOW,0,,
Sacramento,floristry,wedding_event,wedding flowers delivery,10,0,LOW,0,,
Sacramento,floristry,delivery,same day flower delivery service,10,0,,,,
Sacramento,floristry,delivery,same day flower delivery services,10,0,,,,
Sacramento,floristry,delivery,cheap same day flower delivery,10,0,HIGH,100,,
Sacramento,floristry,wedding_event,bridal bouquet flowers,10,0.54,HIGH,100,,
Sacramento,floristry,wedding_event,wedding bridal bouquet,10,0,HIGH,71,,
Sacramento,floristry,delivery,best same day flower delivery,10,0,HIGH,100,,
Sacramento,floristry,sympathy,sympathy flowers same day delivery,10,0,,,,
Sacramento,floristry,sympathy,funeral flowers same day delivery,10,0,,,,
Sacramento,floristry,delivery,flower bouquet delivery same day,10,0,,,,
Sacramento,floristry,delivery,same day delivery flower bouquet,10,0,,,,
Sacramento,floristry,delivery,local flower delivery same day,10,0,,,,
Sacramento,floristry,delivery,florist flower delivery,10,0,,,,
Sacramento,floristry,delivery,online flower bouquet delivery,10,0,,,,
Sacramento,floristry,delivery,send flowers online same day,10,4.35,MEDIUM,50,,
Sacramento,floristry,delivery,flower bouquet same day delivery,10,0,,,,
San Diego,water_heater,replacement,water heater replacement,320,18.39,MEDIUM,56,14.82,65
San Diego,water_heater,replacement,water heater replacement near me,110,16.63,LOW,21,20.52,65
San Diego,water_heater,replacement,replace water heater,320,18.39,MEDIUM,56,14.82,65
San Diego,water_heater,replacement,replace water heater near me,110,16.63,LOW,21,20.52,65
San Diego,water_heater,replacement,water heater replacement service,10,0,MEDIUM,64,,
San Diego,water_heater,replacement,water heater replacement services,10,0,MEDIUM,64,,
San Diego,water_heater,replacement,water heater replacement company,10,0,LOW,0,,
San Diego,water_heater,replacement,water heater replacement contractor,10,0,,,,
San Diego,water_heater,replacement,water heater replacement contractors,10,0,,,,
San Diego,water_heater,replacement,water heater replacement installer,0,0,,,,
San Diego,water_heater,replacement,water heater replacement installers,0,0,,,,
San Diego,water_heater,replacement,local water heater replacement,10,0,,,,
San Diego,water_heater,replacement,professional water heater replacement,0,0,,,,
San Diego,water_heater,replacement,residential water heater replacement,10,0,,,,
San Diego,water_heater,replacement,home water heater replacement,10,0,,,,
San Diego,water_heater,replacement,hot water heater replacement,110,22.52,MEDIUM,42,20.85,67.45
San Diego,water_heater,replacement,hot water heater replacement near me,10,77.97,MEDIUM,50,,
San Diego,water_heater,replacement,water heater change out,10,0,,,,
San Diego,water_heater,replacement,water heater changeout,0,0,,,,
San Diego,water_heater,replacement,water heater swap,0,0,,,,
San Diego,water_heater,installation,water heater installation,260,27.52,LOW,19,8.33,49.78
San Diego,water_heater,installation,water heater installation near me,110,49.99,LOW,4,,
San Diego,water_heater,installation,water heater installation service,10,0,LOW,24,,
San Diego,water_heater,installation,water heater installation services,10,0,LOW,24,,
San Diego,water_heater,installation,water heater installation company,10,0,LOW,0,,
San Diego,water_heater,installation,water heater installation contractor,10,0,LOW,0,,
San Diego,water_heater,installation,water heater installation contractors,10,0,LOW,0,,
San Diego,water_heater,installation,water heater installer,260,27.52,LOW,19,8.33,49.78
San Diego,water_heater,installation,water heater installers,260,27.52,LOW,19,8.33,49.78
San Diego,water_heater,installation,water heater installer near me,110,49.99,LOW,4,,
San Diego,water_heater,installation,local water heater installer,0,0,,,,
San Diego,water_heater,installation,professional water heater installation,10,0,LOW,2,,
San Diego,water_heater,installation,residential water heater installation,10,0,,,,
San Diego,water_heater,installation,home water heater installation,10,0,,,,
San Diego,water_heater,installation,hot water heater installation,30,19.69,LOW,32,,
San Diego,water_heater,installation,hot water heater installer,30,19.69,LOW,32,,
San Diego,water_heater,cost,water heater replacement cost,260,11.61,HIGH,79,5.47,27.34
San Diego,water_heater,cost,cost to replace water heater,260,11.61,HIGH,79,5.47,27.34
San Diego,water_heater,cost,how much to replace water heater,40,4.83,MEDIUM,60,2.76,8.51
San Diego,water_heater,cost,water heater installation cost,70,33.25,MEDIUM,48,5.28,29.6
San Diego,water_heater,cost,cost to install water heater,70,33.25,MEDIUM,48,5.28,29.6
San Diego,water_heater,cost,water heater replacement estimate,10,0,,,,
San Diego,water_heater,cost,water heater installation estimate,10,3.04,HIGH,76,,
San Diego,water_heater,cost,water heater replacement quote,10,0,,,,
San Diego,water_heater,cost,water heater installation quote,10,0,,,,
San Diego,water_heater,cost,water heater replacement price,10,0,HIGH,100,,
San Diego,water_heater,cost,water heater installation price,10,3.04,HIGH,76,,
San Diego,water_heater,same_day,same day water heater replacement,10,0,,,,
San Diego,water_heater,same_day,same day water heater installation,10,0,MEDIUM,62,,
San Diego,water_heater,same_day,same day water heater installer,0,0,,,,
San Diego,water_heater,same_day,emergency water heater replacement,10,0,LOW,29,,
San Diego,water_heater,same_day,emergency water heater installation,10,0,,,,
San Diego,water_heater,same_day,urgent water heater replacement,0,0,,,,
San Diego,water_heater,same_day,24 hour water heater replacement,10,0,,,,
San Diego,water_heater,same_day,water heater replacement today,0,0,,,,
San Diego,water_heater,tank,tank water heater replacement,20,74.51,LOW,27,,
San Diego,water_heater,tank,tank water heater installation,10,0,,,,
San Diego,water_heater,tank,tank water heater installer,0,0,,,,
San Diego,water_heater,tank,storage tank water heater replacement,0,0,,,,
San Diego,water_heater,tank,standard water heater replacement,0,0,,,,
San Diego,water_heater,tank,conventional water heater replacement,0,0,,,,
San Diego,water_heater,tankless,tankless water heater replacement,20,0,LOW,30,6.49,29.13
San Diego,water_heater,tankless,tankless water heater replacement near me,10,0,,,,
San Diego,water_heater,tankless,tankless water heater installation,320,25.32,LOW,25,6.25,46.54
San Diego,water_heater,tankless,tankless water heater installation near me,110,51.18,MEDIUM,35,33,81.1
San Diego,water_heater,tankless,tankless water heater installer,320,25.32,LOW,25,6.25,46.54
San Diego,water_heater,tankless,tankless water heater installer near me,110,51.18,MEDIUM,35,33,81.1
San Diego,water_heater,tankless,tankless water heater installation cost,210,11.68,LOW,25,2.83,25.6
San Diego,water_heater,tankless,cost to install tankless water heater,210,11.68,LOW,25,2.83,25.6
San Diego,water_heater,tankless,cost to replace tankless water heater,210,11.68,LOW,25,2.83,25.6
San Diego,water_heater,gas,gas water heater replacement,10,0,HIGH,100,,
San Diego,water_heater,gas,gas water heater replacement near me,10,0,,,,
San Diego,water_heater,gas,gas water heater installation,30,61.7,LOW,30,12.2,62.89
San Diego,water_heater,gas,gas water heater installer,30,61.7,LOW,30,12.2,62.89
San Diego,water_heater,gas,gas water heater installation cost,10,12.76,MEDIUM,66,,
San Diego,water_heater,gas,cost to replace gas water heater,10,0,,,,
San Diego,water_heater,electric,electric water heater replacement,10,0,LOW,17,,
San Diego,water_heater,electric,electric water heater replacement near me,10,0,,,,
San Diego,water_heater,electric,electric water heater installation,30,0,LOW,16,,
San Diego,water_heater,electric,electric water heater installer,30,0,LOW,16,,
San Diego,water_heater,electric,electric water heater installation cost,10,6.95,MEDIUM,66,3.05,7.74
San Diego,water_heater,electric,cost to replace electric water heater,10,0,LOW,29,,
San Diego,water_heater,heat_pump,heat pump water heater replacement,10,0,,,,
San Diego,water_heater,heat_pump,heat pump water heater installation,70,0,LOW,9,,
San Diego,water_heater,heat_pump,heat pump water heater installer,70,0,LOW,9,,
San Diego,water_heater,heat_pump,heat pump water heater installation near me,10,0,,,,
San Diego,water_heater,heat_pump,heat pump water heater installation cost,20,22.47,LOW,13,,
San Diego,water_heater,heat_pump,hybrid water heater replacement,0,0,,,,
San Diego,water_heater,heat_pump,hybrid water heater installation,10,0,,,,
San Diego,water_heater,heat_pump,hybrid water heater installer,10,0,,,,
San Diego,water_heater,conversion,tank to tankless water heater conversion,10,0,,,,
San Diego,water_heater,conversion,convert tank water heater to tankless,10,0,,,,
San Diego,water_heater,conversion,gas to electric water heater conversion,10,0,,,,
San Diego,water_heater,conversion,electric to gas water heater conversion,10,0,,,,
San Diego,water_heater,problem,replace leaking water heater,0,0,,,,
San Diego,water_heater,problem,leaking water heater replacement,0,0,,,,
San Diego,water_heater,problem,replace broken water heater,0,0,,,,
San Diego,water_heater,problem,broken water heater replacement,0,0,,,,
San Diego,water_heater,problem,no hot water water heater replacement,0,0,,,,
San Diego,painting_interior,core,interior painters,10,9.86,LOW,33,,
San Diego,painting_interior,core,interior painter,10,9.86,LOW,33,,
San Diego,painting_interior,core,interior painters near me,20,5.36,HIGH,71,18.58,31.71
San Diego,painting_interior,core,interior house painters,10,9.86,LOW,33,,
San Diego,painting_interior,core,interior house painter,10,0,HIGH,100,,
San Diego,painting_interior,core,interior home painters,10,0,,,,
San Diego,painting_interior,core,interior wall painters,0,0,,,,
San Diego,painting_interior,core,inside house painters,10,0,,,,
San Diego,painting_interior,core,indoor house painters,0,0,,,,
San Diego,painting_interior,service,interior painting,10,9.86,LOW,33,,
San Diego,painting_interior,service,interior house painting,10,0,HIGH,100,,
San Diego,painting_interior,service,interior home painting,10,0,,,,
San Diego,painting_interior,service,interior wall painting,20,0.14,HIGH,91,0.2,14.33
San Diego,painting_interior,service,interior painting services,30,0,LOW,5,,
San Diego,painting_interior,service,interior house painting services,10,0,LOW,7,,
San Diego,painting_interior,service,interior wall painting services,0,0,,,,
San Diego,painting_interior,service,residential interior painting,10,0,HIGH,100,,
San Diego,painting_interior,service,residential interior painting services,0,0,,,,
San Diego,painting_interior,provider,interior painting company,10,0,MEDIUM,50,,
San Diego,painting_interior,provider,interior painting companies,10,0,MEDIUM,50,,
San Diego,painting_interior,provider,interior painting company near me,10,0,,,,
San Diego,painting_interior,provider,interior painting contractor,70,0,LOW,6,,
San Diego,painting_interior,provider,interior painting contractors,70,0,LOW,6,,
San Diego,painting_interior,provider,interior painting contractors near me,10,0,LOW,0,,
San Diego,painting_interior,provider,interior wall painting contractors,10,0,LOW,0,,
San Diego,painting_interior,provider,local interior painters,10,0,,,,
San Diego,painting_interior,provider,professional interior painters,10,0,LOW,21,,
San Diego,painting_interior,provider,professional interior painting,10,0,LOW,21,,
San Diego,painting_interior,cost,interior painting cost,20,42.64,MEDIUM,37,4.54,20.87
San Diego,painting_interior,cost,interior house painting cost,10,0,LOW,7,13.43,45.08
San Diego,painting_interior,cost,cost to paint house interior,10,0,LOW,7,13.43,45.08
San Diego,painting_interior,cost,cost to paint interior walls,10,0,,,,
San Diego,painting_interior,cost,interior painting estimate,10,0,,,,
San Diego,painting_interior,cost,interior painting quote,10,2.64,HIGH,86,,
San Diego,painting_interior,cost,interior house painting estimate,10,0,HIGH,86,,
San Diego,painting_interior,cost,interior house painting quote,0,0,,,,
San Diego,painting_interior,cost,interior painter cost,20,42.64,MEDIUM,37,4.54,20.87
San Diego,painting_interior,cost,interior painting prices,20,42.64,MEDIUM,37,4.54,20.87
San Diego,painting_interior,rooms,whole house interior painting,10,0,,,,
San Diego,painting_interior,rooms,home interior wall painting,0,0,,,,
San Diego,painting_interior,rooms,room painting services,0,0,,,,
San Diego,painting_interior,rooms,living room painters,0,0,,,,
San Diego,painting_interior,rooms,bedroom painters,0,0,,,,
San Diego,painting_interior,rooms,kitchen painters,10,0,,,,
San Diego,painting_interior,rooms,bathroom painters,10,0,,,,
San Diego,painting_interior,rooms,ceiling painters,10,0,HIGH,100,,
San Diego,painting_interior,rooms,ceiling painting services,10,0,,,,
San Diego,painting_interior,rooms,trim painting services,10,0,,,,
San Diego,painting_interior,rooms,baseboard painting services,0,0,,,,
San Diego,painting_interior,rooms,cabinet painting services,10,0,LOW,0,,
San Diego,painting_exterior,core,exterior painters,10,42.25,LOW,1,,
San Diego,painting_exterior,core,exterior painter,10,42.25,LOW,1,,
San Diego,painting_exterior,core,exterior painters near me,10,15.73,HIGH,75,21.2,55.46
San Diego,painting_exterior,core,exterior house painters,10,0,HIGH,73,,
San Diego,painting_exterior,core,exterior house painter,10,0,HIGH,73,,
San Diego,painting_exterior,core,exterior home painters,0,0,,,,
San Diego,painting_exterior,core,outside house painters,10,0,HIGH,73,,
San Diego,painting_exterior,service,exterior painting,10,42.25,LOW,1,,
San Diego,painting_exterior,service,exterior house painting,10,0,HIGH,73,,
San Diego,painting_exterior,service,exterior home painting,0,0,,,,
San Diego,painting_exterior,service,exterior wall painting,10,0,,,,
San Diego,painting_exterior,service,exterior painting services,10,0,LOW,0,,
San Diego,painting_exterior,service,exterior house painting services,10,9.19,LOW,16,,
San Diego,painting_exterior,service,residential exterior painting,10,0,LOW,0,,
San Diego,painting_exterior,service,residential exterior painting services,0,0,,,,
San Diego,painting_exterior,provider,exterior painting company,10,0,MEDIUM,33,,
San Diego,painting_exterior,provider,exterior painting companies,10,0,MEDIUM,33,,
San Diego,painting_exterior,provider,exterior painting company near me,50,29.21,LOW,23,,
San Diego,painting_exterior,provider,exterior painting contractor,70,50.06,LOW,14,,
San Diego,painting_exterior,provider,exterior painting contractors,70,50.06,LOW,14,,
San Diego,painting_exterior,provider,exterior painting contractors near me,50,29.21,LOW,23,,
San Diego,painting_exterior,provider,local exterior painters,10,0,,,,
San Diego,painting_exterior,provider,professional exterior painters,0,0,,,,
San Diego,painting_exterior,provider,professional exterior painting,0,0,,,,
San Diego,painting_exterior,cost,exterior painting cost,10,7.87,MEDIUM,52,4.23,10.91
San Diego,painting_exterior,cost,exterior house painting cost,10,26.54,LOW,30,5,14.28
San Diego,painting_exterior,cost,cost to paint house exterior,10,26.54,LOW,30,5,14.28
San Diego,painting_exterior,cost,cost to paint exterior walls,10,0,,,,
San Diego,painting_exterior,cost,exterior painting estimate,10,21.96,HIGH,86,,
San Diego,painting_exterior,cost,exterior painting quote,10,0,LOW,12,,
San Diego,painting_exterior,cost,exterior house painting estimate,10,0,,,,
San Diego,painting_exterior,cost,exterior house painting quote,10,0,LOW,12,,
San Diego,painting_exterior,cost,exterior painter cost,10,7.87,MEDIUM,52,4.23,10.91
San Diego,painting_exterior,cost,exterior painting prices,10,7.87,MEDIUM,52,4.23,10.91
San Diego,painting_exterior,surface,stucco painting,40,5.07,HIGH,100,0.38,9.35
San Diego,painting_exterior,surface,stucco painters,40,5.07,HIGH,100,0.38,9.35
San Diego,painting_exterior,surface,stucco painting services,10,0,,,,
San Diego,painting_exterior,surface,brick house painting,10,0,LOW,0,,
San Diego,painting_exterior,surface,siding painting,10,0,MEDIUM,43,,
San Diego,painting_exterior,surface,siding painters,0,0,,,,
San Diego,painting_exterior,surface,wood siding painting,10,0,MEDIUM,43,,
San Diego,painting_exterior,surface,house trim painting,10,0,,,,
San Diego,painting_exterior,surface,front door painting service,10,0,,,,
San Diego,painting_exterior,surface,garage door painting service,10,0,LOW,0,,
San Diego,painting_general,core,house painters,50,80.37,MEDIUM,56,11.15,33.68
San Diego,painting_general,core,house painter,50,80.37,MEDIUM,56,11.15,33.68
San Diego,painting_general,core,house painters near me,590,22.92,MEDIUM,67,10.6,39.85
San Diego,painting_general,core,home painters,10,72.73,HIGH,100,,
San Diego,painting_general,core,residential painters,10,17.07,HIGH,74,9.63,39.77
San Diego,painting_general,core,residential painters near me,10,0,MEDIUM,60,,
San Diego,painting_general,service,house painting,50,4.64,HIGH,79,0.62,15.46
San Diego,painting_general,service,house painting services,10,63.83,MEDIUM,64,,
San Diego,painting_general,service,home painting services,10,63.83,MEDIUM,64,,
San Diego,painting_general,service,residential painting,10,17.07,HIGH,74,9.63,39.77
San Diego,painting_general,service,residential painting services,10,0,LOW,0,,
San Diego,painting_general,provider,painting company,140,4.22,LOW,32,2.96,19.23
San Diego,painting_general,provider,painting companies,140,4.22,LOW,32,2.96,19.23
San Diego,painting_general,provider,painting company near me,320,11.33,MEDIUM,57,8.7,34.42
San Diego,painting_general,provider,painting contractor,90,0,MEDIUM,37,8.11,24.81
San Diego,painting_general,provider,painting contractors,90,0,MEDIUM,37,8.11,24.81
San Diego,painting_general,provider,painting contractors near me,50,90.35,MEDIUM,44,26.41,41.4
San Diego,painting_general,provider,local painting company,10,0,,,,
San Diego,painting_general,provider,local house painters,10,0,HIGH,75,,
San Diego,painting_general,provider,professional house painters,10,0,MEDIUM,43,,
San Diego,painting_general,cost,house painting cost,20,24.45,MEDIUM,38,1.83,11.5
San Diego,painting_general,cost,cost to paint a house,20,24.45,MEDIUM,38,1.83,11.5
San Diego,painting_general,cost,house painting estimate,10,54.18,HIGH,79,,
San Diego,painting_general,cost,house painting quote,10,0,,,,
San Diego,painting_general,cost,painting estimate,10,5.79,HIGH,71,,
San Diego,painting_general,cost,painting quote,10,21.51,LOW,30,,
San Diego,painting_general,cost,free painting estimate,10,0,,,,
San Diego,wallpaper,core,wallpaper installer,70,12.78,MEDIUM,53,8.06,15.26
San Diego,wallpaper,core,wallpaper installers,70,12.78,MEDIUM,53,8.06,15.26
San Diego,wallpaper,core,wallpaper installer near me,40,8.27,HIGH,72,4.8,20.78
San Diego,wallpaper,core,wallpaper installation,70,12.78,MEDIUM,53,8.06,15.26
San Diego,wallpaper,core,wallpaper installation near me,40,8.27,HIGH,72,4.8,20.78
San Diego,wallpaper,core,wallpaper installation service,10,0,,,,
San Diego,wallpaper,core,wallpaper installation services,10,0,,,,
San Diego,wallpaper,core,wallpaper hanging,10,0,MEDIUM,46,,
San Diego,wallpaper,core,wallpaper hanging near me,10,0,HIGH,100,,
San Diego,wallpaper,core,wallpaper hanging service,10,0,,,,
San Diego,wallpaper,core,wallpaper hanging services,10,0,,,,
San Diego,wallpaper,core,wallpaper hanger,10,0,MEDIUM,46,,
San Diego,wallpaper,core,wallpaper hangers,10,0,MEDIUM,46,,
San Diego,wallpaper,core,wallpaper hanger near me,10,0,HIGH,100,,
San Diego,wallpaper,provider,wallpaper installation company,10,16.08,HIGH,69,,
San Diego,wallpaper,provider,wallpaper installation contractor,0,0,,,,
San Diego,wallpaper,provider,wallpaper installation contractors,0,0,,,,
San Diego,wallpaper,provider,professional wallpaper installer,10,12.59,HIGH,100,,
San Diego,wallpaper,provider,professional wallpaper installer near me,10,0,,,,
San Diego,wallpaper,provider,professional wallpaper installation,10,12.59,HIGH,100,,
San Diego,wallpaper,provider,professional wallpaper hanging,10,0,,,,
San Diego,wallpaper,provider,local wallpaper installer,0,0,,,,
San Diego,wallpaper,provider,hire wallpaper installer,0,0,,,,
San Diego,wallpaper,cost,wallpaper installer cost,10,0,MEDIUM,41,,
San Diego,wallpaper,cost,wallpaper installation cost,10,0,MEDIUM,41,,
San Diego,wallpaper,cost,cost to install wallpaper,10,0,MEDIUM,41,,
San Diego,wallpaper,cost,wallpaper hanging cost,0,0,,,,
San Diego,wallpaper,cost,cost to hang wallpaper,0,0,,,,
San Diego,wallpaper,cost,wallpaper installation estimate,0,0,,,,
San Diego,wallpaper,cost,wallpaper installation quote,0,0,,,,
San Diego,wallpaper,cost,wallpaper installer prices,0,0,,,,
San Diego,wallpaper,cost,professional wallpaper installer cost,10,0,,,,
San Diego,wallpaper,type,peel and stick wallpaper installer,10,0,LOW,0,,
San Diego,wallpaper,type,peel and stick wallpaper installation,10,0,LOW,0,,
San Diego,wallpaper,type,mural wallpaper installer,0,0,,,,
San Diego,wallpaper,type,wall mural installation,10,0,,,,
San Diego,wallpaper,type,grasscloth wallpaper installer,0,0,,,,
San Diego,wallpaper,type,grasscloth wallpaper installation,10,0,,,,
San Diego,wallpaper,type,textured wallpaper installation,0,0,,,,
San Diego,wallpaper,type,vinyl wallpaper installation,10,0,HIGH,86,,
San Diego,wallpaper,type,custom wallpaper installation,10,0,,,,
San Diego,wallpaper,type,residential wallpaper installation,0,0,,,,
San Diego,floristry,occasion,birthday flowers,590,1.1,HIGH,100,1.17,3.91
San Diego,floristry,delivery,flower delivery,2400,10.23,HIGH,100,3.76,9.26
San Diego,floristry,core,flowers,12100,4.9,HIGH,100,3.05,7.94
San Diego,floristry,custom,personalized bouquets from local florists,0,0,,,,
San Diego,floristry,roses,rose bouquets,260,1.49,HIGH,99,0.88,2.93
San Diego,floristry,delivery,same day flower delivery,590,10.55,HIGH,86,4.53,11.75
San Diego,floristry,occasion,sympathy flowers,140,4.3,HIGH,100,1.93,6.2
San Diego,floristry,wedding,wedding flowers,170,0.97,HIGH,100,1.14,3.58
San Diego,floristry,occasion,anniversary flowers,30,13.17,HIGH,100,2.53,4.75
San Diego,floristry,occasion,apology flowers,10,5.48,HIGH,91,1.29,3.04
San Diego,floristry,wedding,bridal bouquets,140,0.49,HIGH,100,0.78,2.07
San Diego,floristry,occasion,congratulations flowers,20,0.91,HIGH,71,0.96,2.02
San Diego,floristry,corporate,corporate flowers,10,0,,,,
San Diego,floristry,custom,custom bouquets,20,1.82,HIGH,99,0.69,1.72
San Diego,floristry,event,event flower arrangements,10,0,LOW,0,,
San Diego,floristry,wedding,flowers for newlyweds,10,0,,,,
San Diego,floristry,occasion,get well flowers,20,4.41,HIGH,100,1.91,4.22
San Diego,floristry,occasion,housewarming flowers,10,0,,,,
San Diego,floristry,occasion,just because flowers,10,0,LOW,14,,
San Diego,floristry,luxury,luxury bouquets,20,0,HIGH,100,,
San Diego,floristry,occasion,new baby flowers,10,0,HIGH,86,,
San Diego,floristry,occasion,romantic flowers,10,0,HIGH,90,,
San Diego,floristry,occasion,thank you flowers,30,0,HIGH,100,,
San Diego,floristry,wedding,bridal bouquet,140,0.49,HIGH,100,0.78,2.07
San Diego,floristry,event,event flowers,10,3.13,HIGH,71,,
San Diego,floristry,event,floral centerpieces,20,0.43,HIGH,100,,
San Diego,floristry,core,florist,1600,4.48,MEDIUM,49,2.08,6.65
San Diego,floristry,event,flower centerpieces,20,0.35,HIGH,100,,
San Diego,floristry,core,flower shop,1900,2.24,MEDIUM,54,1.16,3.97
San Diego,floristry,core,local florist,20,5.98,MEDIUM,52,2.32,6.91
San Diego,floristry,custom,personalized bouquets,20,1.82,HIGH,99,0.69,1.72
San Diego,floristry,roses,rose bouquet,260,1.49,HIGH,99,0.88,2.93
San Diego,floristry,roses,roses,4400,0.91,HIGH,75,0.83,3.9
San Diego,floristry,delivery,send flowers,320,9.05,HIGH,100,3.37,8.54
San Diego,floristry,event,table flower arrangements,10,0,HIGH,100,,
San Diego,floristry,wedding,wedding gift flowers,10,0.02,HIGH,100,,
San Diego,water_heater,tankless,tankless water heater cost,210,4.55,HIGH,93,0.42,6.18
San Diego,water_heater,cost,water heater cost,70,4.39,MEDIUM,49,2.57,12.58
San Diego,water_heater,cost,hot water heater replacement cost,20,13.24,MEDIUM,58,4.49,26.44
San Diego,water_heater,cost,hot water heater cost,20,4.26,HIGH,79,2.43,6.98
San Diego,water_heater,tankless,tankless water heater installation gas,30,0,LOW,17,,
San Diego,water_heater,installation,tank water heater install,10,0,,,,
San Diego,water_heater,replacement,water heater service,50,82.75,LOW,18,41.73,100
San Diego,water_heater,tankless,tankless electric water heater installation,30,0,LOW,8,,
San Diego,water_heater,tankless,tankless water heater replacement cost,210,11.68,LOW,25,2.83,25.6
San Diego,water_heater,tankless,tankless water heater price,20,4.01,MEDIUM,42,0.37,5.95
San Diego,water_heater,tankless,electric tankless water heater cost,20,11.87,HIGH,100,,
San Diego,water_heater,tankless,tankless water heater service,40,63,LOW,11,,
San Diego,water_heater,tankless,replace tankless water heater,20,0,LOW,30,6.49,29.13
San Diego,water_heater,cost,hot water heater installation cost,10,13.1,MEDIUM,64,1.98,7.94
San Diego,water_heater,electric,electric water heater cost,10,0,LOW,29,,
San Diego,water_heater,electric,electric water heater replacement cost,10,0,LOW,29,,
San Diego,water_heater,gas,gas water heater cost,10,0,HIGH,71,,
San Diego,water_heater,heat_pump,heat pump water heater cost,10,0,LOW,14,,
San Diego,water_heater,tankless,propane tankless water heater installation,10,0,,,,
San Diego,water_heater,tankless,tankless water heater installation services,10,0,LOW,14,,
San Diego,water_heater,tankless,tankless gas water heater cost,10,23.03,HIGH,71,0.38,10.86
San Diego,water_heater,tankless,gas tankless water heater cost,10,23.03,HIGH,71,0.38,10.86
San Diego,water_heater,gas,gas hot water heater cost,10,0,,,,
San Diego,water_heater,electric,electric hot water heater installation cost,10,0,,,,
San Diego,water_heater,gas,gas hot water heater installation,10,0,,,,
San Diego,water_heater,electric,electric hot water heater installation,10,0,LOW,0,,
San Diego,water_heater,tankless,natural gas tankless water heater installation,10,0,LOW,0,,
San Diego,water_heater,tankless,gas tankless hot water heater installation,10,0,,,,
San Diego,water_heater,electric,hot water heater installation electric,10,0,LOW,0,,
San Diego,water_heater,tankless,tankless water heater company,10,0,HIGH,100,,
San Diego,water_heater,tankless,cost to install electric tankless hot water heater,10,0,,,,
San Diego,painting_interior,service,interior door painting services,10,0,LOW,4,,
San Diego,painting_interior,provider,house interior painting contractors,10,0,,,,
San Diego,painting_interior,provider,interior home painting company,10,0,LOW,0,,
San Diego,painting_interior,provider,interior house painting companies,10,0,LOW,0,,
San Diego,painting_interior,cost,interior house painting estimates,10,0,HIGH,86,,
San Diego,painting_interior,service,cheap interior painters,10,0,LOW,0,,
San Diego,painting_interior,provider,interior home painting contractors,0,0,,,,
San Diego,painting_interior,cost,interior home painting estimate,10,0,,,,
San Diego,painting_interior,service,home interior painting services,10,73.08,HIGH,100,,
San Diego,painting_interior,cost,interior painters quotes,10,2.64,HIGH,86,,
San Diego,painting_interior,service,residential house interior painting,0,0,,,,
San Diego,painting_exterior,service,painting services,30,5.85,MEDIUM,40,,
San Diego,painting_exterior,service,local painting services,0,0,,,,
San Diego,painting_exterior,residential,professional house painter,10,0,MEDIUM,43,,
San Diego,painting_exterior,provider,house painting contractors,10,0,LOW,0,,
San Diego,painting_exterior,provider,professional painting contractors,10,0,LOW,0,,
San Diego,painting_exterior,provider,local painting contractors,10,0,,,,
San Diego,painting_exterior,provider,house exterior painting contractor,10,0,LOW,0,,
San Diego,painting_exterior,service,exterior painting professional,10,0,LOW,0,,
San Diego,painting_exterior,provider,professional house painting contractor,10,0,LOW,0,,
San Diego,painting_exterior,provider,professional house painting contractors,10,0,LOW,0,,
San Diego,painting_exterior,residential,professional exterior house painters,0,0,,,,
San Diego,painting_exterior,residential,professional home painters,10,0,,,,
San Diego,painting_exterior,residential,professional residential painters,10,0,,,,
San Diego,floristry,occasion,valentines flowers,1300,0,HIGH,73,,
San Diego,floristry,arrangements,flower bouquet,720,1.18,HIGH,100,1.06,2.59
San Diego,floristry,sympathy,funeral flowers,320,3.09,HIGH,100,1.21,4.65
San Diego,floristry,sympathy,funeral flower arrangements,170,1.37,HIGH,100,0.85,2.91
San Diego,floristry,arrangements,flower bouquet near me,140,1.28,HIGH,100,0.95,2.82
San Diego,floristry,delivery,flower delivery service,110,8.09,HIGH,100,3.05,7.24
San Diego,floristry,wedding_event,boutonniere wedding,110,0.61,HIGH,86,,
San Diego,floristry,delivery,flower delivery services online,90,0,MEDIUM,63,,
San Diego,floristry,delivery,online flower delivery,70,8.86,HIGH,100,4.35,11.78
San Diego,floristry,delivery,cheap flower delivery,70,5.99,HIGH,100,1.57,5.69
San Diego,floristry,core,same day flowers,70,18.31,HIGH,95,6.73,12.7
San Diego,floristry,delivery,deliver flowers,2400,10.23,HIGH,100,3.76,9.26
San Diego,floristry,delivery,send flowers online,50,10,HIGH,100,3.47,8.21
San Diego,floristry,sympathy,funeral flowers delivery,40,3.03,HIGH,100,0.71,6.07
San Diego,floristry,wedding_event,corsage flower,50,1.31,MEDIUM,66,,
San Diego,floristry,occasion,mother's day flower delivery,70,0,HIGH,100,,
San Diego,floristry,delivery,best flower delivery,50,8.08,HIGH,100,3.08,9.39
San Diego,floristry,delivery,flower bouquet delivery,40,4.92,HIGH,100,2.21,8.15
San Diego,floristry,wedding_event,wedding flower bouquets,50,0.51,HIGH,94,,
San Diego,floristry,delivery,flower delivery today,30,15.12,HIGH,100,5.23,17.17
San Diego,floristry,delivery,local flower delivery,20,2.17,HIGH,100,1.88,8.02
San Diego,floristry,delivery,fresh flower delivery,40,6.59,HIGH,72,1.82,7.47
San Diego,floristry,sympathy,sympathy flowers delivery,30,6.04,HIGH,100,3.49,7.21
San Diego,floristry,delivery,best online flower delivery,20,6.06,HIGH,100,3.11,6.5
San Diego,floristry,occasion,valentines flower bouquet,30,0,LOW,0,,
San Diego,floristry,occasion,mother's day flowers delivery,70,0,HIGH,100,,
San Diego,floristry,arrangements,fresh flower bouquet,20,0,HIGH,90,,
San Diego,floristry,wedding_event,rose bridal bouquet,20,0.18,HIGH,87,,
San Diego,floristry,delivery,flower delivery same day,590,10.55,HIGH,86,4.53,11.75
San Diego,floristry,delivery,best flower delivery services,20,8.52,HIGH,100,3.65,9.68
San Diego,floristry,arrangements,custom flower bouquet,20,1.82,HIGH,99,0.69,1.72
San Diego,floristry,sympathy,sympathy flower arrangements,10,2.59,HIGH,83,,
San Diego,floristry,core,florist flowers,10,0.21,MEDIUM,63,,
San Diego,floristry,wedding_event,bridal bouquet fresh flowers,20,0,HIGH,80,,
San Diego,floristry,wedding_event,wedding flowers delivery,10,2.76,HIGH,100,,
San Diego,floristry,delivery,same day flower delivery service,10,0,,,,
San Diego,floristry,delivery,same day flower delivery services,10,0,,,,
San Diego,floristry,delivery,cheap same day flower delivery,10,3.04,HIGH,100,,
San Diego,floristry,wedding_event,bridal bouquet flowers,10,0.29,HIGH,100,,
San Diego,floristry,wedding_event,wedding bridal bouquet,10,0,HIGH,100,,
San Diego,floristry,delivery,best same day flower delivery,10,0,,,,
San Diego,floristry,sympathy,sympathy flowers same day delivery,10,0,,,,
San Diego,floristry,sympathy,funeral flowers same day delivery,10,0.66,HIGH,100,,
San Diego,floristry,delivery,flower bouquet delivery same day,10,9.61,HIGH,100,,
San Diego,floristry,delivery,same day delivery flower bouquet,10,9.61,HIGH,100,,
San Diego,floristry,delivery,local flower delivery same day,10,0,,,,
San Diego,floristry,delivery,florist flower delivery,10,0,,,,
San Diego,floristry,delivery,online flower bouquet delivery,10,0,,,,
San Diego,floristry,delivery,send flowers online same day,10,0,LOW,0,,
San Diego,floristry,delivery,flower bouquet same day delivery,10,0,,,,
San Jose,water_heater,replacement,water heater replacement,170,26.37,HIGH,96,15.59,58.93
San Jose,water_heater,replacement,water heater replacement near me,90,14.63,LOW,25,,
San Jose,water_heater,replacement,replace water heater,170,26.37,HIGH,96,15.59,58.93
San Jose,water_heater,replacement,replace water heater near me,90,14.63,LOW,25,,
San Jose,water_heater,replacement,water heater replacement service,10,0,LOW,29,,
San Jose,water_heater,replacement,water heater replacement services,10,0,LOW,29,,
San Jose,water_heater,replacement,water heater replacement company,10,0,LOW,0,,
San Jose,water_heater,replacement,water heater replacement contractor,10,0,LOW,0,,
San Jose,water_heater,replacement,water heater replacement contractors,10,0,LOW,0,,
San Jose,water_heater,replacement,water heater replacement installer,0,0,,,,
San Jose,water_heater,replacement,water heater replacement installers,0,0,,,,
San Jose,water_heater,replacement,local water heater replacement,10,0,,,,
San Jose,water_heater,replacement,professional water heater replacement,0,0,,,,
San Jose,water_heater,replacement,residential water heater replacement,10,0,,,,
San Jose,water_heater,replacement,home water heater replacement,10,0,,,,
San Jose,water_heater,replacement,hot water heater replacement,20,2.59,HIGH,95,7.88,54.24
San Jose,water_heater,replacement,hot water heater replacement near me,10,0,,,,
San Jose,water_heater,replacement,water heater change out,0,0,,,,
San Jose,water_heater,replacement,water heater changeout,0,0,,,,
San Jose,water_heater,replacement,water heater swap,0,0,,,,
San Jose,water_heater,installation,water heater installation,110,85.26,LOW,18,14.34,63.01
San Jose,water_heater,installation,water heater installation near me,70,60.56,LOW,7,,
San Jose,water_heater,installation,water heater installation service,10,0,LOW,0,,
San Jose,water_heater,installation,water heater installation services,10,0,LOW,0,,
San Jose,water_heater,installation,water heater installation company,10,0,,,,
San Jose,water_heater,installation,water heater installation contractor,10,0,HIGH,75,,
San Jose,water_heater,installation,water heater installation contractors,10,0,HIGH,75,,
San Jose,water_heater,installation,water heater installer,110,85.26,LOW,18,14.34,63.01
San Jose,water_heater,installation,water heater installers,110,85.26,LOW,18,14.34,63.01
San Jose,water_heater,installation,water heater installer near me,70,60.56,LOW,7,,
San Jose,water_heater,installation,local water heater installer,0,0,,,,
San Jose,water_heater,installation,professional water heater installation,10,0,LOW,0,,
San Jose,water_heater,installation,residential water heater installation,10,0,LOW,0,,
San Jose,water_heater,installation,home water heater installation,0,0,,,,
San Jose,water_heater,installation,hot water heater installation,10,82.76,HIGH,100,,
San Jose,water_heater,installation,hot water heater installer,10,82.76,HIGH,100,,
San Jose,water_heater,cost,water heater replacement cost,210,20.39,HIGH,82,4.75,30.75
San Jose,water_heater,cost,cost to replace water heater,210,20.39,HIGH,82,4.75,30.75
San Jose,water_heater,cost,how much to replace water heater,20,7.56,MEDIUM,49,2.27,10.37
San Jose,water_heater,cost,water heater installation cost,40,7.24,MEDIUM,45,4.1,20.46
San Jose,water_heater,cost,cost to install water heater,40,7.24,MEDIUM,45,4.1,20.46
San Jose,water_heater,cost,water heater replacement estimate,10,0,,,,
San Jose,water_heater,cost,water heater installation estimate,10,0,HIGH,79,,
San Jose,water_heater,cost,water heater replacement quote,10,0,,,,
San Jose,water_heater,cost,water heater installation quote,10,0,,,,
San Jose,water_heater,cost,water heater replacement price,10,0,,,,
San Jose,water_heater,cost,water heater installation price,10,0,HIGH,79,,
San Jose,water_heater,same_day,same day water heater replacement,10,0,,,,
San Jose,water_heater,same_day,same day water heater installation,10,0,HIGH,86,,
San Jose,water_heater,same_day,same day water heater installer,0,0,,,,
San Jose,water_heater,same_day,emergency water heater replacement,10,0,,,,
San Jose,water_heater,same_day,emergency water heater installation,0,0,,,,
San Jose,water_heater,same_day,urgent water heater replacement,0,0,,,,
San Jose,water_heater,same_day,24 hour water heater replacement,0,0,,,,
San Jose,water_heater,same_day,water heater replacement today,0,0,,,,
San Jose,water_heater,tank,tank water heater replacement,10,14.19,HIGH,100,,
San Jose,water_heater,tank,tank water heater installation,10,0,,,,
San Jose,water_heater,tank,tank water heater installer,0,0,,,,
San Jose,water_heater,tank,storage tank water heater replacement,0,0,,,,
San Jose,water_heater,tank,standard water heater replacement,0,0,,,,
San Jose,water_heater,tank,conventional water heater replacement,0,0,,,,
San Jose,water_heater,tankless,tankless water heater replacement,10,0,MEDIUM,45,,
San Jose,water_heater,tankless,tankless water heater replacement near me,10,0,LOW,0,,
San Jose,water_heater,tankless,tankless water heater installation,170,28.55,MEDIUM,40,6.46,30
San Jose,water_heater,tankless,tankless water heater installation near me,20,24.87,LOW,21,,
San Jose,water_heater,tankless,tankless water heater installer,170,28.55,MEDIUM,40,6.46,30
San Jose,water_heater,tankless,tankless water heater installer near me,20,24.87,LOW,21,,
San Jose,water_heater,tankless,tankless water heater installation cost,110,14.12,MEDIUM,43,3.56,24.95
San Jose,water_heater,tankless,cost to install tankless water heater,110,14.12,MEDIUM,43,3.56,24.95
San Jose,water_heater,tankless,cost to replace tankless water heater,110,14.12,MEDIUM,43,3.56,24.95
San Jose,water_heater,gas,gas water heater replacement,20,7.89,LOW,24,4.46,36.25
San Jose,water_heater,gas,gas water heater replacement near me,10,0,LOW,0,,
San Jose,water_heater,gas,gas water heater installation,20,0,LOW,19,,
San Jose,water_heater,gas,gas water heater installer,20,0,LOW,19,,
San Jose,water_heater,gas,gas water heater installation cost,10,9.39,MEDIUM,54,3.19,16.52
San Jose,water_heater,gas,cost to replace gas water heater,10,6.95,MEDIUM,52,,
San Jose,water_heater,electric,electric water heater replacement,10,0,LOW,0,,
San Jose,water_heater,electric,electric water heater replacement near me,0,0,,,,
San Jose,water_heater,electric,electric water heater installation,20,0,MEDIUM,34,,
San Jose,water_heater,electric,electric water heater installer,20,0,MEDIUM,34,,
San Jose,water_heater,electric,electric water heater installation cost,10,4.91,MEDIUM,49,1.81,10.16
San Jose,water_heater,electric,cost to replace electric water heater,10,0,HIGH,93,,
San Jose,water_heater,heat_pump,heat pump water heater replacement,10,0,,,,
San Jose,water_heater,heat_pump,heat pump water heater installation,90,0,LOW,11,,
San Jose,water_heater,heat_pump,heat pump water heater installer,90,0,LOW,11,,
San Jose,water_heater,heat_pump,heat pump water heater installation near me,10,0,,,,
San Jose,water_heater,heat_pump,heat pump water heater installation cost,40,0,LOW,27,1.18,15.6
San Jose,water_heater,heat_pump,hybrid water heater replacement,0,0,,,,
San Jose,water_heater,heat_pump,hybrid water heater installation,10,0,HIGH,86,,
San Jose,water_heater,heat_pump,hybrid water heater installer,10,0,HIGH,86,,
San Jose,water_heater,conversion,tank to tankless water heater conversion,10,0,HIGH,71,,
San Jose,water_heater,conversion,convert tank water heater to tankless,10,0,HIGH,71,,
San Jose,water_heater,conversion,gas to electric water heater conversion,10,0,,,,
San Jose,water_heater,conversion,electric to gas water heater conversion,10,0,,,,
San Jose,water_heater,problem,replace leaking water heater,0,0,,,,
San Jose,water_heater,problem,leaking water heater replacement,0,0,,,,
San Jose,water_heater,problem,replace broken water heater,0,0,,,,
San Jose,water_heater,problem,broken water heater replacement,10,0,,,,
San Jose,water_heater,problem,no hot water water heater replacement,0,0,,,,
San Jose,painting_interior,core,interior painters,70,11.98,LOW,30,6.44,34.07
San Jose,painting_interior,core,interior painter,70,11.98,LOW,30,6.44,34.07
San Jose,painting_interior,core,interior painters near me,90,0,HIGH,82,,
San Jose,painting_interior,core,interior house painters,70,11.98,LOW,30,6.44,34.07
San Jose,painting_interior,core,interior house painter,10,0,,,,
San Jose,painting_interior,core,interior home painters,10,0,,,,
San Jose,painting_interior,core,interior wall painters,0,0,,,,
San Jose,painting_interior,core,inside house painters,0,0,,,,
San Jose,painting_interior,core,indoor house painters,10,0,,,,
San Jose,painting_interior,service,interior painting,70,11.98,LOW,30,6.44,34.07
San Jose,painting_interior,service,interior house painting,10,0,,,,
San Jose,painting_interior,service,interior home painting,10,0,,,,
San Jose,painting_interior,service,interior wall painting,10,0,LOW,12,,
San Jose,painting_interior,service,interior painting services,20,0,LOW,0,,
San Jose,painting_interior,service,interior house painting services,10,0,LOW,0,,
San Jose,painting_interior,service,interior wall painting services,0,0,,,,
San Jose,painting_interior,service,residential interior painting,10,0,,,,
San Jose,painting_interior,service,residential interior painting services,10,0,LOW,0,,
San Jose,painting_interior,provider,interior painting company,10,0,LOW,0,,
San Jose,painting_interior,provider,interior painting companies,10,0,LOW,0,,
San Jose,painting_interior,provider,interior painting company near me,0,0,,,,
San Jose,painting_interior,provider,interior painting contractor,40,0,LOW,3,,
San Jose,painting_interior,provider,interior painting contractors,40,0,LOW,3,,
San Jose,painting_interior,provider,interior painting contractors near me,20,16.04,HIGH,67,7.17,26.14
San Jose,painting_interior,provider,interior wall painting contractors,10,0,,,,
San Jose,painting_interior,provider,local interior painters,10,0,,,,
San Jose,painting_interior,provider,professional interior painters,10,0,,,,
San Jose,painting_interior,provider,professional interior painting,10,0,,,,
San Jose,painting_interior,cost,interior painting cost,20,0,LOW,29,,
San Jose,painting_interior,cost,interior house painting cost,10,0,LOW,2,,
San Jose,painting_interior,cost,cost to paint house interior,10,0,LOW,2,,
San Jose,painting_interior,cost,cost to paint interior walls,10,0,,,,
San Jose,painting_interior,cost,interior painting estimate,10,0,MEDIUM,38,,
San Jose,painting_interior,cost,interior painting quote,10,0,,,,
San Jose,painting_interior,cost,interior house painting estimate,10,0,,,,
San Jose,painting_interior,cost,interior house painting quote,0,0,,,,
San Jose,painting_interior,cost,interior painter cost,20,0,LOW,29,,
San Jose,painting_interior,cost,interior painting prices,20,0,LOW,29,,
San Jose,painting_interior,rooms,whole house interior painting,0,0,,,,
San Jose,painting_interior,rooms,home interior wall painting,0,0,,,,
San Jose,painting_interior,rooms,room painting services,10,0,HIGH,100,,
San Jose,painting_interior,rooms,living room painters,0,0,,,,
San Jose,painting_interior,rooms,bedroom painters,0,0,,,,
San Jose,painting_interior,rooms,kitchen painters,10,21.5,HIGH,100,,
San Jose,painting_interior,rooms,bathroom painters,10,0,,,,
San Jose,painting_interior,rooms,ceiling painters,10,0,LOW,0,,
San Jose,painting_interior,rooms,ceiling painting services,10,0,LOW,0,,
San Jose,painting_interior,rooms,trim painting services,0,0,,,,
San Jose,painting_interior,rooms,baseboard painting services,0,0,,,,
San Jose,painting_interior,rooms,cabinet painting services,10,0,,,,
San Jose,painting_exterior,core,exterior painters,50,6.36,MEDIUM,45,,
San Jose,painting_exterior,core,exterior painter,50,6.36,MEDIUM,45,,
San Jose,painting_exterior,core,exterior painters near me,110,0,HIGH,89,,
San Jose,painting_exterior,core,exterior house painters,40,0,LOW,25,,
San Jose,painting_exterior,core,exterior house painter,40,0,LOW,25,,
San Jose,painting_exterior,core,exterior home painters,0,0,,,,
San Jose,painting_exterior,core,outside house painters,40,0,LOW,25,,
San Jose,painting_exterior,service,exterior painting,50,6.36,MEDIUM,45,,
San Jose,painting_exterior,service,exterior house painting,40,0,LOW,25,,
San Jose,painting_exterior,service,exterior home painting,0,0,,,,
San Jose,painting_exterior,service,exterior wall painting,10,0,LOW,16,,
San Jose,painting_exterior,service,exterior painting services,10,0,MEDIUM,40,,
San Jose,painting_exterior,service,exterior house painting services,10,0,LOW,11,,
San Jose,painting_exterior,service,residential exterior painting,10,0,,,,
San Jose,painting_exterior,service,residential exterior painting services,0,0,,,,
San Jose,painting_exterior,provider,exterior painting company,10,0,LOW,0,,
San Jose,painting_exterior,provider,exterior painting companies,10,0,LOW,0,,
San Jose,painting_exterior,provider,exterior painting company near me,110,11.38,MEDIUM,52,12.97,25.85
San Jose,painting_exterior,provider,exterior painting contractor,90,0,LOW,14,,
San Jose,painting_exterior,provider,exterior painting contractors,90,0,LOW,14,,
San Jose,painting_exterior,provider,exterior painting contractors near me,110,11.38,MEDIUM,52,12.97,25.85
San Jose,painting_exterior,provider,local exterior painters,0,0,,,,
San Jose,painting_exterior,provider,professional exterior painters,0,0,,,,
San Jose,painting_exterior,provider,professional exterior painting,0,0,,,,
San Jose,painting_exterior,cost,exterior painting cost,10,1.04,MEDIUM,50,,
San Jose,painting_exterior,cost,exterior house painting cost,10,3.33,LOW,14,,
San Jose,painting_exterior,cost,cost to paint house exterior,10,3.33,LOW,14,,
San Jose,painting_exterior,cost,cost to paint exterior walls,10,0,,,,
San Jose,painting_exterior,cost,exterior painting estimate,10,12.83,HIGH,95,,
San Jose,painting_exterior,cost,exterior painting quote,10,0,LOW,29,,
San Jose,painting_exterior,cost,exterior house painting estimate,10,0,,,,
San Jose,painting_exterior,cost,exterior house painting quote,10,0,LOW,29,,
San Jose,painting_exterior,cost,exterior painter cost,10,1.04,MEDIUM,50,,
San Jose,painting_exterior,cost,exterior painting prices,10,1.04,MEDIUM,50,,
San Jose,painting_exterior,surface,stucco painting,30,0.3,HIGH,78,,
San Jose,painting_exterior,surface,stucco painters,30,0.3,HIGH,78,,
San Jose,painting_exterior,surface,stucco painting services,10,0,,,,
San Jose,painting_exterior,surface,brick house painting,10,0,LOW,0,,
San Jose,painting_exterior,surface,siding painting,10,0,LOW,14,,
San Jose,painting_exterior,surface,siding painters,0,0,,,,
San Jose,painting_exterior,surface,wood siding painting,10,0,,,,
San Jose,painting_exterior,surface,house trim painting,10,0,HIGH,71,,
San Jose,painting_exterior,surface,front door painting service,10,0,,,,
San Jose,painting_exterior,surface,garage door painting service,10,0,LOW,0,,
San Jose,painting_general,core,house painters,50,24.38,LOW,15,,
San Jose,painting_general,core,house painter,50,24.38,LOW,15,,
San Jose,painting_general,core,house painters near me,260,7.86,MEDIUM,54,10.11,30.45
San Jose,painting_general,core,home painters,10,0,HIGH,86,,
San Jose,painting_general,core,residential painters,10,0,LOW,0,,
San Jose,painting_general,core,residential painters near me,20,0,MEDIUM,36,,
San Jose,painting_general,service,house painting,50,6.94,MEDIUM,60,1.21,11.02
San Jose,painting_general,service,house painting services,50,0,MEDIUM,38,,
San Jose,painting_general,service,home painting services,50,0,MEDIUM,38,,
San Jose,painting_general,service,residential painting,10,0,LOW,0,,
San Jose,painting_general,service,residential painting services,10,0,LOW,0,,
San Jose,painting_general,provider,painting company,110,3.42,MEDIUM,52,1.42,21.71
San Jose,painting_general,provider,painting companies,110,3.42,MEDIUM,52,1.42,21.71
San Jose,painting_general,provider,painting company near me,210,26.61,MEDIUM,55,7.15,27.49
San Jose,painting_general,provider,painting contractor,90,23.34,LOW,23,6.95,25.57
San Jose,painting_general,provider,painting contractors,90,23.34,LOW,23,6.95,25.57
San Jose,painting_general,provider,painting contractors near me,70,0.91,LOW,15,,
San Jose,painting_general,provider,local painting company,10,0,HIGH,100,,
San Jose,painting_general,provider,local house painters,30,0,HIGH,100,,
San Jose,painting_general,provider,professional house painters,20,0,LOW,14,,
San Jose,painting_general,cost,house painting cost,20,0,LOW,32,2.46,7.87
San Jose,painting_general,cost,cost to paint a house,20,0,LOW,32,2.46,7.87
San Jose,painting_general,cost,house painting estimate,10,0,,,,
San Jose,painting_general,cost,house painting quote,10,38.17,HIGH,86,,
San Jose,painting_general,cost,painting estimate,10,0,MEDIUM,43,,
San Jose,painting_general,cost,painting quote,10,0.02,HIGH,82,,
San Jose,painting_general,cost,free painting estimate,10,0,,,,
San Jose,wallpaper,core,wallpaper installer,30,11.52,HIGH,79,5.86,25.93
San Jose,wallpaper,core,wallpaper installers,30,11.52,HIGH,79,5.86,25.93
San Jose,wallpaper,core,wallpaper installer near me,20,0,HIGH,100,,
San Jose,wallpaper,core,wallpaper installation,30,11.52,HIGH,79,5.86,25.93
San Jose,wallpaper,core,wallpaper installation near me,20,0,HIGH,100,,
San Jose,wallpaper,core,wallpaper installation service,10,0,,,,
San Jose,wallpaper,core,wallpaper installation services,10,0,,,,
San Jose,wallpaper,core,wallpaper hanging,10,0,,,,
San Jose,wallpaper,core,wallpaper hanging near me,10,0,,,,
San Jose,wallpaper,core,wallpaper hanging service,10,0,,,,
San Jose,wallpaper,core,wallpaper hanging services,10,0,,,,
San Jose,wallpaper,core,wallpaper hanger,10,0,,,,
San Jose,wallpaper,core,wallpaper hangers,10,0,,,,
San Jose,wallpaper,core,wallpaper hanger near me,10,0,,,,
San Jose,wallpaper,provider,wallpaper installation company,10,0,LOW,0,,
San Jose,wallpaper,provider,wallpaper installation contractor,0,0,,,,
San Jose,wallpaper,provider,wallpaper installation contractors,0,0,,,,
San Jose,wallpaper,provider,professional wallpaper installer,10,0,LOW,0,,
San Jose,wallpaper,provider,professional wallpaper installer near me,10,0,,,,
San Jose,wallpaper,provider,professional wallpaper installation,10,0,LOW,0,,
San Jose,wallpaper,provider,professional wallpaper hanging,10,0,,,,
San Jose,wallpaper,provider,local wallpaper installer,0,0,,,,
San Jose,wallpaper,provider,hire wallpaper installer,10,0,,,,
San Jose,wallpaper,cost,wallpaper installer cost,10,0,MEDIUM,66,,
San Jose,wallpaper,cost,wallpaper installation cost,10,0,MEDIUM,66,,
San Jose,wallpaper,cost,cost to install wallpaper,10,0,MEDIUM,66,,
San Jose,wallpaper,cost,wallpaper hanging cost,0,0,,,,
San Jose,wallpaper,cost,cost to hang wallpaper,0,0,,,,
San Jose,wallpaper,cost,wallpaper installation estimate,0,0,,,,
San Jose,wallpaper,cost,wallpaper installation quote,0,0,,,,
San Jose,wallpaper,cost,wallpaper installer prices,0,0,,,,
San Jose,wallpaper,cost,professional wallpaper installer cost,0,0,,,,
San Jose,wallpaper,type,peel and stick wallpaper installer,10,0,,,,
San Jose,wallpaper,type,peel and stick wallpaper installation,10,0,,,,
San Jose,wallpaper,type,mural wallpaper installer,0,0,,,,
San Jose,wallpaper,type,wall mural installation,10,0,,,,
San Jose,wallpaper,type,grasscloth wallpaper installer,0,0,,,,
San Jose,wallpaper,type,grasscloth wallpaper installation,0,0,,,,
San Jose,wallpaper,type,textured wallpaper installation,0,0,,,,
San Jose,wallpaper,type,vinyl wallpaper installation,10,0,,,,
San Jose,wallpaper,type,custom wallpaper installation,0,0,,,,
San Jose,wallpaper,type,residential wallpaper installation,0,0,,,,
San Jose,floristry,occasion,birthday flowers,320,1.27,HIGH,100,1.32,5.46
San Jose,floristry,delivery,flower delivery,1000,8.92,HIGH,100,3.32,8.42
San Jose,floristry,core,flowers,6600,4.64,HIGH,99,2.88,7.73
San Jose,floristry,custom,personalized bouquets from local florists,0,0,,,,
San Jose,floristry,roses,rose bouquets,170,0.69,HIGH,97,0.73,2.38
San Jose,floristry,delivery,same day flower delivery,320,13.4,HIGH,77,4.24,11.5
San Jose,floristry,occasion,sympathy flowers,90,4.79,HIGH,100,2.02,5.13
San Jose,floristry,wedding,wedding flowers,140,0.97,HIGH,97,1.21,3.45
San Jose,floristry,occasion,anniversary flowers,30,5.01,HIGH,100,2.02,5.7
San Jose,floristry,occasion,apology flowers,20,0,LOW,3,,
San Jose,floristry,wedding,bridal bouquets,90,0.77,HIGH,100,0.7,2.39
San Jose,floristry,occasion,congratulations flowers,20,2.09,HIGH,100,,
San Jose,floristry,corporate,corporate flowers,10,0,,,,
San Jose,floristry,custom,custom bouquets,20,3.64,HIGH,100,,
San Jose,floristry,event,event flower arrangements,10,0,LOW,14,,
San Jose,floristry,wedding,flowers for newlyweds,10,0,,,,
San Jose,floristry,occasion,get well flowers,10,7.01,HIGH,100,3.02,7.59
San Jose,floristry,occasion,housewarming flowers,10,0,HIGH,83,,
San Jose,floristry,occasion,just because flowers,10,2.1,HIGH,100,,
San Jose,floristry,luxury,luxury bouquets,10,0,,,,
San Jose,floristry,occasion,new baby flowers,10,1.85,HIGH,100,,
San Jose,floristry,occasion,romantic flowers,20,0.03,MEDIUM,62,,
San Jose,floristry,occasion,thank you flowers,30,3.75,HIGH,100,2.49,5.23
San Jose,floristry,wedding,bridal bouquet,90,0.77,HIGH,100,0.7,2.39
San Jose,floristry,event,event flowers,10,0,,,,
San Jose,floristry,event,floral centerpieces,50,7.45,HIGH,91,,
San Jose,floristry,core,florist,1900,4.01,LOW,30,1.6,6.27
San Jose,floristry,event,flower centerpieces,10,0.8,HIGH,100,0.68,1.63
San Jose,floristry,core,flower shop,1000,1.4,MEDIUM,40,0.84,3.37
San Jose,floristry,core,local florist,10,3.37,HIGH,100,1.31,4.26
San Jose,floristry,custom,personalized bouquets,20,3.64,HIGH,100,,
San Jose,floristry,roses,rose bouquet,170,0.69,HIGH,97,0.73,2.38
San Jose,floristry,roses,roses,2900,0.91,MEDIUM,58,0.55,3.2
San Jose,floristry,delivery,send flowers,140,7.81,HIGH,100,3.22,7.78
San Jose,floristry,event,table flower arrangements,10,0,HIGH,100,,
San Jose,floristry,wedding,wedding gift flowers,10,0,,,,
San Jose,water_heater,tankless,tankless water heater cost,90,4.84,HIGH,91,0.88,12.73
San Jose,water_heater,cost,water heater cost,50,9.37,HIGH,99,0.88,6.62
San Jose,water_heater,cost,hot water heater replacement cost,10,12.65,HIGH,80,3.02,16.04
San Jose,water_heater,cost,hot water heater cost,20,6.19,HIGH,71,,
San Jose,water_heater,tankless,tankless water heater installation gas,20,20.43,HIGH,78,,
San Jose,water_heater,installation,tank water heater install,10,0,,,,
San Jose,water_heater,replacement,water heater service,20,32.57,HIGH,76,7.07,58.93
San Jose,water_heater,tankless,tankless electric water heater installation,10,0,MEDIUM,43,,
San Jose,water_heater,tankless,tankless water heater replacement cost,110,14.12,MEDIUM,43,3.56,24.95
San Jose,water_heater,tankless,tankless water heater price,10,0,MEDIUM,43,,
San Jose,water_heater,tankless,electric tankless water heater cost,10,0.38,HIGH,98,0.21,1.18
San Jose,water_heater,tankless,tankless water heater service,10,0,MEDIUM,62,,
San Jose,water_heater,tankless,replace tankless water heater,10,0,MEDIUM,45,,
San Jose,water_heater,cost,hot water heater installation cost,10,0,HIGH,86,,
San Jose,water_heater,electric,electric water heater cost,10,1.89,HIGH,96,1.12,7.2
San Jose,water_heater,electric,electric water heater replacement cost,10,0,HIGH,93,,
San Jose,water_heater,gas,gas water heater cost,10,0,LOW,14,,
San Jose,water_heater,heat_pump,heat pump water heater cost,30,7.16,HIGH,99,1.21,8.34
San Jose,water_heater,tankless,propane tankless water heater installation,10,0,,,,
San Jose,water_heater,tankless,tankless water heater installation services,10,0,,,,
San Jose,water_heater,tankless,tankless gas water heater cost,10,0,MEDIUM,62,,
San Jose,water_heater,tankless,gas tankless water heater cost,10,0,MEDIUM,62,,
San Jose,water_heater,gas,gas hot water heater cost,10,0,,,,
San Jose,water_heater,electric,electric hot water heater installation cost,10,0,,,,
San Jose,water_heater,gas,gas hot water heater installation,10,0,,,,
San Jose,water_heater,electric,electric hot water heater installation,10,0,,,,
San Jose,water_heater,tankless,natural gas tankless water heater installation,10,0,HIGH,100,,
San Jose,water_heater,tankless,gas tankless hot water heater installation,10,0,,,,
San Jose,water_heater,electric,hot water heater installation electric,10,0,,,,
San Jose,water_heater,tankless,tankless water heater company,10,0,HIGH,100,,
San Jose,water_heater,tankless,cost to install electric tankless hot water heater,0,0,,,,
San Jose,painting_interior,service,interior door painting services,10,0,,,,
San Jose,painting_interior,provider,house interior painting contractors,10,0,,,,
San Jose,painting_interior,provider,interior home painting company,10,0,,,,
San Jose,painting_interior,provider,interior house painting companies,10,0,,,,
San Jose,painting_interior,cost,interior house painting estimates,10,0,,,,
San Jose,painting_interior,service,cheap interior painters,10,0,LOW,0,,
San Jose,painting_interior,provider,interior home painting contractors,10,0,,,,
San Jose,painting_interior,cost,interior home painting estimate,10,0,LOW,0,,
San Jose,painting_interior,service,home interior painting services,10,0,,,,
San Jose,painting_interior,cost,interior painters quotes,10,0,,,,
San Jose,painting_interior,service,residential house interior painting,0,0,,,,
San Jose,painting_exterior,service,painting services,70,0,MEDIUM,52,11,23.27
San Jose,painting_exterior,service,local painting services,0,0,,,,
San Jose,painting_exterior,residential,professional house painter,20,0,LOW,14,,
San Jose,painting_exterior,provider,house painting contractors,10,0,,,,
San Jose,painting_exterior,provider,professional painting contractors,10,0,MEDIUM,57,,
San Jose,painting_exterior,provider,local painting contractors,10,0,,,,
San Jose,painting_exterior,provider,house exterior painting contractor,10,0,LOW,7,,
San Jose,painting_exterior,service,exterior painting professional,10,0,LOW,29,,
San Jose,painting_exterior,provider,professional house painting contractor,10,0,LOW,0,,
San Jose,painting_exterior,provider,professional house painting contractors,10,0,LOW,0,,
San Jose,painting_exterior,residential,professional exterior house painters,0,0,,,,
San Jose,painting_exterior,residential,professional home painters,0,0,,,,
San Jose,painting_exterior,residential,professional residential painters,10,0,,,,
San Jose,floristry,occasion,valentines flowers,720,0,MEDIUM,60,,
San Jose,floristry,arrangements,flower bouquet,480,1.12,HIGH,100,0.99,3.15
San Jose,floristry,sympathy,funeral flowers,260,3.33,HIGH,100,1.1,3.5
San Jose,floristry,sympathy,funeral flower arrangements,140,1.93,HIGH,100,0.88,3.51
San Jose,floristry,arrangements,flower bouquet near me,110,1.02,HIGH,100,0.8,2.66
San Jose,floristry,delivery,flower delivery service,50,7.88,HIGH,100,2.79,7.27
San Jose,floristry,wedding_event,boutonniere wedding,70,0.13,HIGH,100,,
San Jose,floristry,delivery,flower delivery services online,40,0,,,,
San Jose,floristry,delivery,online flower delivery,40,7.93,HIGH,95,3.59,8.64
San Jose,floristry,delivery,cheap flower delivery,40,2.52,HIGH,100,1.15,4.13
San Jose,floristry,core,same day flowers,40,13.85,HIGH,84,6.89,9.09
San Jose,floristry,delivery,deliver flowers,1000,8.92,HIGH,100,3.32,8.42
San Jose,floristry,delivery,send flowers online,40,9.08,HIGH,99,3.27,7.59
San Jose,floristry,sympathy,funeral flowers delivery,30,7.78,HIGH,100,1.72,7.86
San Jose,floristry,wedding_event,corsage flower,30,0,HIGH,100,,
San Jose,floristry,occasion,mother's day flower delivery,30,0,,,,
San Jose,floristry,delivery,best flower delivery,30,6.92,HIGH,98,2.12,8.8
San Jose,floristry,delivery,flower bouquet delivery,30,3.78,HIGH,100,1.41,4.4
San Jose,floristry,wedding_event,wedding flower bouquets,30,0,HIGH,82,,
San Jose,floristry,delivery,flower delivery today,10,9.48,HIGH,100,5.89,8.78
San Jose,floristry,delivery,local flower delivery,10,14.22,HIGH,100,,
San Jose,floristry,delivery,fresh flower delivery,20,3.87,HIGH,97,1.31,3.62
San Jose,floristry,sympathy,sympathy flowers delivery,30,6.24,HIGH,100,3.7,9.38
San Jose,floristry,delivery,best online flower delivery,10,4.65,HIGH,99,2.55,9.27
San Jose,floristry,occasion,valentines flower bouquet,20,0,,,,
San Jose,floristry,occasion,mother's day flowers delivery,30,0,,,,
San Jose,floristry,arrangements,fresh flower bouquet,20,0,MEDIUM,40,,
San Jose,floristry,wedding_event,rose bridal bouquet,20,0.11,HIGH,100,,
San Jose,floristry,delivery,flower delivery same day,320,13.4,HIGH,77,4.24,11.5
San Jose,floristry,delivery,best flower delivery services,10,16.06,HIGH,100,2.35,11.67
San Jose,floristry,arrangements,custom flower bouquet,20,3.64,HIGH,100,,
San Jose,floristry,sympathy,sympathy flower arrangements,10,5.89,HIGH,100,,
San Jose,floristry,core,florist flowers,10,0.18,HIGH,94,,
San Jose,floristry,wedding_event,bridal bouquet fresh flowers,10,0,HIGH,100,,
San Jose,floristry,wedding_event,wedding flowers delivery,10,0,HIGH,96,,
San Jose,floristry,delivery,same day flower delivery service,10,0,,,,
San Jose,floristry,delivery,same day flower delivery services,10,0,,,,
San Jose,floristry,delivery,cheap same day flower delivery,10,0,HIGH,100,,
San Jose,floristry,wedding_event,bridal bouquet flowers,10,0,LOW,19,,
San Jose,floristry,wedding_event,wedding bridal bouquet,10,1.73,HIGH,100,,
San Jose,floristry,delivery,best same day flower delivery,10,0,HIGH,100,,
San Jose,floristry,sympathy,sympathy flowers same day delivery,10,0,LOW,0,,
San Jose,floristry,sympathy,funeral flowers same day delivery,10,0,,,,
San Jose,floristry,delivery,flower bouquet delivery same day,10,0,,,,
San Jose,floristry,delivery,same day delivery flower bouquet,10,0,,,,
San Jose,floristry,delivery,local flower delivery same day,10,0,,,,
San Jose,floristry,delivery,florist flower delivery,10,0,,,,
San Jose,floristry,delivery,online flower bouquet delivery,10,0,,,,
San Jose,floristry,delivery,send flowers online same day,10,0,,,,
San Jose,floristry,delivery,flower bouquet same day delivery,10,0,,,,
Huntington Beach,water_heater,replacement,water heater replacement,40,8.18,HIGH,100,11.51,57.79
Huntington Beach,water_heater,replacement,water heater replacement near me,10,0,LOW,0,,
Huntington Beach,water_heater,replacement,replace water heater,40,8.18,HIGH,100,11.51,57.79
Huntington Beach,water_heater,replacement,replace water heater near me,10,0,LOW,0,,
Huntington Beach,water_heater,replacement,water heater replacement service,10,0,,,,
Huntington Beach,water_heater,replacement,water heater replacement services,10,0,,,,
Huntington Beach,water_heater,replacement,water heater replacement company,0,0,,,,
Huntington Beach,water_heater,replacement,water heater replacement contractor,10,0,,,,
Huntington Beach,water_heater,replacement,water heater replacement contractors,10,0,,,,
Huntington Beach,water_heater,replacement,water heater replacement installer,0,0,,,,
Huntington Beach,water_heater,replacement,water heater replacement installers,0,0,,,,
Huntington Beach,water_heater,replacement,local water heater replacement,0,0,,,,
Huntington Beach,water_heater,replacement,professional water heater replacement,0,0,,,,
Huntington Beach,water_heater,replacement,residential water heater replacement,0,0,,,,
Huntington Beach,water_heater,replacement,home water heater replacement,0,0,,,,
Huntington Beach,water_heater,replacement,hot water heater replacement,10,47.05,HIGH,90,,
Huntington Beach,water_heater,replacement,hot water heater replacement near me,10,0,,,,
Huntington Beach,water_heater,replacement,water heater change out,0,0,,,,
Huntington Beach,water_heater,replacement,water heater changeout,0,0,,,,
Huntington Beach,water_heater,replacement,water heater swap,0,0,,,,
Huntington Beach,water_heater,installation,water heater installation,10,0,LOW,18,,
Huntington Beach,water_heater,installation,water heater installation near me,10,0,LOW,7,,
Huntington Beach,water_heater,installation,water heater installation service,10,0,,,,
Huntington Beach,water_heater,installation,water heater installation services,10,0,,,,
Huntington Beach,water_heater,installation,water heater installation company,0,0,,,,
Huntington Beach,water_heater,installation,water heater installation contractor,10,0,,,,
Huntington Beach,water_heater,installation,water heater installation contractors,10,0,,,,
Huntington Beach,water_heater,installation,water heater installer,10,0,LOW,18,,
Huntington Beach,water_heater,installation,water heater installers,10,0,LOW,18,,
Huntington Beach,water_heater,installation,water heater installer near me,10,0,LOW,7,,
Huntington Beach,water_heater,installation,local water heater installer,0,0,,,,
Huntington Beach,water_heater,installation,professional water heater installation,10,0,,,,
Huntington Beach,water_heater,installation,residential water heater installation,0,0,,,,
Huntington Beach,water_heater,installation,home water heater installation,0,0,,,,
Huntington Beach,water_heater,installation,hot water heater installation,10,0,,,,
Huntington Beach,water_heater,installation,hot water heater installer,10,0,,,,
Huntington Beach,water_heater,cost,water heater replacement cost,20,15.42,HIGH,79,5.61,27.1
Huntington Beach,water_heater,cost,cost to replace water heater,20,15.42,HIGH,79,5.61,27.1
Huntington Beach,water_heater,cost,how much to replace water heater,10,0,HIGH,74,5.67,24.63
Huntington Beach,water_heater,cost,water heater installation cost,10,10.07,HIGH,74,7.45,20.19
Huntington Beach,water_heater,cost,cost to install water heater,10,10.07,HIGH,74,7.45,20.19
Huntington Beach,water_heater,cost,water heater replacement estimate,10,0,HIGH,86,,
Huntington Beach,water_heater,cost,water heater installation estimate,10,0,,,,
Huntington Beach,water_heater,cost,water heater replacement quote,0,0,,,,
Huntington Beach,water_heater,cost,water heater installation quote,10,0,,,,
Huntington Beach,water_heater,cost,water heater replacement price,10,0,,,,
Huntington Beach,water_heater,cost,water heater installation price,10,0,,,,
Huntington Beach,water_heater,same_day,same day water heater replacement,10,0,,,,
Huntington Beach,water_heater,same_day,same day water heater installation,10,0,,,,
Huntington Beach,water_heater,same_day,same day water heater installer,0,0,,,,
Huntington Beach,water_heater,same_day,emergency water heater replacement,10,0,,,,
Huntington Beach,water_heater,same_day,emergency water heater installation,0,0,,,,
Huntington Beach,water_heater,same_day,urgent water heater replacement,0,0,,,,
Huntington Beach,water_heater,same_day,24 hour water heater replacement,0,0,,,,
Huntington Beach,water_heater,same_day,water heater replacement today,0,0,,,,
Huntington Beach,water_heater,tank,tank water heater replacement,10,0,HIGH,71,,
Huntington Beach,water_heater,tank,tank water heater installation,10,0,,,,
Huntington Beach,water_heater,tank,tank water heater installer,0,0,,,,
Huntington Beach,water_heater,tank,storage tank water heater replacement,0,0,,,,
Huntington Beach,water_heater,tank,standard water heater replacement,0,0,,,,
Huntington Beach,water_heater,tank,conventional water heater replacement,0,0,,,,
Huntington Beach,water_heater,tankless,tankless water heater replacement,10,0,LOW,0,,
Huntington Beach,water_heater,tankless,tankless water heater replacement near me,10,0,,,,
Huntington Beach,water_heater,tankless,tankless water heater installation,30,0,LOW,8,,
Huntington Beach,water_heater,tankless,tankless water heater installation near me,40,0,,,,
Huntington Beach,water_heater,tankless,tankless water heater installer,30,0,LOW,8,,
Huntington Beach,water_heater,tankless,tankless water heater installer near me,40,0,,,,
Huntington Beach,water_heater,tankless,tankless water heater installation cost,20,0,MEDIUM,36,,
Huntington Beach,water_heater,tankless,cost to install tankless water heater,20,0,MEDIUM,36,,
Huntington Beach,water_heater,tankless,cost to replace tankless water heater,20,0,MEDIUM,36,,
Huntington Beach,water_heater,gas,gas water heater replacement,10,0,,,,
Huntington Beach,water_heater,gas,gas water heater replacement near me,0,0,,,,
Huntington Beach,water_heater,gas,gas water heater installation,10,0,LOW,0,,
Huntington Beach,water_heater,gas,gas water heater installer,10,0,LOW,0,,
Huntington Beach,water_heater,gas,gas water heater installation cost,10,0,,,,
Huntington Beach,water_heater,gas,cost to replace gas water heater,10,0,,,,
Huntington Beach,water_heater,electric,electric water heater replacement,10,0,,,,
Huntington Beach,water_heater,electric,electric water heater replacement near me,0,0,,,,
Huntington Beach,water_heater,electric,electric water heater installation,10,0,LOW,0,,
Huntington Beach,water_heater,electric,electric water heater installer,10,0,LOW,0,,
Huntington Beach,water_heater,electric,electric water heater installation cost,10,0,LOW,0,,
Huntington Beach,water_heater,electric,cost to replace electric water heater,10,0,,,,
Huntington Beach,water_heater,heat_pump,heat pump water heater replacement,10,0,,,,
Huntington Beach,water_heater,heat_pump,heat pump water heater installation,10,0,LOW,0,,
Huntington Beach,water_heater,heat_pump,heat pump water heater installer,10,0,LOW,0,,
Huntington Beach,water_heater,heat_pump,heat pump water heater installation near me,0,0,,,,
Huntington Beach,water_heater,heat_pump,heat pump water heater installation cost,10,0,,,,
Huntington Beach,water_heater,heat_pump,hybrid water heater replacement,0,0,,,,
Huntington Beach,water_heater,heat_pump,hybrid water heater installation,0,0,,,,
Huntington Beach,water_heater,heat_pump,hybrid water heater installer,0,0,,,,
Huntington Beach,water_heater,conversion,tank to tankless water heater conversion,0,0,,,,
Huntington Beach,water_heater,conversion,convert tank water heater to tankless,0,0,,,,
Huntington Beach,water_heater,conversion,gas to electric water heater conversion,0,0,,,,
Huntington Beach,water_heater,conversion,electric to gas water heater conversion,0,0,,,,
Huntington Beach,water_heater,problem,replace leaking water heater,0,0,,,,
Huntington Beach,water_heater,problem,leaking water heater replacement,0,0,,,,
Huntington Beach,water_heater,problem,replace broken water heater,0,0,,,,
Huntington Beach,water_heater,problem,broken water heater replacement,0,0,,,,
Huntington Beach,water_heater,problem,no hot water water heater replacement,0,0,,,,
Huntington Beach,painting_interior,core,interior painters,10,0,LOW,0,,
Huntington Beach,painting_interior,core,interior painter,10,0,LOW,0,,
Huntington Beach,painting_interior,core,interior painters near me,10,0,MEDIUM,49,,
Huntington Beach,painting_interior,core,interior house painters,10,0,LOW,0,,
Huntington Beach,painting_interior,core,interior house painter,10,28.67,HIGH,86,,
Huntington Beach,painting_interior,core,interior home painters,10,0,,,,
Huntington Beach,painting_interior,core,interior wall painters,0,0,,,,
Huntington Beach,painting_interior,core,inside house painters,0,0,,,,
Huntington Beach,painting_interior,core,indoor house painters,0,0,,,,
Huntington Beach,painting_interior,service,interior painting,10,0,LOW,0,,
Huntington Beach,painting_interior,service,interior house painting,10,28.67,HIGH,86,,
Huntington Beach,painting_interior,service,interior home painting,10,0,,,,
Huntington Beach,painting_interior,service,interior wall painting,10,0,MEDIUM,43,,
Huntington Beach,painting_interior,service,interior painting services,10,0,LOW,0,,
Huntington Beach,painting_interior,service,interior house painting services,10,0,,,,
Huntington Beach,painting_interior,service,interior wall painting services,0,0,,,,
Huntington Beach,painting_interior,service,residential interior painting,10,0,,,,
Huntington Beach,painting_interior,service,residential interior painting services,0,0,,,,
Huntington Beach,painting_interior,provider,interior painting company,10,0,,,,
Huntington Beach,painting_interior,provider,interior painting companies,10,0,,,,
Huntington Beach,painting_interior,provider,interior painting company near me,0,0,,,,
Huntington Beach,painting_interior,provider,interior painting contractor,10,0,MEDIUM,33,,
Huntington Beach,painting_interior,provider,interior painting contractors,10,0,MEDIUM,33,,
Huntington Beach,painting_interior,provider,interior painting contractors near me,10,79.2,HIGH,100,,
Huntington Beach,painting_interior,provider,interior wall painting contractors,0,0,,,,
Huntington Beach,painting_interior,provider,local interior painters,0,0,,,,
Huntington Beach,painting_interior,provider,professional interior painters,10,0,,,,
Huntington Beach,painting_interior,provider,professional interior painting,10,0,,,,
Huntington Beach,painting_interior,cost,interior painting cost,10,0,LOW,0,,
Huntington Beach,painting_interior,cost,interior house painting cost,10,0,LOW,14,,
Huntington Beach,painting_interior,cost,cost to paint house interior,10,0,LOW,14,,
Huntington Beach,painting_interior,cost,cost to paint interior walls,10,0,,,,
Huntington Beach,painting_interior,cost,interior painting estimate,10,0,,,,
Huntington Beach,painting_interior,cost,interior painting quote,10,0,,,,
Huntington Beach,painting_interior,cost,interior house painting estimate,0,0,,,,
Huntington Beach,painting_interior,cost,interior house painting quote,0,0,,,,
Huntington Beach,painting_interior,cost,interior painter cost,10,0,LOW,0,,
Huntington Beach,painting_interior,cost,interior painting prices,10,0,LOW,0,,
Huntington Beach,painting_interior,rooms,whole house interior painting,0,0,,,,
Huntington Beach,painting_interior,rooms,home interior wall painting,0,0,,,,
Huntington Beach,painting_interior,rooms,room painting services,0,0,,,,
Huntington Beach,painting_interior,rooms,living room painters,0,0,,,,
Huntington Beach,painting_interior,rooms,bedroom painters,0,0,,,,
Huntington Beach,painting_interior,rooms,kitchen painters,10,0,,,,
Huntington Beach,painting_interior,rooms,bathroom painters,10,0,,,,
Huntington Beach,painting_interior,rooms,ceiling painters,0,0,,,,
Huntington Beach,painting_interior,rooms,ceiling painting services,0,0,,,,
Huntington Beach,painting_interior,rooms,trim painting services,0,0,,,,
Huntington Beach,painting_interior,rooms,baseboard painting services,0,0,,,,
Huntington Beach,painting_interior,rooms,cabinet painting services,0,0,,,,
Huntington Beach,painting_exterior,core,exterior painters,10,0,,,,
Huntington Beach,painting_exterior,core,exterior painter,10,0,,,,
Huntington Beach,painting_exterior,core,exterior painters near me,10,0,,,,
Huntington Beach,painting_exterior,core,exterior house painters,10,61.52,HIGH,100,,
Huntington Beach,painting_exterior,core,exterior house painter,10,61.52,HIGH,100,,
Huntington Beach,painting_exterior,core,exterior home painters,10,0,,,,
Huntington Beach,painting_exterior,core,outside house painters,10,61.52,HIGH,100,,
Huntington Beach,painting_exterior,service,exterior painting,10,0,,,,
Huntington Beach,painting_exterior,service,exterior house painting,10,61.52,HIGH,100,,
Huntington Beach,painting_exterior,service,exterior home painting,10,0,,,,
Huntington Beach,painting_exterior,service,exterior wall painting,10,0,,,,
Huntington Beach,painting_exterior,service,exterior painting services,10,0,,,,
Huntington Beach,painting_exterior,service,exterior house painting services,10,0,LOW,14,,
Huntington Beach,painting_exterior,service,residential exterior painting,10,0,,,,
Huntington Beach,painting_exterior,service,residential exterior painting services,0,0,,,,
Huntington Beach,painting_exterior,provider,exterior painting company,10,0,,,,
Huntington Beach,painting_exterior,provider,exterior painting companies,10,0,,,,
Huntington Beach,painting_exterior,provider,exterior painting company near me,10,1.01,HIGH,100,,
Huntington Beach,painting_exterior,provider,exterior painting contractor,10,0,LOW,14,,
Huntington Beach,painting_exterior,provider,exterior painting contractors,10,0,LOW,14,,
Huntington Beach,painting_exterior,provider,exterior painting contractors near me,10,1.01,HIGH,100,,
Huntington Beach,painting_exterior,provider,local exterior painters,0,0,,,,
Huntington Beach,painting_exterior,provider,professional exterior painters,0,0,,,,
Huntington Beach,painting_exterior,provider,professional exterior painting,0,0,,,,
Huntington Beach,painting_exterior,cost,exterior painting cost,10,0,,,,
Huntington Beach,painting_exterior,cost,exterior house painting cost,10,0,,,,
Huntington Beach,painting_exterior,cost,cost to paint house exterior,10,0,,,,
Huntington Beach,painting_exterior,cost,cost to paint exterior walls,0,0,,,,
Huntington Beach,painting_exterior,cost,exterior painting estimate,10,0,,,,
Huntington Beach,painting_exterior,cost,exterior painting quote,10,10.67,MEDIUM,36,,
Huntington Beach,painting_exterior,cost,exterior house painting estimate,0,0,,,,
Huntington Beach,painting_exterior,cost,exterior house painting quote,10,10.67,MEDIUM,36,,
Huntington Beach,painting_exterior,cost,exterior painter cost,10,0,,,,
Huntington Beach,painting_exterior,cost,exterior painting prices,10,0,,,,
Huntington Beach,painting_exterior,surface,stucco painting,10,0,HIGH,100,0.21,6.78
Huntington Beach,painting_exterior,surface,stucco painters,10,0,HIGH,100,0.21,6.78
Huntington Beach,painting_exterior,surface,stucco painting services,10,0,,,,
Huntington Beach,painting_exterior,surface,brick house painting,10,0,,,,
Huntington Beach,painting_exterior,surface,siding painting,10,0,LOW,0,,
Huntington Beach,painting_exterior,surface,siding painters,0,0,,,,
Huntington Beach,painting_exterior,surface,wood siding painting,10,0,,,,
Huntington Beach,painting_exterior,surface,house trim painting,0,0,,,,
Huntington Beach,painting_exterior,surface,front door painting service,0,0,,,,
Huntington Beach,painting_exterior,surface,garage door painting service,10,0,LOW,29,,
Huntington Beach,painting_general,core,house painters,10,0,LOW,29,,
Huntington Beach,painting_general,core,house painter,10,0,LOW,29,,
Huntington Beach,painting_general,core,house painters near me,30,62.94,HIGH,76,11.52,45
Huntington Beach,painting_general,core,home painters,10,0,LOW,0,,
Huntington Beach,painting_general,core,residential painters,10,0,,,,
Huntington Beach,painting_general,core,residential painters near me,10,0,,,,
Huntington Beach,painting_general,service,house painting,10,0,HIGH,100,,
Huntington Beach,painting_general,service,house painting services,10,0,HIGH,100,,
Huntington Beach,painting_general,service,home painting services,10,0,HIGH,100,,
Huntington Beach,painting_general,service,residential painting,10,0,,,,
Huntington Beach,painting_general,service,residential painting services,10,0,LOW,0,,
Huntington Beach,painting_general,provider,painting company,20,0,MEDIUM,54,,
Huntington Beach,painting_general,provider,painting companies,20,0,MEDIUM,54,,
Huntington Beach,painting_general,provider,painting company near me,10,14.72,HIGH,85,,
Huntington Beach,painting_general,provider,painting contractor,10,0,LOW,0,,
Huntington Beach,painting_general,provider,painting contractors,10,0,LOW,0,,
Huntington Beach,painting_general,provider,painting contractors near me,10,0,HIGH,67,,
Huntington Beach,painting_general,provider,local painting company,10,0,,,,
Huntington Beach,painting_general,provider,local house painters,10,0,MEDIUM,64,,
Huntington Beach,painting_general,provider,professional house painters,10,0,LOW,7,,
Huntington Beach,painting_general,cost,house painting cost,10,0,LOW,19,,
Huntington Beach,painting_general,cost,cost to paint a house,10,0,LOW,19,,
Huntington Beach,painting_general,cost,house painting estimate,10,0,,,,
Huntington Beach,painting_general,cost,house painting quote,10,0,,,,
Huntington Beach,painting_general,cost,painting estimate,0,0,,,,
Huntington Beach,painting_general,cost,painting quote,10,0,,,,
Huntington Beach,painting_general,cost,free painting estimate,0,0,,,,
Huntington Beach,wallpaper,core,wallpaper installer,10,0,HIGH,71,,
Huntington Beach,wallpaper,core,wallpaper installers,10,0,HIGH,71,,
Huntington Beach,wallpaper,core,wallpaper installer near me,10,63.74,HIGH,100,,
Huntington Beach,wallpaper,core,wallpaper installation,10,0,HIGH,71,,
Huntington Beach,wallpaper,core,wallpaper installation near me,10,63.74,HIGH,100,,
Huntington Beach,wallpaper,core,wallpaper installation service,10,0,,,,
Huntington Beach,wallpaper,core,wallpaper installation services,10,0,,,,
Huntington Beach,wallpaper,core,wallpaper hanging,10,0,,,,
Huntington Beach,wallpaper,core,wallpaper hanging near me,10,0,HIGH,100,,
Huntington Beach,wallpaper,core,wallpaper hanging service,10,0,,,,
Huntington Beach,wallpaper,core,wallpaper hanging services,10,0,,,,
Huntington Beach,wallpaper,core,wallpaper hanger,10,0,,,,
Huntington Beach,wallpaper,core,wallpaper hangers,10,0,,,,
Huntington Beach,wallpaper,core,wallpaper hanger near me,10,0,HIGH,100,,
Huntington Beach,wallpaper,provider,wallpaper installation company,10,0,HIGH,100,,
Huntington Beach,wallpaper,provider,wallpaper installation contractor,0,0,,,,
Huntington Beach,wallpaper,provider,wallpaper installation contractors,0,0,,,,
Huntington Beach,wallpaper,provider,professional wallpaper installer,10,0,,,,
Huntington Beach,wallpaper,provider,professional wallpaper installer near me,10,0,,,,
Huntington Beach,wallpaper,provider,professional wallpaper installation,10,0,,,,
Huntington Beach,wallpaper,provider,professional wallpaper hanging,10,0,,,,
Huntington Beach,wallpaper,provider,local wallpaper installer,0,0,,,,
Huntington Beach,wallpaper,provider,hire wallpaper installer,0,0,,,,
Huntington Beach,wallpaper,cost,wallpaper installer cost,10,0,LOW,0,,
Huntington Beach,wallpaper,cost,wallpaper installation cost,10,0,LOW,0,,
Huntington Beach,wallpaper,cost,cost to install wallpaper,10,0,LOW,0,,
Huntington Beach,wallpaper,cost,wallpaper hanging cost,0,0,,,,
Huntington Beach,wallpaper,cost,cost to hang wallpaper,0,0,,,,
Huntington Beach,wallpaper,cost,wallpaper installation estimate,0,0,,,,
Huntington Beach,wallpaper,cost,wallpaper installation quote,0,0,,,,
Huntington Beach,wallpaper,cost,wallpaper installer prices,0,0,,,,
Huntington Beach,wallpaper,cost,professional wallpaper installer cost,0,0,,,,
Huntington Beach,wallpaper,type,peel and stick wallpaper installer,0,0,,,,
Huntington Beach,wallpaper,type,peel and stick wallpaper installation,0,0,,,,
Huntington Beach,wallpaper,type,mural wallpaper installer,0,0,,,,
Huntington Beach,wallpaper,type,wall mural installation,0,0,,,,
Huntington Beach,wallpaper,type,grasscloth wallpaper installer,0,0,,,,
Huntington Beach,wallpaper,type,grasscloth wallpaper installation,0,0,,,,
Huntington Beach,wallpaper,type,textured wallpaper installation,0,0,,,,
Huntington Beach,wallpaper,type,vinyl wallpaper installation,0,0,,,,
Huntington Beach,wallpaper,type,custom wallpaper installation,0,0,,,,
Huntington Beach,wallpaper,type,residential wallpaper installation,0,0,,,,
Huntington Beach,floristry,occasion,birthday flowers,40,2.15,HIGH,100,1.13,5.21
Huntington Beach,floristry,delivery,flower delivery,210,12.73,HIGH,100,4.71,10.81
Huntington Beach,floristry,core,flowers,1000,5.08,HIGH,98,3.19,8.37
Huntington Beach,floristry,custom,personalized bouquets from local florists,0,0,,,,
Huntington Beach,floristry,roses,rose bouquets,20,0.17,HIGH,95,,
Huntington Beach,floristry,delivery,same day flower delivery,70,16.91,HIGH,93,5.41,15.29
Huntington Beach,floristry,occasion,sympathy flowers,10,8.14,HIGH,100,2.47,5.69
Huntington Beach,floristry,wedding,wedding flowers,20,0,HIGH,82,,
Huntington Beach,floristry,occasion,anniversary flowers,10,2.24,LOW,14,,
Huntington Beach,floristry,occasion,apology flowers,10,0,,,,
Huntington Beach,floristry,wedding,bridal bouquets,10,0.11,HIGH,100,0.52,1.5
Huntington Beach,floristry,occasion,congratulations flowers,10,0,,,,
Huntington Beach,floristry,corporate,corporate flowers,10,0,,,,
Huntington Beach,floristry,custom,custom bouquets,10,0,LOW,0,,
Huntington Beach,floristry,event,event flower arrangements,10,0,,,,
Huntington Beach,floristry,wedding,flowers for newlyweds,0,0,,,,
Huntington Beach,floristry,occasion,get well flowers,10,0,HIGH,100,,
Huntington Beach,floristry,occasion,housewarming flowers,10,0,,,,
Huntington Beach,floristry,occasion,just because flowers,10,0,,,,
Huntington Beach,floristry,luxury,luxury bouquets,10,0,,,,
Huntington Beach,floristry,occasion,new baby flowers,10,0,,,,
Huntington Beach,floristry,occasion,romantic flowers,10,0,MEDIUM,57,,
Huntington Beach,floristry,occasion,thank you flowers,10,0,LOW,0,,
Huntington Beach,floristry,wedding,bridal bouquet,10,0.11,HIGH,100,0.52,1.5
Huntington Beach,floristry,event,event flowers,10,0,,,,
Huntington Beach,floristry,event,floral centerpieces,10,0,HIGH,100,,
Huntington Beach,floristry,core,florist,170,3.88,MEDIUM,56,1.41,4.74
Huntington Beach,floristry,event,flower centerpieces,10,1.54,HIGH,100,,
Huntington Beach,floristry,core,flower shop,170,2.59,HIGH,67,1.44,7.79
Huntington Beach,floristry,core,local florist,10,0,HIGH,93,,
Huntington Beach,floristry,custom,personalized bouquets,10,0,LOW,0,,
Huntington Beach,floristry,roses,rose bouquet,20,0.17,HIGH,95,,
Huntington Beach,floristry,roses,roses,390,1.49,MEDIUM,49,0.3,3.57
Huntington Beach,floristry,delivery,send flowers,30,11.73,HIGH,100,4.1,10.62
Huntington Beach,floristry,event,table flower arrangements,10,0.55,HIGH,100,,
Huntington Beach,floristry,wedding,wedding gift flowers,10,0,,,,
Huntington Beach,water_heater,tankless,tankless water heater cost,20,43.29,HIGH,89,5.65,12.33
Huntington Beach,water_heater,cost,water heater cost,10,0.22,HIGH,94,3.91,13.59
Huntington Beach,water_heater,cost,hot water heater replacement cost,10,0,,,,
Huntington Beach,water_heater,cost,hot water heater cost,10,22.28,HIGH,86,,
Huntington Beach,water_heater,tankless,tankless water heater installation gas,10,0,,,,
Huntington Beach,water_heater,installation,tank water heater install,10,0,,,,
Huntington Beach,water_heater,replacement,water heater service,10,0,HIGH,100,,
Huntington Beach,water_heater,tankless,tankless electric water heater installation,10,0,,,,
Huntington Beach,water_heater,tankless,tankless water heater replacement cost,20,0,MEDIUM,36,,
Huntington Beach,water_heater,tankless,tankless water heater price,10,0.77,MEDIUM,57,,
Huntington Beach,water_heater,tankless,electric tankless water heater cost,10,0,MEDIUM,57,,
Huntington Beach,water_heater,tankless,tankless water heater service,10,383.63,HIGH,67,,
Huntington Beach,water_heater,tankless,replace tankless water heater,10,0,LOW,0,,
Huntington Beach,water_heater,cost,hot water heater installation cost,10,0,,,,
Huntington Beach,water_heater,electric,electric water heater cost,10,0,,,,
Huntington Beach,water_heater,electric,electric water heater replacement cost,10,0,,,,
Huntington Beach,water_heater,gas,gas water heater cost,10,0,,,,
Huntington Beach,water_heater,heat_pump,heat pump water heater cost,10,0,,,,
Huntington Beach,water_heater,tankless,propane tankless water heater installation,10,0,,,,
Huntington Beach,water_heater,tankless,tankless water heater installation services,10,0,,,,
Huntington Beach,water_heater,tankless,tankless gas water heater cost,10,0,,,,
Huntington Beach,water_heater,tankless,gas tankless water heater cost,10,0,,,,
Huntington Beach,water_heater,gas,gas hot water heater cost,0,0,,,,
Huntington Beach,water_heater,electric,electric hot water heater installation cost,0,0,,,,
Huntington Beach,water_heater,gas,gas hot water heater installation,10,0,,,,
Huntington Beach,water_heater,electric,electric hot water heater installation,10,0,,,,
Huntington Beach,water_heater,tankless,natural gas tankless water heater installation,0,0,,,,
Huntington Beach,water_heater,tankless,gas tankless hot water heater installation,0,0,,,,
Huntington Beach,water_heater,electric,hot water heater installation electric,10,0,,,,
Huntington Beach,water_heater,tankless,tankless water heater company,10,0,,,,
Huntington Beach,water_heater,tankless,cost to install electric tankless hot water heater,0,0,,,,
Huntington Beach,painting_interior,service,interior door painting services,10,0,,,,
Huntington Beach,painting_interior,provider,house interior painting contractors,0,0,,,,
Huntington Beach,painting_interior,provider,interior home painting company,0,0,,,,
Huntington Beach,painting_interior,provider,interior house painting companies,0,0,,,,
Huntington Beach,painting_interior,cost,interior house painting estimates,0,0,,,,
Huntington Beach,painting_interior,service,cheap interior painters,10,0,,,,
Huntington Beach,painting_interior,provider,interior home painting contractors,0,0,,,,
Huntington Beach,painting_interior,cost,interior home painting estimate,0,0,,,,
Huntington Beach,painting_interior,service,home interior painting services,0,0,,,,
Huntington Beach,painting_interior,cost,interior painters quotes,10,0,,,,
Huntington Beach,painting_interior,service,residential house interior painting,0,0,,,,
Huntington Beach,painting_exterior,service,painting services,10,0,LOW,29,,
Huntington Beach,painting_exterior,service,local painting services,0,0,,,,
Huntington Beach,painting_exterior,residential,professional house painter,10,0,LOW,7,,
Huntington Beach,painting_exterior,provider,house painting contractors,10,0,,,,
Huntington Beach,painting_exterior,provider,professional painting contractors,10,0,,,,
Huntington Beach,painting_exterior,provider,local painting contractors,10,0,,,,
Huntington Beach,painting_exterior,provider,house exterior painting contractor,10,0,,,,
Huntington Beach,painting_exterior,service,exterior painting professional,10,0,,,,
Huntington Beach,painting_exterior,provider,professional house painting contractor,10,0,,,,
Huntington Beach,painting_exterior,provider,professional house painting contractors,10,0,,,,
Huntington Beach,painting_exterior,residential,professional exterior house painters,0,0,,,,
Huntington Beach,painting_exterior,residential,professional home painters,0,0,,,,
Huntington Beach,painting_exterior,residential,professional residential painters,0,0,,,,
Huntington Beach,floristry,occasion,valentines flowers,90,0,LOW,0,,
Huntington Beach,floristry,arrangements,flower bouquet,50,0.25,HIGH,100,1.26,1.66
Huntington Beach,floristry,sympathy,funeral flowers,40,5.49,HIGH,100,1.14,4.87
Huntington Beach,floristry,sympathy,funeral flower arrangements,20,2.78,HIGH,100,1.2,4.38
Huntington Beach,floristry,arrangements,flower bouquet near me,10,2.33,HIGH,100,1.02,1.75
Huntington Beach,floristry,delivery,flower delivery service,10,9.75,HIGH,100,2.45,9.22
Huntington Beach,floristry,wedding_event,boutonniere wedding,10,0,LOW,29,,
Huntington Beach,floristry,delivery,flower delivery services online,10,0,LOW,0,,
Huntington Beach,floristry,delivery,online flower delivery,10,0,,,,
Huntington Beach,floristry,delivery,cheap flower delivery,10,3.22,HIGH,100,1.58,4.63
Huntington Beach,floristry,core,same day flowers,10,9.59,HIGH,82,4.41,9.35
Huntington Beach,floristry,delivery,deliver flowers,210,12.73,HIGH,100,4.71,10.81
Huntington Beach,floristry,delivery,send flowers online,10,6.31,HIGH,100,3.29,6.01
Huntington Beach,floristry,sympathy,funeral flowers delivery,10,0,HIGH,100,,
Huntington Beach,floristry,wedding_event,corsage flower,10,0,,,,
Huntington Beach,floristry,occasion,mother's day flower delivery,10,0,,,,
Huntington Beach,floristry,delivery,best flower delivery,10,12.27,HIGH,96,5.39,10.5
Huntington Beach,floristry,delivery,flower bouquet delivery,10,11.16,HIGH,100,,
Huntington Beach,floristry,wedding_event,wedding flower bouquets,10,0,,,,
Huntington Beach,floristry,delivery,flower delivery today,10,11.19,HIGH,100,5.67,14.23
Huntington Beach,floristry,delivery,local flower delivery,10,0,,,,
Huntington Beach,floristry,delivery,fresh flower delivery,10,9.71,HIGH,100,,
Huntington Beach,floristry,sympathy,sympathy flowers delivery,10,16.27,HIGH,67,,
Huntington Beach,floristry,delivery,best online flower delivery,10,4.14,HIGH,100,,
Huntington Beach,floristry,occasion,valentines flower bouquet,10,0,,,,
Huntington Beach,floristry,occasion,mother's day flowers delivery,10,0,,,,
Huntington Beach,floristry,arrangements,fresh flower bouquet,10,0,HIGH,100,,
Huntington Beach,floristry,wedding_event,rose bridal bouquet,10,0,LOW,0,,
Huntington Beach,floristry,delivery,flower delivery same day,70,16.91,HIGH,93,5.41,15.29
Huntington Beach,floristry,delivery,best flower delivery services,10,10.5,HIGH,100,,
Huntington Beach,floristry,arrangements,custom flower bouquet,10,0,LOW,0,,
Huntington Beach,floristry,sympathy,sympathy flower arrangements,10,0,HIGH,100,,
Huntington Beach,floristry,core,florist flowers,10,0,,,,
Huntington Beach,floristry,wedding_event,bridal bouquet fresh flowers,10,0,LOW,0,,
Huntington Beach,floristry,wedding_event,wedding flowers delivery,10,0,,,,
Huntington Beach,floristry,delivery,same day flower delivery service,10,0,LOW,0,,
Huntington Beach,floristry,delivery,same day flower delivery services,10,0,LOW,0,,
Huntington Beach,floristry,delivery,cheap same day flower delivery,10,0,,,,
Huntington Beach,floristry,wedding_event,bridal bouquet flowers,10,0,,,,
Huntington Beach,floristry,wedding_event,wedding bridal bouquet,10,0,,,,
Huntington Beach,floristry,delivery,best same day flower delivery,10,0,,,,
Huntington Beach,floristry,sympathy,sympathy flowers same day delivery,10,0,,,,
Huntington Beach,floristry,sympathy,funeral flowers same day delivery,10,0,,,,
Huntington Beach,floristry,delivery,flower bouquet delivery same day,10,0,,,,
Huntington Beach,floristry,delivery,same day delivery flower bouquet,10,0,,,,
Huntington Beach,floristry,delivery,local flower delivery same day,10,0,LOW,0,,
Huntington Beach,floristry,delivery,florist flower delivery,10,0,,,,
Huntington Beach,floristry,delivery,online flower bouquet delivery,0,0,,,,
Huntington Beach,floristry,delivery,send flowers online same day,10,0,,,,
Huntington Beach,floristry,delivery,flower bouquet same day delivery,0,0,,,,
Orange County,water_heater,replacement,water heater replacement,590,37.89,HIGH,80,14.84,79.54
Orange County,water_heater,replacement,water heater replacement near me,90,42.02,MEDIUM,42,25,69.49
Orange County,water_heater,replacement,replace water heater,590,37.89,HIGH,80,14.84,79.54
Orange County,water_heater,replacement,replace water heater near me,90,42.02,MEDIUM,42,25,69.49
Orange County,water_heater,replacement,water heater replacement service,10,0,HIGH,79,,
Orange County,water_heater,replacement,water heater replacement services,10,0,HIGH,79,,
Orange County,water_heater,replacement,water heater replacement company,10,0,MEDIUM,50,,
Orange County,water_heater,replacement,water heater replacement contractor,10,0,MEDIUM,57,,
Orange County,water_heater,replacement,water heater replacement contractors,10,0,MEDIUM,57,,
Orange County,water_heater,replacement,water heater replacement installer,0,0,,,,
Orange County,water_heater,replacement,water heater replacement installers,0,0,,,,
Orange County,water_heater,replacement,local water heater replacement,10,0,,,,
Orange County,water_heater,replacement,professional water heater replacement,0,0,,,,
Orange County,water_heater,replacement,residential water heater replacement,10,41.33,HIGH,100,,
Orange County,water_heater,replacement,home water heater replacement,10,0,HIGH,100,,
Orange County,water_heater,replacement,hot water heater replacement,50,28.55,MEDIUM,36,6.81,40
Orange County,water_heater,replacement,hot water heater replacement near me,10,0,MEDIUM,39,,
Orange County,water_heater,replacement,water heater change out,10,0,,,,
Orange County,water_heater,replacement,water heater changeout,0,0,,,,
Orange County,water_heater,replacement,water heater swap,0,0,,,,
Orange County,water_heater,installation,water heater installation,170,15.15,LOW,17,23.18,65.13
Orange County,water_heater,installation,water heater installation near me,140,40.57,LOW,2,,
Orange County,water_heater,installation,water heater installation service,20,53.98,HIGH,79,,
Orange County,water_heater,installation,water heater installation services,20,53.98,HIGH,79,,
Orange County,water_heater,installation,water heater installation company,10,0,LOW,0,,
Orange County,water_heater,installation,water heater installation contractor,10,0,LOW,0,,
Orange County,water_heater,installation,water heater installation contractors,10,0,LOW,0,,
Orange County,water_heater,installation,water heater installer,170,15.15,LOW,17,23.18,65.13
Orange County,water_heater,installation,water heater installers,170,15.15,LOW,17,23.18,65.13
Orange County,water_heater,installation,water heater installer near me,140,40.57,LOW,2,,
Orange County,water_heater,installation,local water heater installer,0,0,,,,
Orange County,water_heater,installation,professional water heater installation,10,0,LOW,0,,
Orange County,water_heater,installation,residential water heater installation,10,0,LOW,0,,
Orange County,water_heater,installation,home water heater installation,0,0,,,,
Orange County,water_heater,installation,hot water heater installation,10,42.16,MEDIUM,60,,
Orange County,water_heater,installation,hot water heater installer,10,42.16,MEDIUM,60,,
Orange County,water_heater,cost,water heater replacement cost,320,12.33,HIGH,74,4.02,23.75
Orange County,water_heater,cost,cost to replace water heater,320,12.33,HIGH,74,4.02,23.75
Orange County,water_heater,cost,how much to replace water heater,70,3.14,MEDIUM,65,3.91,14.26
Orange County,water_heater,cost,water heater installation cost,140,17.09,MEDIUM,59,4.37,22.2
Orange County,water_heater,cost,cost to install water heater,140,17.09,MEDIUM,59,4.37,22.2
Orange County,water_heater,cost,water heater replacement estimate,10,55.19,HIGH,90,,
Orange County,water_heater,cost,water heater installation estimate,10,5.65,HIGH,86,3.83,6.27
Orange County,water_heater,cost,water heater replacement quote,10,55.07,HIGH,86,,
Orange County,water_heater,cost,water heater installation quote,10,0,,,,
Orange County,water_heater,cost,water heater replacement price,10,8.57,HIGH,96,,
Orange County,water_heater,cost,water heater installation price,10,5.65,HIGH,86,3.83,6.27
Orange County,water_heater,same_day,same day water heater replacement,10,0,HIGH,100,,
Orange County,water_heater,same_day,same day water heater installation,10,0,,,,
Orange County,water_heater,same_day,same day water heater installer,0,0,,,,
Orange County,water_heater,same_day,emergency water heater replacement,10,40.82,HIGH,100,,
Orange County,water_heater,same_day,emergency water heater installation,10,0,,,,
Orange County,water_heater,same_day,urgent water heater replacement,0,0,,,,
Orange County,water_heater,same_day,24 hour water heater replacement,10,0,,,,
Orange County,water_heater,same_day,water heater replacement today,0,0,,,,
Orange County,water_heater,tank,tank water heater replacement,30,59.36,HIGH,96,13.6,80
Orange County,water_heater,tank,tank water heater installation,20,0,,,,
Orange County,water_heater,tank,tank water heater installer,0,0,,,,
Orange County,water_heater,tank,storage tank water heater replacement,0,0,,,,
Orange County,water_heater,tank,standard water heater replacement,0,0,,,,
Orange County,water_heater,tank,conventional water heater replacement,0,0,,,,
Orange County,water_heater,tankless,tankless water heater replacement,30,17.42,LOW,18,6.82,46.67
Orange County,water_heater,tankless,tankless water heater replacement near me,10,0,HIGH,100,,
Orange County,water_heater,tankless,tankless water heater installation,390,14.96,LOW,29,6.37,50.63
Orange County,water_heater,tankless,tankless water heater installation near me,110,61.11,LOW,27,30,65
Orange County,water_heater,tankless,tankless water heater installer,390,14.96,LOW,29,6.37,50.63
Orange County,water_heater,tankless,tankless water heater installer near me,110,61.11,LOW,27,30,65
Orange County,water_heater,tankless,tankless water heater installation cost,390,6.86,MEDIUM,36,4.77,19.49
Orange County,water_heater,tankless,cost to install tankless water heater,390,6.86,MEDIUM,36,4.77,19.49
Orange County,water_heater,tankless,cost to replace tankless water heater,390,6.86,MEDIUM,36,4.77,19.49
Orange County,water_heater,gas,gas water heater replacement,10,0.29,HIGH,89,,
Orange County,water_heater,gas,gas water heater replacement near me,10,0,,,,
Orange County,water_heater,gas,gas water heater installation,50,0,LOW,0,,
Orange County,water_heater,gas,gas water heater installer,50,0,LOW,0,,
Orange County,water_heater,gas,gas water heater installation cost,30,0,MEDIUM,50,,
Orange County,water_heater,gas,cost to replace gas water heater,10,0,MEDIUM,54,,
Orange County,water_heater,electric,electric water heater replacement,10,0,LOW,0,,
Orange County,water_heater,electric,electric water heater replacement near me,0,0,,,,
Orange County,water_heater,electric,electric water heater installation,30,0,LOW,29,,
Orange County,water_heater,electric,electric water heater installer,30,0,LOW,29,,
Orange County,water_heater,electric,electric water heater installation cost,20,0,LOW,31,,
Orange County,water_heater,electric,cost to replace electric water heater,10,0,LOW,0,,
Orange County,water_heater,heat_pump,heat pump water heater replacement,10,0,LOW,14,,
Orange County,water_heater,heat_pump,heat pump water heater installation,90,4.56,LOW,31,,
Orange County,water_heater,heat_pump,heat pump water heater installer,90,4.56,LOW,31,,
Orange County,water_heater,heat_pump,heat pump water heater installation near me,10,0,,,,
Orange County,water_heater,heat_pump,heat pump water heater installation cost,20,0,LOW,24,,
Orange County,water_heater,heat_pump,hybrid water heater replacement,0,0,,,,
Orange County,water_heater,heat_pump,hybrid water heater installation,10,0,,,,
Orange County,water_heater,heat_pump,hybrid water heater installer,10,0,,,,
Orange County,water_heater,conversion,tank to tankless water heater conversion,10,0,,,,
Orange County,water_heater,conversion,convert tank water heater to tankless,10,0,,,,
Orange County,water_heater,conversion,gas to electric water heater conversion,10,0,,,,
Orange County,water_heater,conversion,electric to gas water heater conversion,10,0,,,,
Orange County,water_heater,problem,replace leaking water heater,0,0,,,,
Orange County,water_heater,problem,leaking water heater replacement,0,0,,,,
Orange County,water_heater,problem,replace broken water heater,0,0,,,,
Orange County,water_heater,problem,broken water heater replacement,0,0,,,,
Orange County,water_heater,problem,no hot water water heater replacement,0,0,,,,
Orange County,painting_interior,core,interior painters,20,24.52,LOW,12,,
Orange County,painting_interior,core,interior painter,20,24.52,LOW,12,,
Orange County,painting_interior,core,interior painters near me,30,18.19,HIGH,69,12.54,46
Orange County,painting_interior,core,interior house painters,20,24.52,LOW,12,,
Orange County,painting_interior,core,interior house painter,10,28.67,HIGH,75,20.63,62.85
Orange County,painting_interior,core,interior home painters,10,0,HIGH,100,,
Orange County,painting_interior,core,interior wall painters,10,0,,,,
Orange County,painting_interior,core,inside house painters,10,0,,,,
Orange County,painting_interior,core,indoor house painters,10,0,,,,
Orange County,painting_interior,service,interior painting,20,24.52,LOW,12,,
Orange County,painting_interior,service,interior house painting,10,28.67,HIGH,75,20.63,62.85
Orange County,painting_interior,service,interior home painting,10,1.56,HIGH,93,,
Orange County,painting_interior,service,interior wall painting,30,2.85,MEDIUM,44,0.36,13.77
Orange County,painting_interior,service,interior painting services,40,74.88,LOW,11,,
Orange County,painting_interior,service,interior house painting services,10,0,LOW,25,,
Orange County,painting_interior,service,interior wall painting services,10,0,LOW,0,,
Orange County,painting_interior,service,residential interior painting,10,0,LOW,0,,
Orange County,painting_interior,service,residential interior painting services,10,0,,,,
Orange County,painting_interior,provider,interior painting company,90,0,,,,
Orange County,painting_interior,provider,interior painting companies,90,0,,,,
Orange County,painting_interior,provider,interior painting company near me,10,0,,,,
Orange County,painting_interior,provider,interior painting contractor,110,0,LOW,9,,
Orange County,painting_interior,provider,interior painting contractors,110,0,LOW,9,,
Orange County,painting_interior,provider,interior painting contractors near me,10,79.2,HIGH,67,,
Orange County,painting_interior,provider,interior wall painting contractors,10,0,,,,
Orange County,painting_interior,provider,local interior painters,10,36.42,HIGH,100,,
Orange County,painting_interior,provider,professional interior painters,10,0,LOW,10,,
Orange County,painting_interior,provider,professional interior painting,10,0,LOW,10,,
Orange County,painting_interior,cost,interior painting cost,40,4.89,LOW,23,3.25,13.27
Orange County,painting_interior,cost,interior house painting cost,20,0,LOW,15,1.79,11.04
Orange County,painting_interior,cost,cost to paint house interior,20,0,LOW,15,1.79,11.04
Orange County,painting_interior,cost,cost to paint interior walls,10,0,LOW,0,,
Orange County,painting_interior,cost,interior painting estimate,10,0,,,,
Orange County,painting_interior,cost,interior painting quote,10,0,,,,
Orange County,painting_interior,cost,interior house painting estimate,10,0,,,,
Orange County,painting_interior,cost,interior house painting quote,0,0,,,,
Orange County,painting_interior,cost,interior painter cost,40,4.89,LOW,23,3.25,13.27
Orange County,painting_interior,cost,interior painting prices,40,4.89,LOW,23,3.25,13.27
Orange County,painting_interior,rooms,whole house interior painting,10,0,,,,
Orange County,painting_interior,rooms,home interior wall painting,0,0,,,,
Orange County,painting_interior,rooms,room painting services,10,0,,,,
Orange County,painting_interior,rooms,living room painters,0,0,,,,
Orange County,painting_interior,rooms,bedroom painters,0,0,,,,
Orange County,painting_interior,rooms,kitchen painters,10,0,HIGH,100,,
Orange County,painting_interior,rooms,bathroom painters,10,0,,,,
Orange County,painting_interior,rooms,ceiling painters,10,0,,,,
Orange County,painting_interior,rooms,ceiling painting services,10,0,LOW,0,,
Orange County,painting_interior,rooms,trim painting services,10,0,,,,
Orange County,painting_interior,rooms,baseboard painting services,0,0,,,,
Orange County,painting_interior,rooms,cabinet painting services,10,0,LOW,24,,
Orange County,painting_exterior,core,exterior painters,10,0,MEDIUM,41,13.89,34.33
Orange County,painting_exterior,core,exterior painter,10,0,MEDIUM,41,13.89,34.33
Orange County,painting_exterior,core,exterior painters near me,30,25.06,HIGH,90,6.02,37
Orange County,painting_exterior,core,exterior house painters,10,7.83,HIGH,81,15.18,37
Orange County,painting_exterior,core,exterior house painter,10,7.83,HIGH,81,15.18,37
Orange County,painting_exterior,core,exterior home painters,10,0,,,,
Orange County,painting_exterior,core,outside house painters,10,7.83,HIGH,81,15.18,37
Orange County,painting_exterior,service,exterior painting,10,0,MEDIUM,41,13.89,34.33
Orange County,painting_exterior,service,exterior house painting,10,7.83,HIGH,81,15.18,37
Orange County,painting_exterior,service,exterior home painting,10,0,,,,
Orange County,painting_exterior,service,exterior wall painting,10,0,MEDIUM,66,,
Orange County,painting_exterior,service,exterior painting services,10,14.42,HIGH,100,,
Orange County,painting_exterior,service,exterior house painting services,10,0,MEDIUM,33,,
Orange County,painting_exterior,service,residential exterior painting,10,0,,,,
Orange County,painting_exterior,service,residential exterior painting services,0,0,,,,
Orange County,painting_exterior,provider,exterior painting company,20,0,HIGH,67,,
Orange County,painting_exterior,provider,exterior painting companies,20,0,HIGH,67,,
Orange County,painting_exterior,provider,exterior painting company near me,70,1.9,MEDIUM,38,8.36,54.5
Orange County,painting_exterior,provider,exterior painting contractor,170,0,LOW,12,,
Orange County,painting_exterior,provider,exterior painting contractors,170,0,LOW,12,,
Orange County,painting_exterior,provider,exterior painting contractors near me,70,1.9,MEDIUM,38,8.36,54.5
Orange County,painting_exterior,provider,local exterior painters,10,0,,,,
Orange County,painting_exterior,provider,professional exterior painters,10,0,LOW,0,,
Orange County,painting_exterior,provider,professional exterior painting,10,0,LOW,0,,
Orange County,painting_exterior,cost,exterior painting cost,20,9.8,MEDIUM,63,1.82,12.57
Orange County,painting_exterior,cost,exterior house painting cost,30,5.81,LOW,23,4.42,11.91
Orange County,painting_exterior,cost,cost to paint house exterior,30,5.81,LOW,23,4.42,11.91
Orange County,painting_exterior,cost,cost to paint exterior walls,0,0,,,,
Orange County,painting_exterior,cost,exterior painting estimate,10,0,HIGH,86,,
Orange County,painting_exterior,cost,exterior painting quote,10,19.81,LOW,24,,
Orange County,painting_exterior,cost,exterior house painting estimate,10,27.19,HIGH,71,,
Orange County,painting_exterior,cost,exterior house painting quote,10,19.81,LOW,24,,
Orange County,painting_exterior,cost,exterior painter cost,20,9.8,MEDIUM,63,1.82,12.57
Orange County,painting_exterior,cost,exterior painting prices,20,9.8,MEDIUM,63,1.82,12.57
Orange County,painting_exterior,surface,stucco painting,50,1.51,HIGH,93,0.27,7.34
Orange County,painting_exterior,surface,stucco painters,50,1.51,HIGH,93,0.27,7.34
Orange County,painting_exterior,surface,stucco painting services,10,0,LOW,0,,
Orange County,painting_exterior,surface,brick house painting,10,0,LOW,0,,
Orange County,painting_exterior,surface,siding painting,10,0,LOW,25,,
Orange County,painting_exterior,surface,siding painters,0,0,,,,
Orange County,painting_exterior,surface,wood siding painting,10,0,HIGH,100,,
Orange County,painting_exterior,surface,house trim painting,10,0,MEDIUM,43,,
Orange County,painting_exterior,surface,front door painting service,10,0,,,,
Orange County,painting_exterior,surface,garage door painting service,10,0,LOW,32,,
Orange County,painting_general,core,house painters,50,32.33,HIGH,74,14.46,46.75
Orange County,painting_general,core,house painter,50,32.33,HIGH,74,14.46,46.75
Orange County,painting_general,core,house painters near me,480,23.72,HIGH,67,12.53,46
Orange County,painting_general,core,home painters,10,27.09,MEDIUM,63,,
Orange County,painting_general,core,residential painters,10,0,LOW,0,,
Orange County,painting_general,core,residential painters near me,10,52.33,HIGH,100,,
Orange County,painting_general,service,house painting,90,6.91,HIGH,82,2.98,36.19
Orange County,painting_general,service,house painting services,20,0,MEDIUM,38,,
Orange County,painting_general,service,home painting services,20,0,MEDIUM,38,,
Orange County,painting_general,service,residential painting,10,0,LOW,0,,
Orange County,painting_general,service,residential painting services,20,0,LOW,14,,
Orange County,painting_general,provider,painting company,260,16.71,HIGH,76,4.04,43.16
Orange County,painting_general,provider,painting companies,260,16.71,HIGH,76,4.04,43.16
Orange County,painting_general,provider,painting company near me,390,8.95,HIGH,68,15.12,58.13
Orange County,painting_general,provider,painting contractor,110,51.53,LOW,18,7.77,57.93
Orange County,painting_general,provider,painting contractors,110,51.53,LOW,18,7.77,57.93
Orange County,painting_general,provider,painting contractors near me,140,18.03,MEDIUM,47,9.81,193.94
Orange County,painting_general,provider,local painting company,10,6.54,MEDIUM,40,,
Orange County,painting_general,provider,local house painters,10,29.53,HIGH,89,,
Orange County,painting_general,provider,professional house painters,20,103.18,LOW,13,,
Orange County,painting_general,cost,house painting cost,40,0,MEDIUM,41,4.6,11.14
Orange County,painting_general,cost,cost to paint a house,40,0,MEDIUM,41,4.6,11.14
Orange County,painting_general,cost,house painting estimate,10,0,MEDIUM,50,,
Orange County,painting_general,cost,house painting quote,10,41.13,MEDIUM,61,16.99,30.98
Orange County,painting_general,cost,painting estimate,10,45.26,HIGH,96,4.94,17.95
Orange County,painting_general,cost,painting quote,20,3.52,LOW,24,4.12,24.67
Orange County,painting_general,cost,free painting estimate,10,0,,,,
Orange County,wallpaper,core,wallpaper installer,70,5.65,HIGH,76,7.07,23.61
Orange County,wallpaper,core,wallpaper installers,70,5.65,HIGH,76,7.07,23.61
Orange County,wallpaper,core,wallpaper installer near me,70,15.22,HIGH,84,8.07,22.59
Orange County,wallpaper,core,wallpaper installation,70,5.65,HIGH,76,7.07,23.61
Orange County,wallpaper,core,wallpaper installation near me,70,15.22,HIGH,84,8.07,22.59
Orange County,wallpaper,core,wallpaper installation service,10,0,LOW,0,,
Orange County,wallpaper,core,wallpaper installation services,10,0,LOW,0,,
Orange County,wallpaper,core,wallpaper hanging,10,0,MEDIUM,51,,
Orange County,wallpaper,core,wallpaper hanging near me,20,3.92,HIGH,99,5.85,13.59
Orange County,wallpaper,core,wallpaper hanging service,10,0,,,,
Orange County,wallpaper,core,wallpaper hanging services,10,0,,,,
Orange County,wallpaper,core,wallpaper hanger,10,0,MEDIUM,51,,
Orange County,wallpaper,core,wallpaper hangers,10,0,MEDIUM,51,,
Orange County,wallpaper,core,wallpaper hanger near me,20,3.92,HIGH,99,5.85,13.59
Orange County,wallpaper,provider,wallpaper installation company,10,3.3,HIGH,85,5.58,22.15
Orange County,wallpaper,provider,wallpaper installation contractor,0,0,,,,
Orange County,wallpaper,provider,wallpaper installation contractors,0,0,,,,
Orange County,wallpaper,provider,professional wallpaper installer,10,0,,,,
Orange County,wallpaper,provider,professional wallpaper installer near me,10,0,,,,
Orange County,wallpaper,provider,professional wallpaper installation,10,0,,,,
Orange County,wallpaper,provider,professional wallpaper hanging,10,2.16,HIGH,79,,
Orange County,wallpaper,provider,local wallpaper installer,10,0,,,,
Orange County,wallpaper,provider,hire wallpaper installer,10,0,,,,
Orange County,wallpaper,cost,wallpaper installer cost,20,6.53,HIGH,69,0.41,8.46
Orange County,wallpaper,cost,wallpaper installation cost,20,6.53,HIGH,69,0.41,8.46
Orange County,wallpaper,cost,cost to install wallpaper,20,6.53,HIGH,69,0.41,8.46
Orange County,wallpaper,cost,wallpaper hanging cost,10,0,,,,
Orange County,wallpaper,cost,cost to hang wallpaper,10,0,,,,
Orange County,wallpaper,cost,wallpaper installation estimate,0,0,,,,
Orange County,wallpaper,cost,wallpaper installation quote,0,0,,,,
Orange County,wallpaper,cost,wallpaper installer prices,0,0,,,,
Orange County,wallpaper,cost,professional wallpaper installer cost,10,0,,,,
Orange County,wallpaper,type,peel and stick wallpaper installer,10,0,MEDIUM,52,,
Orange County,wallpaper,type,peel and stick wallpaper installation,10,0,MEDIUM,52,,
Orange County,wallpaper,type,mural wallpaper installer,0,0,,,,
Orange County,wallpaper,type,wall mural installation,10,0,,,,
Orange County,wallpaper,type,grasscloth wallpaper installer,0,0,,,,
Orange County,wallpaper,type,grasscloth wallpaper installation,10,0,LOW,0,,
Orange County,wallpaper,type,textured wallpaper installation,0,0,,,,
Orange County,wallpaper,type,vinyl wallpaper installation,10,0,,,,
Orange County,wallpaper,type,custom wallpaper installation,10,0,,,,
Orange County,wallpaper,type,residential wallpaper installation,10,0,,,,
Orange County,floristry,occasion,birthday flowers,880,1.63,HIGH,100,1.15,5.32
Orange County,floristry,delivery,flower delivery,3600,10.18,HIGH,100,3.77,9.75
Orange County,floristry,core,flowers,22200,4.97,HIGH,100,2.53,8.15
Orange County,floristry,custom,personalized bouquets from local florists,0,0,,,,
Orange County,floristry,roses,rose bouquets,480,1.02,HIGH,99,1.09,4.25
Orange County,floristry,delivery,same day flower delivery,880,13.21,HIGH,94,4.77,12.37
Orange County,floristry,occasion,sympathy flowers,260,6.28,HIGH,100,1.78,7.13
Orange County,floristry,wedding,wedding flowers,320,2.35,HIGH,87,1.03,3.5
Orange County,floristry,occasion,anniversary flowers,70,9.13,HIGH,100,2.44,11.15
Orange County,floristry,occasion,apology flowers,20,0.03,HIGH,99,0.75,2.29
Orange County,floristry,wedding,bridal bouquets,260,1.08,HIGH,100,0.81,2.21
Orange County,floristry,occasion,congratulations flowers,30,3.74,HIGH,100,1.4,5.29
Orange County,floristry,corporate,corporate flowers,10,0,LOW,0,,
Orange County,floristry,custom,custom bouquets,30,1.33,HIGH,99,1.09,2.46
Orange County,floristry,event,event flower arrangements,20,0,HIGH,100,,
Orange County,floristry,wedding,flowers for newlyweds,10,0,,,,
Orange County,floristry,occasion,get well flowers,30,6.79,HIGH,100,1.57,6.68
Orange County,floristry,occasion,housewarming flowers,10,2.49,HIGH,100,0.5,3.48
Orange County,floristry,occasion,just because flowers,10,0,HIGH,71,,
Orange County,floristry,luxury,luxury bouquets,30,0,HIGH,83,,
Orange County,floristry,occasion,new baby flowers,10,7.78,HIGH,95,3.22,7.15
Orange County,floristry,occasion,romantic flowers,30,0.02,MEDIUM,40,,
Orange County,floristry,occasion,thank you flowers,70,4.04,HIGH,96,2.45,5.47
Orange County,floristry,wedding,bridal bouquet,260,1.08,HIGH,100,0.81,2.21
Orange County,floristry,event,event flowers,10,0,MEDIUM,50,,
Orange County,floristry,event,floral centerpieces,70,1.57,HIGH,100,0.26,2.61
Orange County,floristry,core,florist,2900,3.89,MEDIUM,53,1.95,6.44
Orange County,floristry,event,flower centerpieces,50,0.83,HIGH,100,0.36,1.53
Orange County,floristry,core,flower shop,3600,1.79,MEDIUM,59,1.23,4.12
Orange County,floristry,core,local florist,40,3.41,HIGH,94,1.68,3.88
Orange County,floristry,custom,personalized bouquets,30,1.33,HIGH,99,1.09,2.46
Orange County,floristry,roses,rose bouquet,480,1.02,HIGH,99,1.09,4.25
Orange County,floristry,roses,roses,8100,1.24,HIGH,70,0.67,4.2
Orange County,floristry,delivery,send flowers,390,9.58,HIGH,100,3.5,9.1
Orange County,floristry,event,table flower arrangements,30,0.64,HIGH,100,0.33,2.93
Orange County,floristry,wedding,wedding gift flowers,10,0.37,HIGH,100,,
Orange County,water_heater,tankless,tankless water heater cost,390,9.14,HIGH,96,1.21,10
Orange County,water_heater,cost,water heater cost,90,12.49,HIGH,79,2.53,10.86
Orange County,water_heater,cost,hot water heater replacement cost,20,24.29,HIGH,91,2.97,14.5
Orange County,water_heater,cost,hot water heater cost,20,14.75,HIGH,82,3.02,10
Orange County,water_heater,tankless,tankless water heater installation gas,50,0,LOW,10,,
Orange County,water_heater,installation,tank water heater install,20,0,,,,
Orange County,water_heater,replacement,water heater service,50,42.31,HIGH,79,21.69,110.14
Orange County,water_heater,tankless,tankless electric water heater installation,30,0,LOW,14,,
Orange County,water_heater,tankless,tankless water heater replacement cost,390,6.86,MEDIUM,36,4.77,19.49
Orange County,water_heater,tankless,tankless water heater price,30,2.33,HIGH,96,0.54,7.9
Orange County,water_heater,tankless,electric tankless water heater cost,30,0,HIGH,100,,
Orange County,water_heater,tankless,tankless water heater service,30,111.89,HIGH,74,28,90.78
Orange County,water_heater,tankless,replace tankless water heater,30,17.42,LOW,18,6.82,46.67
Orange County,water_heater,cost,hot water heater installation cost,10,4.48,MEDIUM,66,6.13,17.49
Orange County,water_heater,electric,electric water heater cost,10,0,MEDIUM,33,,
Orange County,water_heater,electric,electric water heater replacement cost,10,0,LOW,0,,
Orange County,water_heater,gas,gas water heater cost,10,0,HIGH,95,13.3,44.77
Orange County,water_heater,heat_pump,heat pump water heater cost,10,0,HIGH,76,,
Orange County,water_heater,tankless,propane tankless water heater installation,10,0,,,,
Orange County,water_heater,tankless,tankless water heater installation services,10,0,LOW,0,,
Orange County,water_heater,tankless,tankless gas water heater cost,10,0,HIGH,100,,
Orange County,water_heater,tankless,gas tankless water heater cost,10,0,HIGH,100,,
Orange County,water_heater,gas,gas hot water heater cost,10,0,,,,
Orange County,water_heater,electric,electric hot water heater installation cost,10,0,,,,
Orange County,water_heater,gas,gas hot water heater installation,10,0,,,,
Orange County,water_heater,electric,electric hot water heater installation,10,0,,,,
Orange County,water_heater,tankless,natural gas tankless water heater installation,10,0,,,,
Orange County,water_heater,tankless,gas tankless hot water heater installation,10,0,,,,
Orange County,water_heater,electric,hot water heater installation electric,10,0,,,,
Orange County,water_heater,tankless,tankless water heater company,10,0,HIGH,67,,
Orange County,water_heater,tankless,cost to install electric tankless hot water heater,10,0,,,,
Orange County,painting_interior,service,interior door painting services,10,0,LOW,16,,
Orange County,painting_interior,provider,house interior painting contractors,10,0,,,,
Orange County,painting_interior,provider,interior home painting company,10,0,LOW,0,,
Orange County,painting_interior,provider,interior house painting companies,10,0,LOW,0,,
Orange County,painting_interior,cost,interior house painting estimates,10,0,,,,
Orange County,painting_interior,service,cheap interior painters,10,0,LOW,0,,
Orange County,painting_interior,provider,interior home painting contractors,10,0,,,,
Orange County,painting_interior,cost,interior home painting estimate,10,0,,,,
Orange County,painting_interior,service,home interior painting services,10,0,,,,
Orange County,painting_interior,cost,interior painters quotes,10,0,,,,
Orange County,painting_interior,service,residential house interior painting,0,0,,,,
Orange County,painting_exterior,service,painting services,70,61.51,MEDIUM,47,10,46
Orange County,painting_exterior,service,local painting services,10,0,,,,
Orange County,painting_exterior,residential,professional house painter,20,103.18,LOW,13,,
Orange County,painting_exterior,provider,house painting contractors,10,14.23,MEDIUM,48,,
Orange County,painting_exterior,provider,professional painting contractors,10,0,,,,
Orange County,painting_exterior,provider,local painting contractors,10,0,,,,
Orange County,painting_exterior,provider,house exterior painting contractor,10,0,LOW,0,,
Orange County,painting_exterior,service,exterior painting professional,10,0,LOW,0,,
Orange County,painting_exterior,provider,professional house painting contractor,10,0,,,,
Orange County,painting_exterior,provider,professional house painting contractors,10,0,,,,
Orange County,painting_exterior,residential,professional exterior house painters,10,0,LOW,0,,
Orange County,painting_exterior,residential,professional home painters,10,0,,,,
Orange County,painting_exterior,residential,professional residential painters,10,0,,,,
Orange County,floristry,occasion,valentines flowers,1900,0,MEDIUM,52,,
Orange County,floristry,arrangements,flower bouquet,1300,1.56,HIGH,100,1.09,2.86
Orange County,floristry,sympathy,funeral flowers,720,2.79,HIGH,100,1.19,4.46
Orange County,floristry,sympathy,funeral flower arrangements,390,2.44,HIGH,100,0.98,3.33
Orange County,floristry,arrangements,flower bouquet near me,260,1.47,HIGH,99,0.94,2.26
Orange County,floristry,delivery,flower delivery service,170,9.44,HIGH,100,3.04,8.76
Orange County,floristry,wedding_event,boutonniere wedding,170,0.19,HIGH,73,,
Orange County,floristry,delivery,flower delivery services online,140,0,HIGH,67,,
Orange County,floristry,delivery,online flower delivery,90,11.95,HIGH,100,3.2,9.12
Orange County,floristry,delivery,cheap flower delivery,90,5.87,HIGH,100,2.06,5.47
Orange County,floristry,core,same day flowers,90,13.16,HIGH,100,3.42,10.65
Orange County,floristry,delivery,deliver flowers,3600,10.18,HIGH,100,3.77,9.75
Orange County,floristry,delivery,send flowers online,70,10.94,HIGH,100,3.39,7.69
Orange County,floristry,sympathy,funeral flowers delivery,90,3.29,HIGH,100,1.55,4.22
Orange County,floristry,wedding_event,corsage flower,90,4.31,MEDIUM,45,,
Orange County,floristry,occasion,mother's day flower delivery,70,0,,,,
Orange County,floristry,delivery,best flower delivery,70,9.8,HIGH,100,3.42,11.12
Orange County,floristry,delivery,flower bouquet delivery,70,5.61,HIGH,100,1.8,5.77
Orange County,floristry,wedding_event,wedding flower bouquets,90,1.69,HIGH,100,0.37,2.09
Orange County,floristry,delivery,flower delivery today,70,14.54,HIGH,100,5.92,13.49
Orange County,floristry,delivery,local flower delivery,40,6.78,HIGH,100,3.55,10.13
Orange County,floristry,delivery,fresh flower delivery,70,5.14,HIGH,100,2.39,4.84
Orange County,floristry,sympathy,sympathy flowers delivery,50,11.58,HIGH,100,4.41,12.25
Orange County,floristry,delivery,best online flower delivery,40,6.2,HIGH,100,2.39,8.25
Orange County,floristry,occasion,valentines flower bouquet,50,0,HIGH,100,,
Orange County,floristry,occasion,mother's day flowers delivery,70,0,,,,
Orange County,floristry,arrangements,fresh flower bouquet,40,0.56,HIGH,100,,
Orange County,floristry,wedding_event,rose bridal bouquet,40,0.18,HIGH,78,1.32,2.06
Orange County,floristry,delivery,flower delivery same day,880,13.21,HIGH,94,4.77,12.37
Orange County,floristry,delivery,best flower delivery services,40,10.92,HIGH,100,3.4,10.32
Orange County,floristry,arrangements,custom flower bouquet,30,1.33,HIGH,99,1.09,2.46
Orange County,floristry,sympathy,sympathy flower arrangements,30,3.41,HIGH,100,1.12,5.23
Orange County,floristry,core,florist flowers,20,2.54,MEDIUM,62,1.34,3.47
Orange County,floristry,wedding_event,bridal bouquet fresh flowers,20,1.05,HIGH,88,,
Orange County,floristry,wedding_event,wedding flowers delivery,10,0,HIGH,100,,
Orange County,floristry,delivery,same day flower delivery service,10,0,HIGH,100,,
Orange County,floristry,delivery,same day flower delivery services,10,0,HIGH,100,,
Orange County,floristry,delivery,cheap same day flower delivery,10,7.47,HIGH,79,,
Orange County,floristry,wedding_event,bridal bouquet flowers,10,0.16,HIGH,71,,
Orange County,floristry,wedding_event,wedding bridal bouquet,10,0,,,,
Orange County,floristry,delivery,best same day flower delivery,10,0,HIGH,100,,
Orange County,floristry,sympathy,sympathy flowers same day delivery,10,3.36,HIGH,100,,
Orange County,floristry,sympathy,funeral flowers same day delivery,10,6.4,HIGH,100,4.94,9.62
Orange County,floristry,delivery,flower bouquet delivery same day,10,1.61,HIGH,100,,
Orange County,floristry,delivery,same day delivery flower bouquet,10,1.61,HIGH,100,,
Orange County,floristry,delivery,local flower delivery same day,10,0,LOW,0,,
Orange County,floristry,delivery,florist flower delivery,10,0,,,,
Orange County,floristry,delivery,online flower bouquet delivery,10,0,,,,
Orange County,floristry,delivery,send flowers online same day,10,0,LOW,0,,
Orange County,floristry,delivery,flower bouquet same day delivery,10,6.88,HIGH,100,,
Livermore,water_heater,replacement,water heater replacement,20,4.43,HIGH,67,8.11,41.84
Livermore,water_heater,replacement,water heater replacement near me,10,165.32,MEDIUM,40,,
Livermore,water_heater,replacement,replace water heater,20,4.43,HIGH,67,8.11,41.84
Livermore,water_heater,replacement,replace water heater near me,10,165.32,MEDIUM,40,,
Livermore,water_heater,replacement,water heater replacement service,10,0,,,,
Livermore,water_heater,replacement,water heater replacement services,10,0,,,,
Livermore,water_heater,replacement,water heater replacement company,0,0,,,,
Livermore,water_heater,replacement,water heater replacement contractor,0,0,,,,
Livermore,water_heater,replacement,water heater replacement contractors,0,0,,,,
Livermore,water_heater,replacement,water heater replacement installer,0,0,,,,
Livermore,water_heater,replacement,water heater replacement installers,0,0,,,,
Livermore,water_heater,replacement,local water heater replacement,0,0,,,,
Livermore,water_heater,replacement,professional water heater replacement,0,0,,,,
Livermore,water_heater,replacement,residential water heater replacement,0,0,,,,
Livermore,water_heater,replacement,home water heater replacement,0,0,,,,
Livermore,water_heater,replacement,hot water heater replacement,10,0,LOW,0,,
Livermore,water_heater,replacement,hot water heater replacement near me,10,0,,,,
Livermore,water_heater,replacement,water heater change out,0,0,,,,
Livermore,water_heater,replacement,water heater changeout,0,0,,,,
Livermore,water_heater,replacement,water heater swap,0,0,,,,
Livermore,water_heater,installation,water heater installation,20,146.74,LOW,8,,
Livermore,water_heater,installation,water heater installation near me,10,0,LOW,1,,
Livermore,water_heater,installation,water heater installation service,10,0,,,,
Livermore,water_heater,installation,water heater installation services,10,0,,,,
Livermore,water_heater,installation,water heater installation company,10,0,LOW,0,,
Livermore,water_heater,installation,water heater installation contractor,10,0,,,,
Livermore,water_heater,installation,water heater installation contractors,10,0,,,,
Livermore,water_heater,installation,water heater installer,20,146.74,LOW,8,,
Livermore,water_heater,installation,water heater installers,20,146.74,LOW,8,,
Livermore,water_heater,installation,water heater installer near me,10,0,LOW,1,,
Livermore,water_heater,installation,local water heater installer,0,0,,,,
Livermore,water_heater,installation,professional water heater installation,10,0,LOW,0,,
Livermore,water_heater,installation,residential water heater installation,0,0,,,,
Livermore,water_heater,installation,home water heater installation,0,0,,,,
Livermore,water_heater,installation,hot water heater installation,10,0,LOW,0,,
Livermore,water_heater,installation,hot water heater installer,10,0,LOW,0,,
Livermore,water_heater,cost,water heater replacement cost,20,10.03,MEDIUM,63,3.72,22.43
Livermore,water_heater,cost,cost to replace water heater,20,10.03,MEDIUM,63,3.72,22.43
Livermore,water_heater,cost,how much to replace water heater,10,0,MEDIUM,57,,
Livermore,water_heater,cost,water heater installation cost,10,9.71,MEDIUM,46,,
Livermore,water_heater,cost,cost to install water heater,10,9.71,MEDIUM,46,,
Livermore,water_heater,cost,water heater replacement estimate,0,0,,,,
Livermore,water_heater,cost,water heater installation estimate,10,0,,,,
Livermore,water_heater,cost,water heater replacement quote,10,0,,,,
Livermore,water_heater,cost,water heater installation quote,10,0,,,,
Livermore,water_heater,cost,water heater replacement price,10,0,,,,
Livermore,water_heater,cost,water heater installation price,10,0,,,,
Livermore,water_heater,same_day,same day water heater replacement,10,0,,,,
Livermore,water_heater,same_day,same day water heater installation,10,0,,,,
Livermore,water_heater,same_day,same day water heater installer,0,0,,,,
Livermore,water_heater,same_day,emergency water heater replacement,10,0,,,,
Livermore,water_heater,same_day,emergency water heater installation,0,0,,,,
Livermore,water_heater,same_day,urgent water heater replacement,0,0,,,,
Livermore,water_heater,same_day,24 hour water heater replacement,0,0,,,,
Livermore,water_heater,same_day,water heater replacement today,0,0,,,,
Livermore,water_heater,tank,tank water heater replacement,10,0,HIGH,100,,
Livermore,water_heater,tank,tank water heater installation,10,0,,,,
Livermore,water_heater,tank,tank water heater installer,0,0,,,,
Livermore,water_heater,tank,storage tank water heater replacement,0,0,,,,
Livermore,water_heater,tank,standard water heater replacement,0,0,,,,
Livermore,water_heater,tank,conventional water heater replacement,0,0,,,,
Livermore,water_heater,tankless,tankless water heater replacement,10,0,,,,
Livermore,water_heater,tankless,tankless water heater replacement near me,10,0,,,,
Livermore,water_heater,tankless,tankless water heater installation,10,0,LOW,0,,
Livermore,water_heater,tankless,tankless water heater installation near me,10,0,,,,
Livermore,water_heater,tankless,tankless water heater installer,10,0,LOW,0,,
Livermore,water_heater,tankless,tankless water heater installer near me,10,0,,,,
Livermore,water_heater,tankless,tankless water heater installation cost,10,0,LOW,23,,
Livermore,water_heater,tankless,cost to install tankless water heater,10,0,LOW,23,,
Livermore,water_heater,tankless,cost to replace tankless water heater,10,0,LOW,23,,
Livermore,water_heater,gas,gas water heater replacement,10,0,,,,
Livermore,water_heater,gas,gas water heater replacement near me,0,0,,,,
Livermore,water_heater,gas,gas water heater installation,10,0,,,,
Livermore,water_heater,gas,gas water heater installer,10,0,,,,
Livermore,water_heater,gas,gas water heater installation cost,10,0,,,,
Livermore,water_heater,gas,cost to replace gas water heater,10,0,,,,
Livermore,water_heater,electric,electric water heater replacement,10,0,,,,
Livermore,water_heater,electric,electric water heater replacement near me,0,0,,,,
Livermore,water_heater,electric,electric water heater installation,10,0,,,,
Livermore,water_heater,electric,electric water heater installer,10,0,,,,
Livermore,water_heater,electric,electric water heater installation cost,10,0,,,,
Livermore,water_heater,electric,cost to replace electric water heater,10,0,,,,
Livermore,water_heater,heat_pump,heat pump water heater replacement,0,0,,,,
Livermore,water_heater,heat_pump,heat pump water heater installation,10,0,LOW,31,,
Livermore,water_heater,heat_pump,heat pump water heater installer,10,0,LOW,31,,
Livermore,water_heater,heat_pump,heat pump water heater installation near me,0,0,,,,
Livermore,water_heater,heat_pump,heat pump water heater installation cost,10,0,MEDIUM,61,,
Livermore,water_heater,heat_pump,hybrid water heater replacement,0,0,,,,
Livermore,water_heater,heat_pump,hybrid water heater installation,10,0,,,,
Livermore,water_heater,heat_pump,hybrid water heater installer,10,0,,,,
Livermore,water_heater,conversion,tank to tankless water heater conversion,0,0,,,,
Livermore,water_heater,conversion,convert tank water heater to tankless,0,0,,,,
Livermore,water_heater,conversion,gas to electric water heater conversion,10,0,,,,
Livermore,water_heater,conversion,electric to gas water heater conversion,10,0,,,,
Livermore,water_heater,problem,replace leaking water heater,0,0,,,,
Livermore,water_heater,problem,leaking water heater replacement,0,0,,,,
Livermore,water_heater,problem,replace broken water heater,0,0,,,,
Livermore,water_heater,problem,broken water heater replacement,0,0,,,,
Livermore,water_heater,problem,no hot water water heater replacement,0,0,,,,
Livermore,painting_interior,core,interior painters,10,0,,,,
Livermore,painting_interior,core,interior painter,10,0,,,,
Livermore,painting_interior,core,interior painters near me,10,10.21,MEDIUM,33,,
Livermore,painting_interior,core,interior house painters,10,0,,,,
Livermore,painting_interior,core,interior house painter,0,0,,,,
Livermore,painting_interior,core,interior home painters,0,0,,,,
Livermore,painting_interior,core,interior wall painters,0,0,,,,
Livermore,painting_interior,core,inside house painters,0,0,,,,
Livermore,painting_interior,core,indoor house painters,0,0,,,,
Livermore,painting_interior,service,interior painting,10,0,,,,
Livermore,painting_interior,service,interior house painting,0,0,,,,
Livermore,painting_interior,service,interior home painting,10,0,,,,
Livermore,painting_interior,service,interior wall painting,10,0,LOW,0,,
Livermore,painting_interior,service,interior painting services,10,0,,,,
Livermore,painting_interior,service,interior house painting services,10,0,,,,
Livermore,painting_interior,service,interior wall painting services,0,0,,,,
Livermore,painting_interior,service,residential interior painting,10,0,,,,
Livermore,painting_interior,service,residential interior painting services,0,0,,,,
Livermore,painting_interior,provider,interior painting company,10,0,,,,
Livermore,painting_interior,provider,interior painting companies,10,0,,,,
Livermore,painting_interior,provider,interior painting company near me,0,0,,,,
Livermore,painting_interior,provider,interior painting contractor,10,0,,,,
Livermore,painting_interior,provider,interior painting contractors,10,0,,,,
Livermore,painting_interior,provider,interior painting contractors near me,10,0,,,,
Livermore,painting_interior,provider,interior wall painting contractors,0,0,,,,
Livermore,painting_interior,provider,local interior painters,0,0,,,,
Livermore,painting_interior,provider,professional interior painters,0,0,,,,
Livermore,painting_interior,provider,professional interior painting,0,0,,,,
Livermore,painting_interior,cost,interior painting cost,10,0,HIGH,86,,
Livermore,painting_interior,cost,interior house painting cost,10,0,LOW,0,,
Livermore,painting_interior,cost,cost to paint house interior,10,0,LOW,0,,
Livermore,painting_interior,cost,cost to paint interior walls,0,0,,,,
Livermore,painting_interior,cost,interior painting estimate,0,0,,,,
Livermore,painting_interior,cost,interior painting quote,10,0,,,,
Livermore,painting_interior,cost,interior house painting estimate,0,0,,,,
Livermore,painting_interior,cost,interior house painting quote,0,0,,,,
Livermore,painting_interior,cost,interior painter cost,10,0,HIGH,86,,
Livermore,painting_interior,cost,interior painting prices,10,0,HIGH,86,,
Livermore,painting_interior,rooms,whole house interior painting,0,0,,,,
Livermore,painting_interior,rooms,home interior wall painting,0,0,,,,
Livermore,painting_interior,rooms,room painting services,0,0,,,,
Livermore,painting_interior,rooms,living room painters,0,0,,,,
Livermore,painting_interior,rooms,bedroom painters,0,0,,,,
Livermore,painting_interior,rooms,kitchen painters,0,0,,,,
Livermore,painting_interior,rooms,bathroom painters,0,0,,,,
Livermore,painting_interior,rooms,ceiling painters,0,0,,,,
Livermore,painting_interior,rooms,ceiling painting services,0,0,,,,
Livermore,painting_interior,rooms,trim painting services,0,0,,,,
Livermore,painting_interior,rooms,baseboard painting services,0,0,,,,
Livermore,painting_interior,rooms,cabinet painting services,10,0,,,,
Livermore,painting_exterior,core,exterior painters,10,0,,,,
Livermore,painting_exterior,core,exterior painter,10,0,,,,
Livermore,painting_exterior,core,exterior painters near me,10,0,,,,
Livermore,painting_exterior,core,exterior house painters,10,0,,,,
Livermore,painting_exterior,core,exterior house painter,10,0,,,,
Livermore,painting_exterior,core,exterior home painters,0,0,,,,
Livermore,painting_exterior,core,outside house painters,10,0,,,,
Livermore,painting_exterior,service,exterior painting,10,0,,,,
Livermore,painting_exterior,service,exterior house painting,10,0,,,,
Livermore,painting_exterior,service,exterior home painting,0,0,,,,
Livermore,painting_exterior,service,exterior wall painting,10,0,LOW,0,,
Livermore,painting_exterior,service,exterior painting services,10,0,,,,
Livermore,painting_exterior,service,exterior house painting services,10,0,LOW,29,,
Livermore,painting_exterior,service,residential exterior painting,10,0,,,,
Livermore,painting_exterior,service,residential exterior painting services,10,0,,,,
Livermore,painting_exterior,provider,exterior painting company,10,0,LOW,0,,
Livermore,painting_exterior,provider,exterior painting companies,10,0,LOW,0,,
Livermore,painting_exterior,provider,exterior painting company near me,10,0,LOW,5,,
Livermore,painting_exterior,provider,exterior painting contractor,10,0,LOW,0,,
Livermore,painting_exterior,provider,exterior painting contractors,10,0,LOW,0,,
Livermore,painting_exterior,provider,exterior painting contractors near me,10,0,LOW,5,,
Livermore,painting_exterior,provider,local exterior painters,0,0,,,,
Livermore,painting_exterior,provider,professional exterior painters,0,0,,,,
Livermore,painting_exterior,provider,professional exterior painting,0,0,,,,
Livermore,painting_exterior,cost,exterior painting cost,10,0,,,,
Livermore,painting_exterior,cost,exterior house painting cost,10,0,,,,
Livermore,painting_exterior,cost,cost to paint house exterior,10,0,,,,
Livermore,painting_exterior,cost,cost to paint exterior walls,0,0,,,,
Livermore,painting_exterior,cost,exterior painting estimate,10,0,,,,
Livermore,painting_exterior,cost,exterior painting quote,10,0,,,,
Livermore,painting_exterior,cost,exterior house painting estimate,0,0,,,,
Livermore,painting_exterior,cost,exterior house painting quote,10,0,,,,
Livermore,painting_exterior,cost,exterior painter cost,10,0,,,,
Livermore,painting_exterior,cost,exterior painting prices,10,0,,,,
Livermore,painting_exterior,surface,stucco painting,10,0,HIGH,100,,
Livermore,painting_exterior,surface,stucco painters,10,0,HIGH,100,,
Livermore,painting_exterior,surface,stucco painting services,0,0,,,,
Livermore,painting_exterior,surface,brick house painting,10,0,,,,
Livermore,painting_exterior,surface,siding painting,10,0,,,,
Livermore,painting_exterior,surface,siding painters,0,0,,,,
Livermore,painting_exterior,surface,wood siding painting,0,0,,,,
Livermore,painting_exterior,surface,house trim painting,0,0,,,,
Livermore,painting_exterior,surface,front door painting service,0,0,,,,
Livermore,painting_exterior,surface,garage door painting service,10,0,,,,
Livermore,painting_general,core,house painters,10,0,HIGH,100,,
Livermore,painting_general,core,house painter,10,0,HIGH,100,,
Livermore,painting_general,core,house painters near me,40,16.87,MEDIUM,37,11.59,25.66
Livermore,painting_general,core,home painters,0,0,,,,
Livermore,painting_general,core,residential painters,10,0,,,,
Livermore,painting_general,core,residential painters near me,10,0,,,,
Livermore,painting_general,service,house painting,10,0,HIGH,86,,
Livermore,painting_general,service,house painting services,10,0,,,,
Livermore,painting_general,service,home painting services,10,0,,,,
Livermore,painting_general,service,residential painting,10,0,,,,
Livermore,painting_general,service,residential painting services,0,0,,,,
Livermore,painting_general,provider,painting company,10,0,,,,
Livermore,painting_general,provider,painting companies,10,0,,,,
Livermore,painting_general,provider,painting company near me,10,0,HIGH,90,,
Livermore,painting_general,provider,painting contractor,10,0,LOW,0,,
Livermore,painting_general,provider,painting contractors,10,0,LOW,0,,
Livermore,painting_general,provider,painting contractors near me,10,0,HIGH,100,,
Livermore,painting_general,provider,local painting company,10,0,,,,
Livermore,painting_general,provider,local house painters,10,0,,,,
Livermore,painting_general,provider,professional house painters,10,0,,,,
Livermore,painting_general,cost,house painting cost,10,0,MEDIUM,38,,
Livermore,painting_general,cost,cost to paint a house,10,0,MEDIUM,38,,
Livermore,painting_general,cost,house painting estimate,10,0,,,,
Livermore,painting_general,cost,house painting quote,10,0,,,,
Livermore,painting_general,cost,painting estimate,10,19.13,MEDIUM,43,,
Livermore,painting_general,cost,painting quote,10,0,,,,
Livermore,painting_general,cost,free painting estimate,0,0,,,,
Livermore,wallpaper,core,wallpaper installer,10,0,LOW,14,,
Livermore,wallpaper,core,wallpaper installers,10,0,LOW,14,,
Livermore,wallpaper,core,wallpaper installer near me,10,15.29,HIGH,79,,
Livermore,wallpaper,core,wallpaper installation,10,0,LOW,14,,
Livermore,wallpaper,core,wallpaper installation near me,10,15.29,HIGH,79,,
Livermore,wallpaper,core,wallpaper installation service,0,0,,,,
Livermore,wallpaper,core,wallpaper installation services,0,0,,,,
Livermore,wallpaper,core,wallpaper hanging,10,0,LOW,0,,
Livermore,wallpaper,core,wallpaper hanging near me,10,0,,,,
Livermore,wallpaper,core,wallpaper hanging service,0,0,,,,
Livermore,wallpaper,core,wallpaper hanging services,0,0,,,,
Livermore,wallpaper,core,wallpaper hanger,10,0,LOW,0,,
Livermore,wallpaper,core,wallpaper hangers,10,0,LOW,0,,
Livermore,wallpaper,core,wallpaper hanger near me,10,0,,,,
Livermore,wallpaper,provider,wallpaper installation company,10,0,,,,
Livermore,wallpaper,provider,wallpaper installation contractor,0,0,,,,
Livermore,wallpaper,provider,wallpaper installation contractors,0,0,,,,
Livermore,wallpaper,provider,professional wallpaper installer,10,0,,,,
Livermore,wallpaper,provider,professional wallpaper installer near me,10,0,,,,
Livermore,wallpaper,provider,professional wallpaper installation,10,0,,,,
Livermore,wallpaper,provider,professional wallpaper hanging,0,0,,,,
Livermore,wallpaper,provider,local wallpaper installer,0,0,,,,
Livermore,wallpaper,provider,hire wallpaper installer,0,0,,,,
Livermore,wallpaper,cost,wallpaper installer cost,10,0,HIGH,71,,
Livermore,wallpaper,cost,wallpaper installation cost,10,0,HIGH,71,,
Livermore,wallpaper,cost,cost to install wallpaper,10,0,HIGH,71,,
Livermore,wallpaper,cost,wallpaper hanging cost,0,0,,,,
Livermore,wallpaper,cost,cost to hang wallpaper,0,0,,,,
Livermore,wallpaper,cost,wallpaper installation estimate,0,0,,,,
Livermore,wallpaper,cost,wallpaper installation quote,0,0,,,,
Livermore,wallpaper,cost,wallpaper installer prices,0,0,,,,
Livermore,wallpaper,cost,professional wallpaper installer cost,0,0,,,,
Livermore,wallpaper,type,peel and stick wallpaper installer,10,0,,,,
Livermore,wallpaper,type,peel and stick wallpaper installation,10,0,,,,
Livermore,wallpaper,type,mural wallpaper installer,0,0,,,,
Livermore,wallpaper,type,wall mural installation,0,0,,,,
Livermore,wallpaper,type,grasscloth wallpaper installer,0,0,,,,
Livermore,wallpaper,type,grasscloth wallpaper installation,0,0,,,,
Livermore,wallpaper,type,textured wallpaper installation,0,0,,,,
Livermore,wallpaper,type,vinyl wallpaper installation,0,0,,,,
Livermore,wallpaper,type,custom wallpaper installation,0,0,,,,
Livermore,wallpaper,type,residential wallpaper installation,0,0,,,,
Livermore,floristry,occasion,birthday flowers,20,0.08,HIGH,98,,
Livermore,floristry,delivery,flower delivery,90,11.63,HIGH,100,3.88,9.45
Livermore,floristry,core,flowers,390,8.37,HIGH,97,2.72,9.68
Livermore,floristry,custom,personalized bouquets from local florists,0,0,,,,
Livermore,floristry,roses,rose bouquets,10,0,MEDIUM,50,,
Livermore,floristry,delivery,same day flower delivery,30,18.16,HIGH,76,9.06,12.35
Livermore,floristry,occasion,sympathy flowers,10,10.59,HIGH,89,3.93,6.64
Livermore,floristry,wedding,wedding flowers,10,0,MEDIUM,50,,
Livermore,floristry,occasion,anniversary flowers,10,0,,,,
Livermore,floristry,occasion,apology flowers,10,0,,,,
Livermore,floristry,wedding,bridal bouquets,10,0.56,HIGH,100,,
Livermore,floristry,occasion,congratulations flowers,10,2.56,HIGH,100,,
Livermore,floristry,corporate,corporate flowers,0,0,,,,
Livermore,floristry,custom,custom bouquets,10,1.41,HIGH,100,,
Livermore,floristry,event,event flower arrangements,10,0,,,,
Livermore,floristry,wedding,flowers for newlyweds,0,0,,,,
Livermore,floristry,occasion,get well flowers,10,0,,,,
Livermore,floristry,occasion,housewarming flowers,10,0,HIGH,100,,
Livermore,floristry,occasion,just because flowers,10,0,,,,
Livermore,floristry,luxury,luxury bouquets,10,0,LOW,0,,
Livermore,floristry,occasion,new baby flowers,10,0,,,,
Livermore,floristry,occasion,romantic flowers,10,0,,,,
Livermore,floristry,occasion,thank you flowers,10,0,,,,
Livermore,floristry,wedding,bridal bouquet,10,0.56,HIGH,100,,
Livermore,floristry,event,event flowers,10,0,,,,
Livermore,floristry,event,floral centerpieces,10,0.1,HIGH,100,,
Livermore,floristry,core,florist,70,2.92,LOW,30,1.44,5.27
Livermore,floristry,event,flower centerpieces,10,0,,,,
Livermore,floristry,core,flower shop,50,2.81,LOW,32,,
Livermore,floristry,core,local florist,10,0,,,,
Livermore,floristry,custom,personalized bouquets,10,1.41,HIGH,100,,
Livermore,floristry,roses,rose bouquet,10,0,MEDIUM,50,,
Livermore,floristry,roses,roses,170,0.41,MEDIUM,63,,
Livermore,floristry,delivery,send flowers,10,10.89,HIGH,100,4.1,10.99
Livermore,floristry,event,table flower arrangements,10,0,,,,
Livermore,floristry,wedding,wedding gift flowers,0,0,,,,
Livermore,water_heater,tankless,tankless water heater cost,10,2.03,HIGH,86,,
Livermore,water_heater,cost,water heater cost,10,0.28,LOW,29,,
Livermore,water_heater,cost,hot water heater replacement cost,10,0,HIGH,86,,
Livermore,water_heater,cost,hot water heater cost,10,0,,,,
Livermore,water_heater,tankless,tankless water heater installation gas,10,0,,,,
Livermore,water_heater,installation,tank water heater install,10,0,,,,
Livermore,water_heater,replacement,water heater service,10,0,HIGH,82,,
Livermore,water_heater,tankless,tankless electric water heater installation,10,0,,,,
Livermore,water_heater,tankless,tankless water heater replacement cost,10,0,LOW,23,,
Livermore,water_heater,tankless,tankless water heater price,10,5.52,MEDIUM,64,,
Livermore,water_heater,tankless,electric tankless water heater cost,10,0,HIGH,100,,
Livermore,water_heater,tankless,tankless water heater service,10,0,,,,
Livermore,water_heater,tankless,replace tankless water heater,10,0,,,,
Livermore,water_heater,cost,hot water heater installation cost,10,0,,,,
Livermore,water_heater,electric,electric water heater cost,10,0,,,,
Livermore,water_heater,electric,electric water heater replacement cost,10,0,,,,
Livermore,water_heater,gas,gas water heater cost,10,0,,,,
Livermore,water_heater,heat_pump,heat pump water heater cost,10,0,HIGH,100,,
Livermore,water_heater,tankless,propane tankless water heater installation,10,0,,,,
Livermore,water_heater,tankless,tankless water heater installation services,10,0,,,,
Livermore,water_heater,tankless,tankless gas water heater cost,10,0,,,,
Livermore,water_heater,tankless,gas tankless water heater cost,10,0,,,,
Livermore,water_heater,gas,gas hot water heater cost,0,0,,,,
Livermore,water_heater,electric,electric hot water heater installation cost,10,0,,,,
Livermore,water_heater,gas,gas hot water heater installation,0,0,,,,
Livermore,water_heater,electric,electric hot water heater installation,10,0,,,,
Livermore,water_heater,tankless,natural gas tankless water heater installation,10,0,,,,
Livermore,water_heater,tankless,gas tankless hot water heater installation,0,0,,,,
Livermore,water_heater,electric,hot water heater installation electric,10,0,,,,
Livermore,water_heater,tankless,tankless water heater company,10,0,,,,
Livermore,water_heater,tankless,cost to install electric tankless hot water heater,0,0,,,,
Livermore,painting_interior,service,interior door painting services,10,0,,,,
Livermore,painting_interior,provider,house interior painting contractors,10,0,,,,
Livermore,painting_interior,provider,interior home painting company,10,0,,,,
Livermore,painting_interior,provider,interior house painting companies,10,0,,,,
Livermore,painting_interior,cost,interior house painting estimates,0,0,,,,
Livermore,painting_interior,service,cheap interior painters,0,0,,,,
Livermore,painting_interior,provider,interior home painting contractors,0,0,,,,
Livermore,painting_interior,cost,interior home painting estimate,0,0,,,,
Livermore,painting_interior,service,home interior painting services,0,0,,,,
Livermore,painting_interior,cost,interior painters quotes,10,0,,,,
Livermore,painting_interior,service,residential house interior painting,0,0,,,,
Livermore,painting_exterior,service,painting services,10,0,LOW,0,,
Livermore,painting_exterior,service,local painting services,0,0,,,,
Livermore,painting_exterior,residential,professional house painter,10,0,,,,
Livermore,painting_exterior,provider,house painting contractors,10,0,,,,
Livermore,painting_exterior,provider,professional painting contractors,10,0,,,,
Livermore,painting_exterior,provider,local painting contractors,10,0,,,,
Livermore,painting_exterior,provider,house exterior painting contractor,10,0,,,,
Livermore,painting_exterior,service,exterior painting professional,10,0,,,,
Livermore,painting_exterior,provider,professional house painting contractor,0,0,,,,
Livermore,painting_exterior,provider,professional house painting contractors,0,0,,,,
Livermore,painting_exterior,residential,professional exterior house painters,0,0,,,,
Livermore,painting_exterior,residential,professional home painters,0,0,,,,
Livermore,painting_exterior,residential,professional residential painters,0,0,,,,
Livermore,floristry,occasion,valentines flowers,40,0,,,,
Livermore,floristry,arrangements,flower bouquet,30,0,HIGH,100,,
Livermore,floristry,sympathy,funeral flowers,10,2.94,HIGH,100,0.97,2.56
Livermore,floristry,sympathy,funeral flower arrangements,10,1.39,HIGH,100,,
Livermore,floristry,arrangements,flower bouquet near me,10,0.79,HIGH,100,,
Livermore,floristry,delivery,flower delivery service,10,0,HIGH,100,,
Livermore,floristry,wedding_event,boutonniere wedding,10,0,,,,
Livermore,floristry,delivery,flower delivery services online,10,0,,,,
Livermore,floristry,delivery,online flower delivery,10,5.01,HIGH,100,,
Livermore,floristry,delivery,cheap flower delivery,10,7.18,HIGH,100,,
Livermore,floristry,core,same day flowers,10,0,LOW,0,,
Livermore,floristry,delivery,deliver flowers,90,11.63,HIGH,100,3.88,9.45
Livermore,floristry,delivery,send flowers online,10,0,,,,
Livermore,floristry,sympathy,funeral flowers delivery,10,0,,,,
Livermore,floristry,wedding_event,corsage flower,10,0,,,,
Livermore,floristry,occasion,mother's day flower delivery,10,0,,,,
Livermore,floristry,delivery,best flower delivery,10,2.16,HIGH,100,,
Livermore,floristry,delivery,flower bouquet delivery,10,0,,,,
Livermore,floristry,wedding_event,wedding flower bouquets,10,0,,,,
Livermore,floristry,delivery,flower delivery today,10,0,HIGH,100,,
Livermore,floristry,delivery,local flower delivery,10,0,,,,
Livermore,floristry,delivery,fresh flower delivery,10,0,,,,
Livermore,floristry,sympathy,sympathy flowers delivery,10,0,MEDIUM,50,,
Livermore,floristry,delivery,best online flower delivery,10,7.68,HIGH,100,,
Livermore,floristry,occasion,valentines flower bouquet,10,0,,,,
Livermore,floristry,occasion,mother's day flowers delivery,10,0,,,,
Livermore,floristry,arrangements,fresh flower bouquet,10,0,,,,
Livermore,floristry,wedding_event,rose bridal bouquet,10,0,,,,
Livermore,floristry,delivery,flower delivery same day,30,18.16,HIGH,76,9.06,12.35
Livermore,floristry,delivery,best flower delivery services,10,3.35,HIGH,100,,
Livermore,floristry,arrangements,custom flower bouquet,10,1.41,HIGH,100,,
Livermore,floristry,sympathy,sympathy flower arrangements,10,11.19,HIGH,100,,
Livermore,floristry,core,florist flowers,10,0,,,,
Livermore,floristry,wedding_event,bridal bouquet fresh flowers,10,0,,,,
Livermore,floristry,wedding_event,wedding flowers delivery,10,0,,,,
Livermore,floristry,delivery,same day flower delivery service,10,0,,,,
Livermore,floristry,delivery,same day flower delivery services,10,0,,,,
Livermore,floristry,delivery,cheap same day flower delivery,0,0,,,,
Livermore,floristry,wedding_event,bridal bouquet flowers,10,0,,,,
Livermore,floristry,wedding_event,wedding bridal bouquet,0,0,,,,
Livermore,floristry,delivery,best same day flower delivery,10,0,,,,
Livermore,floristry,sympathy,sympathy flowers same day delivery,10,0,,,,
Livermore,floristry,sympathy,funeral flowers same day delivery,0,0,,,,
Livermore,floristry,delivery,flower bouquet delivery same day,10,0,,,,
Livermore,floristry,delivery,same day delivery flower bouquet,10,0,,,,
Livermore,floristry,delivery,local flower delivery same day,0,0,,,,
Livermore,floristry,delivery,florist flower delivery,0,0,,,,
Livermore,floristry,delivery,online flower bouquet delivery,10,0,,,,
Livermore,floristry,delivery,send flowers online same day,0,0,,,,
Livermore,floristry,delivery,flower bouquet same day delivery,0,0,,,,
San Francisco,water_heater,replacement,water heater replacement,90,28.67,HIGH,69,6.12,48
San Francisco,water_heater,replacement,water heater replacement near me,40,0,MEDIUM,57,,
San Francisco,water_heater,replacement,replace water heater,90,28.67,HIGH,69,6.12,48
San Francisco,water_heater,replacement,replace water heater near me,40,0,MEDIUM,57,,
San Francisco,water_heater,replacement,water heater replacement service,10,0,LOW,20,,
San Francisco,water_heater,replacement,water heater replacement services,10,0,LOW,20,,
San Francisco,water_heater,replacement,water heater replacement company,10,0,MEDIUM,52,,
San Francisco,water_heater,replacement,water heater replacement contractor,10,0,,,,
San Francisco,water_heater,replacement,water heater replacement contractors,10,0,,,,
San Francisco,water_heater,replacement,water heater replacement installer,0,0,,,,
San Francisco,water_heater,replacement,water heater replacement installers,0,0,,,,
San Francisco,water_heater,replacement,local water heater replacement,10,120.79,HIGH,100,,
San Francisco,water_heater,replacement,professional water heater replacement,0,0,,,,
San Francisco,water_heater,replacement,residential water heater replacement,0,0,,,,
San Francisco,water_heater,replacement,home water heater replacement,10,0,,,,
San Francisco,water_heater,replacement,hot water heater replacement,20,17.88,HIGH,93,12.57,44.41
San Francisco,water_heater,replacement,hot water heater replacement near me,10,16.57,HIGH,100,,
San Francisco,water_heater,replacement,water heater change out,0,0,,,,
San Francisco,water_heater,replacement,water heater changeout,0,0,,,,
San Francisco,water_heater,replacement,water heater swap,0,0,,,,
San Francisco,water_heater,installation,water heater installation,50,0,LOW,9,6.92,46
San Francisco,water_heater,installation,water heater installation near me,20,0,LOW,4,,
San Francisco,water_heater,installation,water heater installation service,10,0,LOW,0,,
San Francisco,water_heater,installation,water heater installation services,10,0,LOW,0,,
San Francisco,water_heater,installation,water heater installation company,10,0,LOW,0,,
San Francisco,water_heater,installation,water heater installation contractor,10,0,LOW,0,,
San Francisco,water_heater,installation,water heater installation contractors,10,0,LOW,0,,
San Francisco,water_heater,installation,water heater installer,50,0,LOW,9,6.92,46
San Francisco,water_heater,installation,water heater installers,50,0,LOW,9,6.92,46
San Francisco,water_heater,installation,water heater installer near me,20,0,LOW,4,,
San Francisco,water_heater,installation,local water heater installer,0,0,,,,
San Francisco,water_heater,installation,professional water heater installation,10,0,LOW,0,,
San Francisco,water_heater,installation,residential water heater installation,10,0,LOW,0,,
San Francisco,water_heater,installation,home water heater installation,10,0,,,,
San Francisco,water_heater,installation,hot water heater installation,10,0,LOW,0,,
San Francisco,water_heater,installation,hot water heater installer,10,0,LOW,0,,
San Francisco,water_heater,cost,water heater replacement cost,140,23.14,MEDIUM,66,2.96,15
San Francisco,water_heater,cost,cost to replace water heater,140,23.14,MEDIUM,66,2.96,15
San Francisco,water_heater,cost,how much to replace water heater,20,0.82,HIGH,69,1.72,9.54
San Francisco,water_heater,cost,water heater installation cost,30,11.43,MEDIUM,41,4.64,32.79
San Francisco,water_heater,cost,cost to install water heater,30,11.43,MEDIUM,41,4.64,32.79
San Francisco,water_heater,cost,water heater replacement estimate,10,0,,,,
San Francisco,water_heater,cost,water heater installation estimate,10,0,,,,
San Francisco,water_heater,cost,water heater replacement quote,0,0,,,,
San Francisco,water_heater,cost,water heater installation quote,10,0,HIGH,100,,
San Francisco,water_heater,cost,water heater replacement price,10,0,LOW,0,,
San Francisco,water_heater,cost,water heater installation price,10,0,,,,
San Francisco,water_heater,same_day,same day water heater replacement,10,0,HIGH,71,,
San Francisco,water_heater,same_day,same day water heater installation,10,0,,,,
San Francisco,water_heater,same_day,same day water heater installer,0,0,,,,
San Francisco,water_heater,same_day,emergency water heater replacement,10,0,HIGH,100,,
San Francisco,water_heater,same_day,emergency water heater installation,10,0,,,,
San Francisco,water_heater,same_day,urgent water heater replacement,0,0,,,,
San Francisco,water_heater,same_day,24 hour water heater replacement,0,0,,,,
San Francisco,water_heater,same_day,water heater replacement today,0,0,,,,
San Francisco,water_heater,tank,tank water heater replacement,10,0,LOW,10,,
San Francisco,water_heater,tank,tank water heater installation,10,0,,,,
San Francisco,water_heater,tank,tank water heater installer,0,0,,,,
San Francisco,water_heater,tank,storage tank water heater replacement,0,0,,,,
San Francisco,water_heater,tank,standard water heater replacement,0,0,,,,
San Francisco,water_heater,tank,conventional water heater replacement,0,0,,,,
San Francisco,water_heater,tankless,tankless water heater replacement,10,0,LOW,6,,
San Francisco,water_heater,tankless,tankless water heater replacement near me,10,0,,,,
San Francisco,water_heater,tankless,tankless water heater installation,170,1.26,MEDIUM,36,,
San Francisco,water_heater,tankless,tankless water heater installation near me,10,0,MEDIUM,43,,
San Francisco,water_heater,tankless,tankless water heater installer,170,1.26,MEDIUM,36,,
San Francisco,water_heater,tankless,tankless water heater installer near me,10,0,MEDIUM,43,,
San Francisco,water_heater,tankless,tankless water heater installation cost,90,0,LOW,33,3.48,12.93
San Francisco,water_heater,tankless,cost to install tankless water heater,90,0,LOW,33,3.48,12.93
San Francisco,water_heater,tankless,cost to replace tankless water heater,90,0,LOW,33,3.48,12.93
San Francisco,water_heater,gas,gas water heater replacement,10,0,LOW,26,,
San Francisco,water_heater,gas,gas water heater replacement near me,10,0,,,,
San Francisco,water_heater,gas,gas water heater installation,20,0,MEDIUM,48,,
San Francisco,water_heater,gas,gas water heater installer,20,0,MEDIUM,48,,
San Francisco,water_heater,gas,gas water heater installation cost,10,5.67,HIGH,98,3.68,12.85
San Francisco,water_heater,gas,cost to replace gas water heater,10,0,HIGH,71,1.47,10.25
San Francisco,water_heater,electric,electric water heater replacement,10,0,LOW,32,,
San Francisco,water_heater,electric,electric water heater replacement near me,0,0,,,,
San Francisco,water_heater,electric,electric water heater installation,10,0,MEDIUM,46,,
San Francisco,water_heater,electric,electric water heater installer,10,0,MEDIUM,46,,
San Francisco,water_heater,electric,electric water heater installation cost,10,0,LOW,25,,
San Francisco,water_heater,electric,cost to replace electric water heater,10,0,LOW,0,,
San Francisco,water_heater,heat_pump,heat pump water heater replacement,10,0,,,,
San Francisco,water_heater,heat_pump,heat pump water heater installation,90,0,LOW,11,,
San Francisco,water_heater,heat_pump,heat pump water heater installer,90,0,LOW,11,,
San Francisco,water_heater,heat_pump,heat pump water heater installation near me,10,0,LOW,0,,
San Francisco,water_heater,heat_pump,heat pump water heater installation cost,20,0,LOW,23,,
San Francisco,water_heater,heat_pump,hybrid water heater replacement,0,0,,,,
San Francisco,water_heater,heat_pump,hybrid water heater installation,10,0,,,,
San Francisco,water_heater,heat_pump,hybrid water heater installer,10,0,,,,
San Francisco,water_heater,conversion,tank to tankless water heater conversion,0,0,,,,
San Francisco,water_heater,conversion,convert tank water heater to tankless,0,0,,,,
San Francisco,water_heater,conversion,gas to electric water heater conversion,10,0,,,,
San Francisco,water_heater,conversion,electric to gas water heater conversion,10,0,,,,
San Francisco,water_heater,problem,replace leaking water heater,0,0,,,,
San Francisco,water_heater,problem,leaking water heater replacement,0,0,,,,
San Francisco,water_heater,problem,replace broken water heater,0,0,,,,
San Francisco,water_heater,problem,broken water heater replacement,0,0,,,,
San Francisco,water_heater,problem,no hot water water heater replacement,0,0,,,,
San Francisco,painting_interior,core,interior painters,20,0,LOW,11,,
San Francisco,painting_interior,core,interior painter,20,0,LOW,11,,
San Francisco,painting_interior,core,interior painters near me,10,0,MEDIUM,40,,
San Francisco,painting_interior,core,interior house painters,20,0,LOW,11,,
San Francisco,painting_interior,core,interior house painter,10,0,LOW,0,,
San Francisco,painting_interior,core,interior home painters,0,0,,,,
San Francisco,painting_interior,core,interior wall painters,10,0,,,,
San Francisco,painting_interior,core,inside house painters,0,0,,,,
San Francisco,painting_interior,core,indoor house painters,0,0,,,,
San Francisco,painting_interior,service,interior painting,20,0,LOW,11,,
San Francisco,painting_interior,service,interior house painting,10,0,LOW,0,,
San Francisco,painting_interior,service,interior home painting,10,0,,,,
San Francisco,painting_interior,service,interior wall painting,10,1.36,MEDIUM,40,0.23,1.73
San Francisco,painting_interior,service,interior painting services,20,0,LOW,0,,
San Francisco,painting_interior,service,interior house painting services,10,0,LOW,0,,
San Francisco,painting_interior,service,interior wall painting services,0,0,,,,
San Francisco,painting_interior,service,residential interior painting,10,0,,,,
San Francisco,painting_interior,service,residential interior painting services,10,0,,,,
San Francisco,painting_interior,provider,interior painting company,10,0,LOW,20,,
San Francisco,painting_interior,provider,interior painting companies,10,0,LOW,20,,
San Francisco,painting_interior,provider,interior painting company near me,0,0,,,,
San Francisco,painting_interior,provider,interior painting contractor,40,0,LOW,0,,
San Francisco,painting_interior,provider,interior painting contractors,40,0,LOW,0,,
San Francisco,painting_interior,provider,interior painting contractors near me,10,0,,,,
San Francisco,painting_interior,provider,interior wall painting contractors,10,0,,,,
San Francisco,painting_interior,provider,local interior painters,10,0,,,,
San Francisco,painting_interior,provider,professional interior painters,10,0,,,,
San Francisco,painting_interior,provider,professional interior painting,10,0,,,,
San Francisco,painting_interior,cost,interior painting cost,20,7.16,LOW,32,0.94,9.72
San Francisco,painting_interior,cost,interior house painting cost,10,4.72,LOW,14,,
San Francisco,painting_interior,cost,cost to paint house interior,10,4.72,LOW,14,,
San Francisco,painting_interior,cost,cost to paint interior walls,10,0,,,,
San Francisco,painting_interior,cost,interior painting estimate,10,0,,,,
San Francisco,painting_interior,cost,interior painting quote,10,0,LOW,0,,
San Francisco,painting_interior,cost,interior house painting estimate,10,0,,,,
San Francisco,painting_interior,cost,interior house painting quote,0,0,,,,
San Francisco,painting_interior,cost,interior painter cost,20,7.16,LOW,32,0.94,9.72
San Francisco,painting_interior,cost,interior painting prices,20,7.16,LOW,32,0.94,9.72
San Francisco,painting_interior,rooms,whole house interior painting,0,0,,,,
San Francisco,painting_interior,rooms,home interior wall painting,10,0,,,,
San Francisco,painting_interior,rooms,room painting services,10,0,,,,
San Francisco,painting_interior,rooms,living room painters,0,0,,,,
San Francisco,painting_interior,rooms,bedroom painters,10,0,,,,
San Francisco,painting_interior,rooms,kitchen painters,10,0,,,,
San Francisco,painting_interior,rooms,bathroom painters,10,0,,,,
San Francisco,painting_interior,rooms,ceiling painters,10,0,LOW,0,,
San Francisco,painting_interior,rooms,ceiling painting services,10,0,LOW,0,,
San Francisco,painting_interior,rooms,trim painting services,0,0,,,,
San Francisco,painting_interior,rooms,baseboard painting services,0,0,,,,
San Francisco,painting_interior,rooms,cabinet painting services,10,0,LOW,0,,
San Francisco,painting_exterior,core,exterior painters,10,29.97,LOW,10,,
San Francisco,painting_exterior,core,exterior painter,10,29.97,LOW,10,,
San Francisco,painting_exterior,core,exterior painters near me,10,11.46,HIGH,82,8.02,27.18
San Francisco,painting_exterior,core,exterior house painters,10,25.55,LOW,5,,
San Francisco,painting_exterior,core,exterior house painter,10,25.55,LOW,5,,
San Francisco,painting_exterior,core,exterior home painters,10,0,,,,
San Francisco,painting_exterior,core,outside house painters,10,25.55,LOW,5,,
San Francisco,painting_exterior,service,exterior painting,10,29.97,LOW,10,,
San Francisco,painting_exterior,service,exterior house painting,10,25.55,LOW,5,,
San Francisco,painting_exterior,service,exterior home painting,10,0,,,,
San Francisco,painting_exterior,service,exterior wall painting,10,0,MEDIUM,62,,
San Francisco,painting_exterior,service,exterior painting services,10,0,LOW,0,,
San Francisco,painting_exterior,service,exterior house painting services,10,0,MEDIUM,49,,
San Francisco,painting_exterior,service,residential exterior painting,10,0,,,,
San Francisco,painting_exterior,service,residential exterior painting services,0,0,,,,
San Francisco,painting_exterior,provider,exterior painting company,10,0,,,,
San Francisco,painting_exterior,provider,exterior painting companies,10,0,,,,
San Francisco,painting_exterior,provider,exterior painting company near me,20,5.04,MEDIUM,43,,
San Francisco,painting_exterior,provider,exterior painting contractor,50,20.66,LOW,8,,
San Francisco,painting_exterior,provider,exterior painting contractors,50,20.66,LOW,8,,
San Francisco,painting_exterior,provider,exterior painting contractors near me,20,5.04,MEDIUM,43,,
San Francisco,painting_exterior,provider,local exterior painters,0,0,,,,
San Francisco,painting_exterior,provider,professional exterior painters,10,0,,,,
San Francisco,painting_exterior,provider,professional exterior painting,10,0,,,,
San Francisco,painting_exterior,cost,exterior painting cost,10,0,MEDIUM,49,,
San Francisco,painting_exterior,cost,exterior house painting cost,10,0,LOW,12,,
San Francisco,painting_exterior,cost,cost to paint house exterior,10,0,LOW,12,,
San Francisco,painting_exterior,cost,cost to paint exterior walls,0,0,,,,
San Francisco,painting_exterior,cost,exterior painting estimate,10,0,,,,
San Francisco,painting_exterior,cost,exterior painting quote,10,0,LOW,11,,
San Francisco,painting_exterior,cost,exterior house painting estimate,10,0,,,,
San Francisco,painting_exterior,cost,exterior house painting quote,10,0,LOW,11,,
San Francisco,painting_exterior,cost,exterior painter cost,10,0,MEDIUM,49,,
San Francisco,painting_exterior,cost,exterior painting prices,10,0,MEDIUM,49,,
San Francisco,painting_exterior,surface,stucco painting,20,0,MEDIUM,65,,
San Francisco,painting_exterior,surface,stucco painters,20,0,MEDIUM,65,,
San Francisco,painting_exterior,surface,stucco painting services,10,0,LOW,0,,
San Francisco,painting_exterior,surface,brick house painting,10,0,LOW,1,,
San Francisco,painting_exterior,surface,siding painting,10,0,LOW,10,,
San Francisco,painting_exterior,surface,siding painters,10,0,,,,
San Francisco,painting_exterior,surface,wood siding painting,10,0,,,,
San Francisco,painting_exterior,surface,house trim painting,10,0,HIGH,71,,
San Francisco,painting_exterior,surface,front door painting service,10,0,,,,
San Francisco,painting_exterior,surface,garage door painting service,10,0,,,,
San Francisco,painting_general,core,house painters,30,0,LOW,11,,
San Francisco,painting_general,core,house painter,30,0,LOW,11,,
San Francisco,painting_general,core,house painters near me,110,9.37,MEDIUM,51,8.45,25.85
San Francisco,painting_general,core,home painters,10,0,LOW,0,,
San Francisco,painting_general,core,residential painters,10,0,LOW,0,,
San Francisco,painting_general,core,residential painters near me,10,0,LOW,0,,
San Francisco,painting_general,service,house painting,50,2.34,HIGH,79,1.35,8.09
San Francisco,painting_general,service,house painting services,20,0,LOW,20,,
San Francisco,painting_general,service,home painting services,20,0,LOW,20,,
San Francisco,painting_general,service,residential painting,10,0,LOW,0,,
San Francisco,painting_general,service,residential painting services,10,0,LOW,0,,
San Francisco,painting_general,provider,painting company,70,9.47,MEDIUM,64,1.32,20
San Francisco,painting_general,provider,painting companies,70,9.47,MEDIUM,64,1.32,20
San Francisco,painting_general,provider,painting company near me,140,10.36,HIGH,76,10.5,25.85
San Francisco,painting_general,provider,painting contractor,140,1.01,LOW,19,9.94,25.85
San Francisco,painting_general,provider,painting contractors,140,1.01,LOW,19,9.94,25.85
San Francisco,painting_general,provider,painting contractors near me,40,7.15,LOW,12,,
San Francisco,painting_general,provider,local painting company,10,0,LOW,29,,
San Francisco,painting_general,provider,local house painters,10,1.57,HIGH,100,,
San Francisco,painting_general,provider,professional house painters,10,0,LOW,31,,
San Francisco,painting_general,cost,house painting cost,10,9.17,MEDIUM,35,3.18,8.74
San Francisco,painting_general,cost,cost to paint a house,10,9.17,MEDIUM,35,3.18,8.74
San Francisco,painting_general,cost,house painting estimate,10,0,,,,
San Francisco,painting_general,cost,house painting quote,10,0,,,,
San Francisco,painting_general,cost,painting estimate,10,0,LOW,29,,
San Francisco,painting_general,cost,painting quote,10,0,LOW,20,,
San Francisco,painting_general,cost,free painting estimate,10,0,,,,
San Francisco,wallpaper,core,wallpaper installer,50,5.27,MEDIUM,48,3.65,13.95
San Francisco,wallpaper,core,wallpaper installers,50,5.27,MEDIUM,48,3.65,13.95
San Francisco,wallpaper,core,wallpaper installer near me,40,8.85,MEDIUM,51,4.97,18.47
San Francisco,wallpaper,core,wallpaper installation,50,5.27,MEDIUM,48,3.65,13.95
San Francisco,wallpaper,core,wallpaper installation near me,40,8.85,MEDIUM,51,4.97,18.47
San Francisco,wallpaper,core,wallpaper installation service,10,0,,,,
San Francisco,wallpaper,core,wallpaper installation services,10,0,,,,
San Francisco,wallpaper,core,wallpaper hanging,10,0,LOW,0,,
San Francisco,wallpaper,core,wallpaper hanging near me,10,23.2,HIGH,90,,
San Francisco,wallpaper,core,wallpaper hanging service,10,0,LOW,0,,
San Francisco,wallpaper,core,wallpaper hanging services,10,0,LOW,0,,
San Francisco,wallpaper,core,wallpaper hanger,10,0,LOW,0,,
San Francisco,wallpaper,core,wallpaper hangers,10,0,LOW,0,,
San Francisco,wallpaper,core,wallpaper hanger near me,10,23.2,HIGH,90,,
San Francisco,wallpaper,provider,wallpaper installation company,10,0,HIGH,100,,
San Francisco,wallpaper,provider,wallpaper installation contractor,0,0,,,,
San Francisco,wallpaper,provider,wallpaper installation contractors,0,0,,,,
San Francisco,wallpaper,provider,professional wallpaper installer,10,0,,,,
San Francisco,wallpaper,provider,professional wallpaper installer near me,10,0,,,,
San Francisco,wallpaper,provider,professional wallpaper installation,10,0,,,,
San Francisco,wallpaper,provider,professional wallpaper hanging,10,0,,,,
San Francisco,wallpaper,provider,local wallpaper installer,0,0,,,,
San Francisco,wallpaper,provider,hire wallpaper installer,10,0,,,,
San Francisco,wallpaper,cost,wallpaper installer cost,10,10.81,LOW,25,,
San Francisco,wallpaper,cost,wallpaper installation cost,10,10.81,LOW,25,,
San Francisco,wallpaper,cost,cost to install wallpaper,10,10.81,LOW,25,,
San Francisco,wallpaper,cost,wallpaper hanging cost,0,0,,,,
San Francisco,wallpaper,cost,cost to hang wallpaper,0,0,,,,
San Francisco,wallpaper,cost,wallpaper installation estimate,0,0,,,,
San Francisco,wallpaper,cost,wallpaper installation quote,0,0,,,,
San Francisco,wallpaper,cost,wallpaper installer prices,0,0,,,,
San Francisco,wallpaper,cost,professional wallpaper installer cost,10,0,,,,
San Francisco,wallpaper,type,peel and stick wallpaper installer,10,0,LOW,0,,
San Francisco,wallpaper,type,peel and stick wallpaper installation,10,0,LOW,0,,
San Francisco,wallpaper,type,mural wallpaper installer,0,0,,,,
San Francisco,wallpaper,type,wall mural installation,10,0,,,,
San Francisco,wallpaper,type,grasscloth wallpaper installer,0,0,,,,
San Francisco,wallpaper,type,grasscloth wallpaper installation,10,0,HIGH,71,,
San Francisco,wallpaper,type,textured wallpaper installation,0,0,,,,
San Francisco,wallpaper,type,vinyl wallpaper installation,10,0,,,,
San Francisco,wallpaper,type,custom wallpaper installation,0,0,,,,
San Francisco,wallpaper,type,residential wallpaper installation,0,0,,,,
San Francisco,floristry,occasion,birthday flowers,320,0.42,HIGH,100,0.8,4.52
San Francisco,floristry,delivery,flower delivery,1600,10.46,HIGH,100,4.15,10.53
San Francisco,floristry,core,flowers,8100,5.02,HIGH,100,3.27,9.42
San Francisco,floristry,custom,personalized bouquets from local florists,0,0,,,,
San Francisco,floristry,roses,rose bouquets,210,1.03,HIGH,100,1.2,3.44
San Francisco,floristry,delivery,same day flower delivery,390,11.6,HIGH,97,5.09,13.09
San Francisco,floristry,occasion,sympathy flowers,90,8.34,HIGH,100,2.91,8.88
San Francisco,floristry,wedding,wedding flowers,170,1.16,HIGH,100,1.12,2.93
San Francisco,floristry,occasion,anniversary flowers,20,1.24,HIGH,100,1.95,6.39
San Francisco,floristry,occasion,apology flowers,10,0,HIGH,100,,
San Francisco,floristry,wedding,bridal bouquets,140,0.74,HIGH,100,0.61,2.59
San Francisco,floristry,occasion,congratulations flowers,10,3.07,HIGH,100,1.49,3.5
San Francisco,floristry,corporate,corporate flowers,10,0,,,,
San Francisco,floristry,custom,custom bouquets,10,1.63,HIGH,100,,
San Francisco,floristry,event,event flower arrangements,10,0,,,,
San Francisco,floristry,wedding,flowers for newlyweds,10,0,,,,
San Francisco,floristry,occasion,get well flowers,10,0,HIGH,100,,
San Francisco,floristry,occasion,housewarming flowers,10,0,HIGH,100,,
San Francisco,floristry,occasion,just because flowers,10,0,MEDIUM,36,,
San Francisco,floristry,luxury,luxury bouquets,10,0,HIGH,67,,
San Francisco,floristry,occasion,new baby flowers,10,5.26,HIGH,100,,
San Francisco,floristry,occasion,romantic flowers,10,0,MEDIUM,60,,
San Francisco,floristry,occasion,thank you flowers,20,15.06,HIGH,95,,
San Francisco,floristry,wedding,bridal bouquet,140,0.74,HIGH,100,0.61,2.59
San Francisco,floristry,event,event flowers,10,0,HIGH,86,,
San Francisco,floristry,event,floral centerpieces,20,0.34,HIGH,100,0.49,4.41
San Francisco,floristry,core,florist,2900,3.12,LOW,24,2.25,8.25
San Francisco,floristry,event,flower centerpieces,10,0.2,HIGH,100,,
San Francisco,floristry,core,flower shop,2400,1.61,LOW,33,1.49,4.4
San Francisco,floristry,core,local florist,10,1.76,HIGH,100,2.68,4.39
San Francisco,floristry,custom,personalized bouquets,10,1.63,HIGH,100,,
San Francisco,floristry,roses,rose bouquet,210,1.03,HIGH,100,1.2,3.44
San Francisco,floristry,roses,roses,2900,0.58,HIGH,75,0.68,4.51
San Francisco,floristry,delivery,send flowers,210,10.3,HIGH,100,3.83,11.08
San Francisco,floristry,event,table flower arrangements,10,1,HIGH,75,,
San Francisco,floristry,wedding,wedding gift flowers,10,15.73,HIGH,100,,
San Francisco,water_heater,tankless,tankless water heater cost,70,5.91,HIGH,73,0.41,5.67
San Francisco,water_heater,cost,water heater cost,40,0.78,MEDIUM,53,0.53,5.71
San Francisco,water_heater,cost,hot water heater replacement cost,10,0,HIGH,76,,
San Francisco,water_heater,cost,hot water heater cost,10,0,MEDIUM,39,2.3,5.1
San Francisco,water_heater,tankless,tankless water heater installation gas,10,0,MEDIUM,34,,
San Francisco,water_heater,installation,tank water heater install,10,0,,,,
San Francisco,water_heater,replacement,water heater service,10,0,MEDIUM,43,,
San Francisco,water_heater,tankless,tankless electric water heater installation,10,0,LOW,0,,
San Francisco,water_heater,tankless,tankless water heater replacement cost,90,0,LOW,33,3.48,12.93
San Francisco,water_heater,tankless,tankless water heater price,10,1.7,HIGH,74,0.43,11.1
San Francisco,water_heater,tankless,electric tankless water heater cost,10,0,HIGH,100,,
San Francisco,water_heater,tankless,tankless water heater service,10,0,HIGH,100,,
San Francisco,water_heater,tankless,replace tankless water heater,10,0,LOW,6,,
San Francisco,water_heater,cost,hot water heater installation cost,10,6.27,LOW,18,,
San Francisco,water_heater,electric,electric water heater cost,10,1.35,MEDIUM,40,,
San Francisco,water_heater,electric,electric water heater replacement cost,10,0,LOW,0,,
San Francisco,water_heater,gas,gas water heater cost,10,0,,,,
San Francisco,water_heater,heat_pump,heat pump water heater cost,10,5.59,HIGH,94,1.13,5
San Francisco,water_heater,tankless,propane tankless water heater installation,10,0,,,,
San Francisco,water_heater,tankless,tankless water heater installation services,10,0,LOW,0,,
San Francisco,water_heater,tankless,tankless gas water heater cost,10,0,,,,
San Francisco,water_heater,tankless,gas tankless water heater cost,10,0,,,,
San Francisco,water_heater,gas,gas hot water heater cost,10,0,,,,
San Francisco,water_heater,electric,electric hot water heater installation cost,10,0,,,,
San Francisco,water_heater,gas,gas hot water heater installation,10,0,,,,
San Francisco,water_heater,electric,electric hot water heater installation,10,0,,,,
San Francisco,water_heater,tankless,natural gas tankless water heater installation,10,0,,,,
San Francisco,water_heater,tankless,gas tankless hot water heater installation,10,0,,,,
San Francisco,water_heater,electric,hot water heater installation electric,10,0,,,,
San Francisco,water_heater,tankless,tankless water heater company,10,0,,,,
San Francisco,water_heater,tankless,cost to install electric tankless hot water heater,0,0,,,,
San Francisco,painting_interior,service,interior door painting services,10,0,,,,
San Francisco,painting_interior,provider,house interior painting contractors,10,0,,,,
San Francisco,painting_interior,provider,interior home painting company,10,0,,,,
San Francisco,painting_interior,provider,interior house painting companies,10,0,,,,
San Francisco,painting_interior,cost,interior house painting estimates,10,0,,,,
San Francisco,painting_interior,service,cheap interior painters,10,0,LOW,0,,
San Francisco,painting_interior,provider,interior home painting contractors,10,0,,,,
San Francisco,painting_interior,cost,interior home painting estimate,10,0,,,,
San Francisco,painting_interior,service,home interior painting services,0,0,,,,
San Francisco,painting_interior,cost,interior painters quotes,10,0,LOW,0,,
San Francisco,painting_interior,service,residential house interior painting,0,0,,,,
San Francisco,painting_exterior,service,painting services,50,42.44,LOW,11,,
San Francisco,painting_exterior,service,local painting services,10,0,,,,
San Francisco,painting_exterior,residential,professional house painter,10,0,LOW,31,,
San Francisco,painting_exterior,provider,house painting contractors,10,0,MEDIUM,43,,
San Francisco,painting_exterior,provider,professional painting contractors,10,0,,,,
San Francisco,painting_exterior,provider,local painting contractors,10,0,,,,
San Francisco,painting_exterior,provider,house exterior painting contractor,10,0,,,,
San Francisco,painting_exterior,service,exterior painting professional,10,0,LOW,11,,
San Francisco,painting_exterior,provider,professional house painting contractor,10,0,LOW,0,,
San Francisco,painting_exterior,provider,professional house painting contractors,10,0,LOW,0,,
San Francisco,painting_exterior,residential,professional exterior house painters,10,0,,,,
San Francisco,painting_exterior,residential,professional home painters,0,0,,,,
San Francisco,painting_exterior,residential,professional residential painters,0,0,,,,
San Francisco,floristry,occasion,valentines flowers,880,0,LOW,17,,
San Francisco,floristry,arrangements,flower bouquet,480,1.7,HIGH,99,1.18,4.95
San Francisco,floristry,sympathy,funeral flowers,260,2.94,HIGH,100,1.21,4.31
San Francisco,floristry,sympathy,funeral flower arrangements,110,3.22,HIGH,100,1.22,3.49
San Francisco,floristry,arrangements,flower bouquet near me,140,1.85,HIGH,99,1.11,3.01
San Francisco,floristry,delivery,flower delivery service,110,13.71,HIGH,82,3.73,9.03
San Francisco,floristry,wedding_event,boutonniere wedding,90,0.58,HIGH,84,,
San Francisco,floristry,delivery,flower delivery services online,70,24.98,MEDIUM,49,,
San Francisco,floristry,delivery,online flower delivery,50,8.35,HIGH,100,4.16,9.1
San Francisco,floristry,delivery,cheap flower delivery,50,5.58,HIGH,100,1.65,6.51
San Francisco,floristry,core,same day flowers,40,11.42,HIGH,95,5.03,11.24
San Francisco,floristry,delivery,deliver flowers,1600,10.46,HIGH,100,4.15,10.53
San Francisco,floristry,delivery,send flowers online,40,10.1,HIGH,100,3.76,10.01
San Francisco,floristry,sympathy,funeral flowers delivery,40,2.77,HIGH,86,,
San Francisco,floristry,wedding_event,corsage flower,40,0,HIGH,73,,
San Francisco,floristry,occasion,mother's day flower delivery,50,0,,,,
San Francisco,floristry,delivery,best flower delivery,40,12.84,HIGH,100,6.16,26.66
San Francisco,floristry,delivery,flower bouquet delivery,40,5.2,HIGH,100,2.27,7.97
San Francisco,floristry,wedding_event,wedding flower bouquets,30,0.37,HIGH,96,1.42,4.1
San Francisco,floristry,delivery,flower delivery today,20,8.38,HIGH,100,4.69,8.35
San Francisco,floristry,delivery,local flower delivery,10,11.21,HIGH,100,5.43,15.96
San Francisco,floristry,delivery,fresh flower delivery,20,4.67,HIGH,96,2.13,7.86
San Francisco,floristry,sympathy,sympathy flowers delivery,20,10.77,HIGH,100,,
San Francisco,floristry,delivery,best online flower delivery,10,5.91,HIGH,100,2.46,6.01
San Francisco,floristry,occasion,valentines flower bouquet,20,0,,,,
San Francisco,floristry,occasion,mother's day flowers delivery,50,0,,,,
San Francisco,floristry,arrangements,fresh flower bouquet,10,0.43,HIGH,75,,
San Francisco,floristry,wedding_event,rose bridal bouquet,20,0.11,HIGH,93,,
San Francisco,floristry,delivery,flower delivery same day,390,11.6,HIGH,97,5.09,13.09
San Francisco,floristry,delivery,best flower delivery services,20,8.98,HIGH,100,2.82,11.77
San Francisco,floristry,arrangements,custom flower bouquet,10,1.63,HIGH,100,,
San Francisco,floristry,sympathy,sympathy flower arrangements,10,2.65,HIGH,100,2.07,6.4
San Francisco,floristry,core,florist flowers,10,0,MEDIUM,39,,
San Francisco,floristry,wedding_event,bridal bouquet fresh flowers,10,1.07,HIGH,100,,
San Francisco,floristry,wedding_event,wedding flowers delivery,10,3.63,HIGH,100,,
San Francisco,floristry,delivery,same day flower delivery service,10,0,HIGH,86,,
San Francisco,floristry,delivery,same day flower delivery services,10,0,HIGH,86,,
San Francisco,floristry,delivery,cheap same day flower delivery,10,4.13,MEDIUM,50,,
San Francisco,floristry,wedding_event,bridal bouquet flowers,10,0,HIGH,100,,
San Francisco,floristry,wedding_event,wedding bridal bouquet,10,0,,,,
San Francisco,floristry,delivery,best same day flower delivery,10,0,,,,
San Francisco,floristry,sympathy,sympathy flowers same day delivery,10,3.16,HIGH,100,,
San Francisco,floristry,sympathy,funeral flowers same day delivery,10,0,HIGH,100,,
San Francisco,floristry,delivery,flower bouquet delivery same day,10,17.09,HIGH,100,,
San Francisco,floristry,delivery,same day delivery flower bouquet,10,17.09,HIGH,100,,
San Francisco,floristry,delivery,local flower delivery same day,10,0,,,,
San Francisco,floristry,delivery,florist flower delivery,10,0,,,,
San Francisco,floristry,delivery,online flower bouquet delivery,10,0,LOW,0,,
San Francisco,floristry,delivery,send flowers online same day,10,0,,,,
San Francisco,floristry,delivery,flower bouquet same day delivery,10,0,,,,
Fremont,water_heater,replacement,water heater replacement,70,40.47,HIGH,78,29.49,70.21
Fremont,water_heater,replacement,water heater replacement near me,20,56.21,MEDIUM,36,,
Fremont,water_heater,replacement,replace water heater,70,40.47,HIGH,78,29.49,70.21
Fremont,water_heater,replacement,replace water heater near me,20,56.21,MEDIUM,36,,
Fremont,water_heater,replacement,water heater replacement service,10,0,,,,
Fremont,water_heater,replacement,water heater replacement services,10,0,,,,
Fremont,water_heater,replacement,water heater replacement company,10,0,HIGH,86,,
Fremont,water_heater,replacement,water heater replacement contractor,10,0,,,,
Fremont,water_heater,replacement,water heater replacement contractors,10,0,,,,
Fremont,water_heater,replacement,water heater replacement installer,0,0,,,,
Fremont,water_heater,replacement,water heater replacement installers,0,0,,,,
Fremont,water_heater,replacement,local water heater replacement,0,0,,,,
Fremont,water_heater,replacement,professional water heater replacement,0,0,,,,
Fremont,water_heater,replacement,residential water heater replacement,10,0,,,,
Fremont,water_heater,replacement,home water heater replacement,10,0,,,,
Fremont,water_heater,replacement,hot water heater replacement,10,0,MEDIUM,42,,
Fremont,water_heater,replacement,hot water heater replacement near me,10,0,,,,
Fremont,water_heater,replacement,water heater change out,0,0,,,,
Fremont,water_heater,replacement,water heater changeout,0,0,,,,
Fremont,water_heater,replacement,water heater swap,0,0,,,,
Fremont,water_heater,installation,water heater installation,50,5,HIGH,79,30,45.22
Fremont,water_heater,installation,water heater installation near me,20,108.99,LOW,22,,
Fremont,water_heater,installation,water heater installation service,10,0,LOW,21,,
Fremont,water_heater,installation,water heater installation services,10,0,LOW,21,,
Fremont,water_heater,installation,water heater installation company,0,0,,,,
Fremont,water_heater,installation,water heater installation contractor,10,0,MEDIUM,50,,
Fremont,water_heater,installation,water heater installation contractors,10,0,MEDIUM,50,,
Fremont,water_heater,installation,water heater installer,50,5,HIGH,79,30,45.22
Fremont,water_heater,installation,water heater installers,50,5,HIGH,79,30,45.22
Fremont,water_heater,installation,water heater installer near me,20,108.99,LOW,22,,
Fremont,water_heater,installation,local water heater installer,0,0,,,,
Fremont,water_heater,installation,professional water heater installation,10,0,LOW,0,,
Fremont,water_heater,installation,residential water heater installation,10,0,,,,
Fremont,water_heater,installation,home water heater installation,10,0,HIGH,86,,
Fremont,water_heater,installation,hot water heater installation,10,0,LOW,0,,
Fremont,water_heater,installation,hot water heater installer,10,0,LOW,0,,
Fremont,water_heater,cost,water heater replacement cost,70,26.69,HIGH,81,4.26,30.58
Fremont,water_heater,cost,cost to replace water heater,70,26.69,HIGH,81,4.26,30.58
Fremont,water_heater,cost,how much to replace water heater,10,0,MEDIUM,61,,
Fremont,water_heater,cost,water heater installation cost,20,11.23,HIGH,73,15.9,43.86
Fremont,water_heater,cost,cost to install water heater,20,11.23,HIGH,73,15.9,43.86
Fremont,water_heater,cost,water heater replacement estimate,0,0,,,,
Fremont,water_heater,cost,water heater installation estimate,10,0,,,,
Fremont,water_heater,cost,water heater replacement quote,0,0,,,,
Fremont,water_heater,cost,water heater installation quote,10,0,,,,
Fremont,water_heater,cost,water heater replacement price,10,0,,,,
Fremont,water_heater,cost,water heater installation price,10,0,,,,
Fremont,water_heater,same_day,same day water heater replacement,10,0,HIGH,71,,
Fremont,water_heater,same_day,same day water heater installation,10,0,,,,
Fremont,water_heater,same_day,same day water heater installer,0,0,,,,
Fremont,water_heater,same_day,emergency water heater replacement,10,0,,,,
Fremont,water_heater,same_day,emergency water heater installation,0,0,,,,
Fremont,water_heater,same_day,urgent water heater replacement,0,0,,,,
Fremont,water_heater,same_day,24 hour water heater replacement,10,0,,,,
Fremont,water_heater,same_day,water heater replacement today,0,0,,,,
Fremont,water_heater,tank,tank water heater replacement,10,0,,,,
Fremont,water_heater,tank,tank water heater installation,10,0,,,,
Fremont,water_heater,tank,tank water heater installer,0,0,,,,
Fremont,water_heater,tank,storage tank water heater replacement,0,0,,,,
Fremont,water_heater,tank,standard water heater replacement,0,0,,,,
Fremont,water_heater,tank,conventional water heater replacement,0,0,,,,
Fremont,water_heater,tankless,tankless water heater replacement,10,0,MEDIUM,52,,
Fremont,water_heater,tankless,tankless water heater replacement near me,0,0,,,,
Fremont,water_heater,tankless,tankless water heater installation,40,10.88,LOW,24,,
Fremont,water_heater,tankless,tankless water heater installation near me,10,0,,,,
Fremont,water_heater,tankless,tankless water heater installer,40,10.88,LOW,24,,
Fremont,water_heater,tankless,tankless water heater installer near me,10,0,,,,
Fremont,water_heater,tankless,tankless water heater installation cost,30,9.65,MEDIUM,53,4.64,31.49
Fremont,water_heater,tankless,cost to install tankless water heater,30,9.65,MEDIUM,53,4.64,31.49
Fremont,water_heater,tankless,cost to replace tankless water heater,30,9.65,MEDIUM,53,4.64,31.49
Fremont,water_heater,gas,gas water heater replacement,10,17.18,LOW,24,,
Fremont,water_heater,gas,gas water heater replacement near me,10,0,LOW,0,,
Fremont,water_heater,gas,gas water heater installation,10,0,,,,
Fremont,water_heater,gas,gas water heater installer,10,0,,,,
Fremont,water_heater,gas,gas water heater installation cost,10,0,HIGH,71,,
Fremont,water_heater,gas,cost to replace gas water heater,10,0,,,,
Fremont,water_heater,electric,electric water heater replacement,10,0,,,,
Fremont,water_heater,electric,electric water heater replacement near me,0,0,,,,
Fremont,water_heater,electric,electric water heater installation,10,17.07,HIGH,100,,
Fremont,water_heater,electric,electric water heater installer,10,17.07,HIGH,100,,
Fremont,water_heater,electric,electric water heater installation cost,10,0,,,,
Fremont,water_heater,electric,cost to replace electric water heater,10,0,HIGH,100,,
Fremont,water_heater,heat_pump,heat pump water heater replacement,0,0,,,,
Fremont,water_heater,heat_pump,heat pump water heater installation,20,0,LOW,31,,
Fremont,water_heater,heat_pump,heat pump water heater installer,20,0,LOW,31,,
Fremont,water_heater,heat_pump,heat pump water heater installation near me,10,0,,,,
Fremont,water_heater,heat_pump,heat pump water heater installation cost,10,0,MEDIUM,57,,
Fremont,water_heater,heat_pump,hybrid water heater replacement,0,0,,,,
Fremont,water_heater,heat_pump,hybrid water heater installation,10,0,,,,
Fremont,water_heater,heat_pump,hybrid water heater installer,10,0,,,,
Fremont,water_heater,conversion,tank to tankless water heater conversion,0,0,,,,
Fremont,water_heater,conversion,convert tank water heater to tankless,0,0,,,,
Fremont,water_heater,conversion,gas to electric water heater conversion,10,13.83,HIGH,86,,
Fremont,water_heater,conversion,electric to gas water heater conversion,10,13.83,HIGH,86,,
Fremont,water_heater,problem,replace leaking water heater,0,0,,,,
Fremont,water_heater,problem,leaking water heater replacement,0,0,,,,
Fremont,water_heater,problem,replace broken water heater,0,0,,,,
Fremont,water_heater,problem,broken water heater replacement,0,0,,,,
Fremont,water_heater,problem,no hot water water heater replacement,0,0,,,,
Fremont,painting_interior,core,interior painters,10,0,MEDIUM,33,,
Fremont,painting_interior,core,interior painter,10,0,MEDIUM,33,,
Fremont,painting_interior,core,interior painters near me,10,0,LOW,0,,
Fremont,painting_interior,core,interior house painters,10,0,MEDIUM,33,,
Fremont,painting_interior,core,interior house painter,10,0,,,,
Fremont,painting_interior,core,interior home painters,10,0,LOW,0,,
Fremont,painting_interior,core,interior wall painters,0,0,,,,
Fremont,painting_interior,core,inside house painters,0,0,,,,
Fremont,painting_interior,core,indoor house painters,0,0,,,,
Fremont,painting_interior,service,interior painting,10,0,MEDIUM,33,,
Fremont,painting_interior,service,interior house painting,10,0,,,,
Fremont,painting_interior,service,interior home painting,10,0,LOW,0,,
Fremont,painting_interior,service,interior wall painting,10,0,MEDIUM,46,,
Fremont,painting_interior,service,interior painting services,10,68.99,MEDIUM,33,,
Fremont,painting_interior,service,interior house painting services,10,0,,,,
Fremont,painting_interior,service,interior wall painting services,0,0,,,,
Fremont,painting_interior,service,residential interior painting,0,0,,,,
Fremont,painting_interior,service,residential interior painting services,10,0,,,,
Fremont,painting_interior,provider,interior painting company,10,0,,,,
Fremont,painting_interior,provider,interior painting companies,10,0,,,,
Fremont,painting_interior,provider,interior painting company near me,0,0,,,,
Fremont,painting_interior,provider,interior painting contractor,10,0,LOW,0,,
Fremont,painting_interior,provider,interior painting contractors,10,0,LOW,0,,
Fremont,painting_interior,provider,interior painting contractors near me,10,0,,,,
Fremont,painting_interior,provider,interior wall painting contractors,10,0,,,,
Fremont,painting_interior,provider,local interior painters,0,0,,,,
Fremont,painting_interior,provider,professional interior painters,10,0,,,,
Fremont,painting_interior,provider,professional interior painting,10,0,,,,
Fremont,painting_interior,cost,interior painting cost,10,0,MEDIUM,55,3.48,7.11
Fremont,painting_interior,cost,interior house painting cost,10,0.74,MEDIUM,38,,
Fremont,painting_interior,cost,cost to paint house interior,10,0.74,MEDIUM,38,,
Fremont,painting_interior,cost,cost to paint interior walls,10,0,,,,
Fremont,painting_interior,cost,interior painting estimate,0,0,,,,
Fremont,painting_interior,cost,interior painting quote,10,0,,,,
Fremont,painting_interior,cost,interior house painting estimate,10,0,,,,
Fremont,painting_interior,cost,interior house painting quote,0,0,,,,
Fremont,painting_interior,cost,interior painter cost,10,0,MEDIUM,55,3.48,7.11
Fremont,painting_interior,cost,interior painting prices,10,0,MEDIUM,55,3.48,7.11
Fremont,painting_interior,rooms,whole house interior painting,0,0,,,,
Fremont,painting_interior,rooms,home interior wall painting,0,0,,,,
Fremont,painting_interior,rooms,room painting services,0,0,,,,
Fremont,painting_interior,rooms,living room painters,0,0,,,,
Fremont,painting_interior,rooms,bedroom painters,10,0,,,,
Fremont,painting_interior,rooms,kitchen painters,0,0,,,,
Fremont,painting_interior,rooms,bathroom painters,10,0,,,,
Fremont,painting_interior,rooms,ceiling painters,0,0,,,,
Fremont,painting_interior,rooms,ceiling painting services,10,0,,,,
Fremont,painting_interior,rooms,trim painting services,0,0,,,,
Fremont,painting_interior,rooms,baseboard painting services,0,0,,,,
Fremont,painting_interior,rooms,cabinet painting services,10,0,,,,
Fremont,painting_exterior,core,exterior painters,10,0,LOW,0,,
Fremont,painting_exterior,core,exterior painter,10,0,LOW,0,,
Fremont,painting_exterior,core,exterior painters near me,10,0,MEDIUM,64,,
Fremont,painting_exterior,core,exterior house painters,10,0,LOW,0,,
Fremont,painting_exterior,core,exterior house painter,10,0,LOW,0,,
Fremont,painting_exterior,core,exterior home painters,0,0,,,,
Fremont,painting_exterior,core,outside house painters,10,0,LOW,0,,
Fremont,painting_exterior,service,exterior painting,10,0,LOW,0,,
Fremont,painting_exterior,service,exterior house painting,10,0,LOW,0,,
Fremont,painting_exterior,service,exterior home painting,0,0,,,,
Fremont,painting_exterior,service,exterior wall painting,10,0,LOW,0,,
Fremont,painting_exterior,service,exterior painting services,10,0,,,,
Fremont,painting_exterior,service,exterior house painting services,10,0,LOW,12,,
Fremont,painting_exterior,service,residential exterior painting,10,0,,,,
Fremont,painting_exterior,service,residential exterior painting services,0,0,,,,
Fremont,painting_exterior,provider,exterior painting company,10,0,LOW,0,,
Fremont,painting_exterior,provider,exterior painting companies,10,0,LOW,0,,
Fremont,painting_exterior,provider,exterior painting company near me,90,34.63,HIGH,71,,
Fremont,painting_exterior,provider,exterior painting contractor,20,0,LOW,7,,
Fremont,painting_exterior,provider,exterior painting contractors,20,0,LOW,7,,
Fremont,painting_exterior,provider,exterior painting contractors near me,90,34.63,HIGH,71,,
Fremont,painting_exterior,provider,local exterior painters,0,0,,,,
Fremont,painting_exterior,provider,professional exterior painters,0,0,,,,
Fremont,painting_exterior,provider,professional exterior painting,0,0,,,,
Fremont,painting_exterior,cost,exterior painting cost,10,0,,,,
Fremont,painting_exterior,cost,exterior house painting cost,10,17.69,LOW,19,,
Fremont,painting_exterior,cost,cost to paint house exterior,10,17.69,LOW,19,,
Fremont,painting_exterior,cost,cost to paint exterior walls,10,0,,,,
Fremont,painting_exterior,cost,exterior painting estimate,0,0,,,,
Fremont,painting_exterior,cost,exterior painting quote,10,0,LOW,0,,
Fremont,painting_exterior,cost,exterior house painting estimate,10,0,,,,
Fremont,painting_exterior,cost,exterior house painting quote,10,0,LOW,0,,
Fremont,painting_exterior,cost,exterior painter cost,10,0,,,,
Fremont,painting_exterior,cost,exterior painting prices,10,0,,,,
Fremont,painting_exterior,surface,stucco painting,10,0.01,HIGH,81,,
Fremont,painting_exterior,surface,stucco painters,10,0.01,HIGH,81,,
Fremont,painting_exterior,surface,stucco painting services,10,0,,,,
Fremont,painting_exterior,surface,brick house painting,10,0,,,,
Fremont,painting_exterior,surface,siding painting,10,0,,,,
Fremont,painting_exterior,surface,siding painters,0,0,,,,
Fremont,painting_exterior,surface,wood siding painting,10,0,LOW,0,,
Fremont,painting_exterior,surface,house trim painting,10,0,,,,
Fremont,painting_exterior,surface,front door painting service,10,0,,,,
Fremont,painting_exterior,surface,garage door painting service,10,0,,,,
Fremont,painting_general,core,house painters,10,0,MEDIUM,33,,
Fremont,painting_general,core,house painter,10,0,MEDIUM,33,,
Fremont,painting_general,core,house painters near me,70,1.79,HIGH,91,8.57,21.5
Fremont,painting_general,core,home painters,10,0,,,,
Fremont,painting_general,core,residential painters,10,0,,,,
Fremont,painting_general,core,residential painters near me,10,0,,,,
Fremont,painting_general,service,house painting,20,0,HIGH,69,,
Fremont,painting_general,service,house painting services,10,0,,,,
Fremont,painting_general,service,home painting services,10,0,,,,
Fremont,painting_general,service,residential painting,10,0,,,,
Fremont,painting_general,service,residential painting services,10,0,,,,
Fremont,painting_general,provider,painting company,20,20.11,MEDIUM,66,2.88,22
Fremont,painting_general,provider,painting companies,20,20.11,MEDIUM,66,2.88,22
Fremont,painting_general,provider,painting company near me,170,8.27,HIGH,78,7.94,25.85
Fremont,painting_general,provider,painting contractor,10,152.5,MEDIUM,48,,
Fremont,painting_general,provider,painting contractors,10,152.5,MEDIUM,48,,
Fremont,painting_general,provider,painting contractors near me,10,0,MEDIUM,38,,
Fremont,painting_general,provider,local painting company,10,0,,,,
Fremont,painting_general,provider,local house painters,10,0,,,,
Fremont,painting_general,provider,professional house painters,10,0,LOW,0,,
Fremont,painting_general,cost,house painting cost,10,3.46,MEDIUM,41,1.12,4.69
Fremont,painting_general,cost,cost to paint a house,10,3.46,MEDIUM,41,1.12,4.69
Fremont,painting_general,cost,house painting estimate,0,0,,,,
Fremont,painting_general,cost,house painting quote,10,0,HIGH,93,,
Fremont,painting_general,cost,painting estimate,10,0,,,,
Fremont,painting_general,cost,painting quote,10,0,MEDIUM,43,,
Fremont,painting_general,cost,free painting estimate,0,0,,,,
Fremont,wallpaper,core,wallpaper installer,10,3.5,MEDIUM,50,,
Fremont,wallpaper,core,wallpaper installers,10,3.5,MEDIUM,50,,
Fremont,wallpaper,core,wallpaper installer near me,10,81.01,HIGH,86,,
Fremont,wallpaper,core,wallpaper installation,10,3.5,MEDIUM,50,,
Fremont,wallpaper,core,wallpaper installation near me,10,81.01,HIGH,86,,
Fremont,wallpaper,core,wallpaper installation service,10,0,,,,
Fremont,wallpaper,core,wallpaper installation services,10,0,,,,
Fremont,wallpaper,core,wallpaper hanging,10,0,,,,
Fremont,wallpaper,core,wallpaper hanging near me,10,0,HIGH,100,,
Fremont,wallpaper,core,wallpaper hanging service,10,0,,,,
Fremont,wallpaper,core,wallpaper hanging services,10,0,,,,
Fremont,wallpaper,core,wallpaper hanger,10,0,,,,
Fremont,wallpaper,core,wallpaper hangers,10,0,,,,
Fremont,wallpaper,core,wallpaper hanger near me,10,0,HIGH,100,,
Fremont,wallpaper,provider,wallpaper installation company,10,0,,,,
Fremont,wallpaper,provider,wallpaper installation contractor,0,0,,,,
Fremont,wallpaper,provider,wallpaper installation contractors,0,0,,,,
Fremont,wallpaper,provider,professional wallpaper installer,10,0,,,,
Fremont,wallpaper,provider,professional wallpaper installer near me,10,0,,,,
Fremont,wallpaper,provider,professional wallpaper installation,10,0,,,,
Fremont,wallpaper,provider,professional wallpaper hanging,0,0,,,,
Fremont,wallpaper,provider,local wallpaper installer,0,0,,,,
Fremont,wallpaper,provider,hire wallpaper installer,0,0,,,,
Fremont,wallpaper,cost,wallpaper installer cost,10,0,HIGH,100,,
Fremont,wallpaper,cost,wallpaper installation cost,10,0,HIGH,100,,
Fremont,wallpaper,cost,cost to install wallpaper,10,0,HIGH,100,,
Fremont,wallpaper,cost,wallpaper hanging cost,0,0,,,,
Fremont,wallpaper,cost,cost to hang wallpaper,0,0,,,,
Fremont,wallpaper,cost,wallpaper installation estimate,0,0,,,,
Fremont,wallpaper,cost,wallpaper installation quote,0,0,,,,
Fremont,wallpaper,cost,wallpaper installer prices,0,0,,,,
Fremont,wallpaper,cost,professional wallpaper installer cost,0,0,,,,
Fremont,wallpaper,type,peel and stick wallpaper installer,0,0,,,,
Fremont,wallpaper,type,peel and stick wallpaper installation,0,0,,,,
Fremont,wallpaper,type,mural wallpaper installer,0,0,,,,
Fremont,wallpaper,type,wall mural installation,10,0,,,,
Fremont,wallpaper,type,grasscloth wallpaper installer,0,0,,,,
Fremont,wallpaper,type,grasscloth wallpaper installation,0,0,,,,
Fremont,wallpaper,type,textured wallpaper installation,0,0,,,,
Fremont,wallpaper,type,vinyl wallpaper installation,0,0,,,,
Fremont,wallpaper,type,custom wallpaper installation,0,0,,,,
Fremont,wallpaper,type,residential wallpaper installation,0,0,,,,
Fremont,floristry,occasion,birthday flowers,70,0.23,HIGH,99,0.02,2.18
Fremont,floristry,delivery,flower delivery,260,8.16,HIGH,100,3.38,7.91
Fremont,floristry,core,flowers,1600,2.52,HIGH,99,2.72,6.58
Fremont,floristry,custom,personalized bouquets from local florists,0,0,,,,
Fremont,floristry,roses,rose bouquets,50,1.4,HIGH,100,,
Fremont,floristry,delivery,same day flower delivery,70,10.56,HIGH,70,4.23,9.59
Fremont,floristry,occasion,sympathy flowers,20,5.46,HIGH,100,2.88,6.64
Fremont,floristry,wedding,wedding flowers,30,1.47,HIGH,98,,
Fremont,floristry,occasion,anniversary flowers,10,2.12,HIGH,100,,
Fremont,floristry,occasion,apology flowers,10,0,HIGH,71,,
Fremont,floristry,wedding,bridal bouquets,30,1.34,HIGH,100,0.54,2.48
Fremont,floristry,occasion,congratulations flowers,10,0,HIGH,79,,
Fremont,floristry,corporate,corporate flowers,10,0,,,,
Fremont,floristry,custom,custom bouquets,10,0.77,HIGH,100,,
Fremont,floristry,event,event flower arrangements,10,0,,,,
Fremont,floristry,wedding,flowers for newlyweds,10,0,,,,
Fremont,floristry,occasion,get well flowers,10,7.89,HIGH,100,2.03,4.88
Fremont,floristry,occasion,housewarming flowers,10,0.25,HIGH,100,,
Fremont,floristry,occasion,just because flowers,10,0,HIGH,100,,
Fremont,floristry,luxury,luxury bouquets,10,0,,,,
Fremont,floristry,occasion,new baby flowers,10,0,HIGH,100,,
Fremont,floristry,occasion,romantic flowers,10,0,HIGH,77,,
Fremont,floristry,occasion,thank you flowers,10,0.05,MEDIUM,60,,
Fremont,floristry,wedding,bridal bouquet,30,1.34,HIGH,100,0.54,2.48
Fremont,floristry,event,event flowers,10,0,,,,
Fremont,floristry,event,floral centerpieces,20,0.16,HIGH,100,,
Fremont,floristry,core,florist,260,0.82,LOW,33,1.74,3.77
Fremont,floristry,event,flower centerpieces,10,0.7,HIGH,100,,
Fremont,floristry,core,flower shop,320,1.25,MEDIUM,38,0.64,2.8
Fremont,floristry,core,local florist,10,0.39,HIGH,100,,
Fremont,floristry,custom,personalized bouquets,10,0.77,HIGH,100,,
Fremont,floristry,roses,rose bouquet,50,1.4,HIGH,100,,
Fremont,floristry,roses,roses,880,0.81,MEDIUM,55,0.47,3.3
Fremont,floristry,delivery,send flowers,30,6.38,HIGH,98,2.43,7.65
Fremont,floristry,event,table flower arrangements,20,0,,,,
Fremont,floristry,wedding,wedding gift flowers,10,0,,,,
Fremont,water_heater,tankless,tankless water heater cost,30,5.78,HIGH,95,1.09,7.43
Fremont,water_heater,cost,water heater cost,20,1.12,HIGH,96,1.12,22.38
Fremont,water_heater,cost,hot water heater replacement cost,10,30.14,HIGH,67,,
Fremont,water_heater,cost,hot water heater cost,10,0,HIGH,86,,
Fremont,water_heater,tankless,tankless water heater installation gas,10,0,,,,
Fremont,water_heater,installation,tank water heater install,10,0,,,,
Fremont,water_heater,replacement,water heater service,10,21.89,LOW,21,,
Fremont,water_heater,tankless,tankless electric water heater installation,10,0,LOW,0,,
Fremont,water_heater,tankless,tankless water heater replacement cost,30,9.65,MEDIUM,53,4.64,31.49
Fremont,water_heater,tankless,tankless water heater price,10,0,MEDIUM,43,,
Fremont,water_heater,tankless,electric tankless water heater cost,10,0,,,,
Fremont,water_heater,tankless,tankless water heater service,10,0,,,,
Fremont,water_heater,tankless,replace tankless water heater,10,0,MEDIUM,52,,
Fremont,water_heater,cost,hot water heater installation cost,10,34.04,MEDIUM,57,,
Fremont,water_heater,electric,electric water heater cost,10,0,LOW,0,,
Fremont,water_heater,electric,electric water heater replacement cost,10,0,HIGH,100,,
Fremont,water_heater,gas,gas water heater cost,10,0,HIGH,71,,
Fremont,water_heater,heat_pump,heat pump water heater cost,10,14.05,MEDIUM,66,,
Fremont,water_heater,tankless,propane tankless water heater installation,10,0,,,,
Fremont,water_heater,tankless,tankless water heater installation services,10,0,,,,
Fremont,water_heater,tankless,tankless gas water heater cost,10,0,,,,
Fremont,water_heater,tankless,gas tankless water heater cost,10,0,,,,
Fremont,water_heater,gas,gas hot water heater cost,0,0,,,,
Fremont,water_heater,electric,electric hot water heater installation cost,10,0,,,,
Fremont,water_heater,gas,gas hot water heater installation,10,0,,,,
Fremont,water_heater,electric,electric hot water heater installation,10,0,HIGH,100,,
Fremont,water_heater,tankless,natural gas tankless water heater installation,0,0,,,,
Fremont,water_heater,tankless,gas tankless hot water heater installation,0,0,,,,
Fremont,water_heater,electric,hot water heater installation electric,10,0,HIGH,100,,
Fremont,water_heater,tankless,tankless water heater company,0,0,,,,
Fremont,water_heater,tankless,cost to install electric tankless hot water heater,0,0,,,,
Fremont,painting_interior,service,interior door painting services,0,0,,,,
Fremont,painting_interior,provider,house interior painting contractors,10,0,,,,
Fremont,painting_interior,provider,interior home painting company,0,0,,,,
Fremont,painting_interior,provider,interior house painting companies,0,0,,,,
Fremont,painting_interior,cost,interior house painting estimates,10,0,,,,
Fremont,painting_interior,service,cheap interior painters,10,0,,,,
Fremont,painting_interior,provider,interior home painting contractors,0,0,,,,
Fremont,painting_interior,cost,interior home painting estimate,0,0,,,,
Fremont,painting_interior,service,home interior painting services,0,0,,,,
Fremont,painting_interior,cost,interior painters quotes,10,0,,,,
Fremont,painting_interior,service,residential house interior painting,0,0,,,,
Fremont,painting_exterior,service,painting services,10,0,LOW,0,,
Fremont,painting_exterior,service,local painting services,10,0,,,,
Fremont,painting_exterior,residential,professional house painter,10,0,LOW,0,,
Fremont,painting_exterior,provider,house painting contractors,10,0,,,,
Fremont,painting_exterior,provider,professional painting contractors,10,0,,,,
Fremont,painting_exterior,provider,local painting contractors,10,0,,,,
Fremont,painting_exterior,provider,house exterior painting contractor,10,0,,,,
Fremont,painting_exterior,service,exterior painting professional,0,0,,,,
Fremont,painting_exterior,provider,professional house painting contractor,10,0,,,,
Fremont,painting_exterior,provider,professional house painting contractors,10,0,,,,
Fremont,painting_exterior,residential,professional exterior house painters,0,0,,,,
Fremont,painting_exterior,residential,professional home painters,0,0,,,,
Fremont,painting_exterior,residential,professional residential painters,0,0,,,,
Fremont,floristry,occasion,valentines flowers,210,0,LOW,0,,
Fremont,floristry,arrangements,flower bouquet,170,0.87,HIGH,99,1.09,2.83
Fremont,floristry,sympathy,funeral flowers,70,4.18,HIGH,100,1.3,4.21
Fremont,floristry,sympathy,funeral flower arrangements,30,2.19,HIGH,100,1.23,3.14
Fremont,floristry,arrangements,flower bouquet near me,50,0.97,HIGH,100,,
Fremont,floristry,delivery,flower delivery service,10,17.34,HIGH,90,3.44,13.24
Fremont,floristry,wedding_event,boutonniere wedding,20,0,LOW,0,,
Fremont,floristry,delivery,flower delivery services online,10,0,LOW,0,,
Fremont,floristry,delivery,online flower delivery,10,7.01,HIGH,100,1.85,6.77
Fremont,floristry,delivery,cheap flower delivery,10,7.51,HIGH,100,,
Fremont,floristry,core,same day flowers,10,0,MEDIUM,48,,
Fremont,floristry,delivery,deliver flowers,260,8.16,HIGH,100,3.38,7.91
Fremont,floristry,delivery,send flowers online,10,7.29,HIGH,100,2.73,9.94
Fremont,floristry,sympathy,funeral flowers delivery,10,9.72,HIGH,100,3.62,5.16
Fremont,floristry,wedding_event,corsage flower,10,0.38,HIGH,100,,
Fremont,floristry,occasion,mother's day flower delivery,10,0,,,,
Fremont,floristry,delivery,best flower delivery,10,4.46,HIGH,100,,
Fremont,floristry,delivery,flower bouquet delivery,10,0,HIGH,100,,
Fremont,floristry,wedding_event,wedding flower bouquets,10,0,HIGH,100,,
Fremont,floristry,delivery,flower delivery today,10,0,,,,
Fremont,floristry,delivery,local flower delivery,10,0,HIGH,100,,
Fremont,floristry,delivery,fresh flower delivery,10,2.13,HIGH,100,,
Fremont,floristry,sympathy,sympathy flowers delivery,10,7.1,HIGH,100,4.08,7.46
Fremont,floristry,delivery,best online flower delivery,10,3.05,HIGH,100,,
Fremont,floristry,occasion,valentines flower bouquet,10,0,,,,
Fremont,floristry,occasion,mother's day flowers delivery,10,0,,,,
Fremont,floristry,arrangements,fresh flower bouquet,10,0.15,MEDIUM,50,,
Fremont,floristry,wedding_event,rose bridal bouquet,10,0,,,,
Fremont,floristry,delivery,flower delivery same day,70,10.56,HIGH,70,4.23,9.59
Fremont,floristry,delivery,best flower delivery services,10,4.22,HIGH,100,,
Fremont,floristry,arrangements,custom flower bouquet,10,0.77,HIGH,100,,
Fremont,floristry,sympathy,sympathy flower arrangements,10,0,HIGH,100,,
Fremont,floristry,core,florist flowers,10,0,LOW,0,,
Fremont,floristry,wedding_event,bridal bouquet fresh flowers,10,0,,,,
Fremont,floristry,wedding_event,wedding flowers delivery,10,0,,,,
Fremont,floristry,delivery,same day flower delivery service,10,0,,,,
Fremont,floristry,delivery,same day flower delivery services,10,0,,,,
Fremont,floristry,delivery,cheap same day flower delivery,10,0,,,,
Fremont,floristry,wedding_event,bridal bouquet flowers,10,0,,,,
Fremont,floristry,wedding_event,wedding bridal bouquet,10,0,,,,
Fremont,floristry,delivery,best same day flower delivery,10,0,,,,
Fremont,floristry,sympathy,sympathy flowers same day delivery,10,0,,,,
Fremont,floristry,sympathy,funeral flowers same day delivery,0,0,,,,
Fremont,floristry,delivery,flower bouquet delivery same day,10,0,,,,
Fremont,floristry,delivery,same day delivery flower bouquet,10,0,,,,
Fremont,floristry,delivery,local flower delivery same day,10,0,,,,
Fremont,floristry,delivery,florist flower delivery,10,0,,,,
Fremont,floristry,delivery,online flower bouquet delivery,10,0,,,,
Fremont,floristry,delivery,send flowers online same day,0,0,,,,
Fremont,floristry,delivery,flower bouquet same day delivery,10,0,,,,
Los Angeles,water_heater,replacement,water heater replacement,590,27.34,MEDIUM,64,8.34,39.6
Los Angeles,water_heater,replacement,water heater replacement near me,70,44.44,LOW,22,26.24,74.07
Los Angeles,water_heater,replacement,replace water heater,590,27.34,MEDIUM,64,8.34,39.6
Los Angeles,water_heater,replacement,replace water heater near me,70,44.44,LOW,22,26.24,74.07
Los Angeles,water_heater,replacement,water heater replacement service,10,18.84,MEDIUM,45,,
Los Angeles,water_heater,replacement,water heater replacement services,10,18.84,MEDIUM,45,,
Los Angeles,water_heater,replacement,water heater replacement company,10,0,LOW,0,,
Los Angeles,water_heater,replacement,water heater replacement contractor,10,0,,,,
Los Angeles,water_heater,replacement,water heater replacement contractors,10,0,,,,
Los Angeles,water_heater,replacement,water heater replacement installer,0,0,,,,
Los Angeles,water_heater,replacement,water heater replacement installers,0,0,,,,
Los Angeles,water_heater,replacement,local water heater replacement,10,0,,,,
Los Angeles,water_heater,replacement,professional water heater replacement,0,0,,,,
Los Angeles,water_heater,replacement,residential water heater replacement,10,0,,,,
Los Angeles,water_heater,replacement,home water heater replacement,10,7.45,MEDIUM,57,,
Los Angeles,water_heater,replacement,hot water heater replacement,50,26.67,HIGH,89,13.5,68.12
Los Angeles,water_heater,replacement,hot water heater replacement near me,10,0,,,,
Los Angeles,water_heater,replacement,water heater change out,10,0,HIGH,100,,
Los Angeles,water_heater,replacement,water heater changeout,0,0,,,,
Los Angeles,water_heater,replacement,water heater swap,0,0,,,,
Los Angeles,water_heater,installation,water heater installation,390,33.42,LOW,5,17.2,50.1
Los Angeles,water_heater,installation,water heater installation near me,260,58.24,LOW,2,36.47,71.91
Los Angeles,water_heater,installation,water heater installation service,30,0,LOW,6,,
Los Angeles,water_heater,installation,water heater installation services,30,0,LOW,6,,
Los Angeles,water_heater,installation,water heater installation company,10,0,LOW,0,,
Los Angeles,water_heater,installation,water heater installation contractor,20,0,LOW,26,,
Los Angeles,water_heater,installation,water heater installation contractors,20,0,LOW,26,,
Los Angeles,water_heater,installation,water heater installer,390,33.42,LOW,5,17.2,50.1
Los Angeles,water_heater,installation,water heater installers,390,33.42,LOW,5,17.2,50.1
Los Angeles,water_heater,installation,water heater installer near me,260,58.24,LOW,2,36.47,71.91
Los Angeles,water_heater,installation,local water heater installer,0,0,,,,
Los Angeles,water_heater,installation,professional water heater installation,10,0,LOW,0,,
Los Angeles,water_heater,installation,residential water heater installation,10,0,LOW,0,,
Los Angeles,water_heater,installation,home water heater installation,0,0,,,,
Los Angeles,water_heater,installation,hot water heater installation,20,0,LOW,5,,
Los Angeles,water_heater,installation,hot water heater installer,20,0,LOW,5,,
Los Angeles,water_heater,cost,water heater replacement cost,390,13.54,HIGH,69,3.46,15.95
Los Angeles,water_heater,cost,cost to replace water heater,390,13.54,HIGH,69,3.46,15.95
Los Angeles,water_heater,cost,how much to replace water heater,70,3.98,HIGH,75,2.25,9
Los Angeles,water_heater,cost,water heater installation cost,140,25.19,MEDIUM,45,3.55,14.51
Los Angeles,water_heater,cost,cost to install water heater,140,25.19,MEDIUM,45,3.55,14.51
Los Angeles,water_heater,cost,water heater replacement estimate,10,0,HIGH,93,,
Los Angeles,water_heater,cost,water heater installation estimate,10,0,HIGH,86,,
Los Angeles,water_heater,cost,water heater replacement quote,10,0,,,,
Los Angeles,water_heater,cost,water heater installation quote,10,0,LOW,0,,
Los Angeles,water_heater,cost,water heater replacement price,10,0,,,,
Los Angeles,water_heater,cost,water heater installation price,10,0,HIGH,86,,
Los Angeles,water_heater,same_day,same day water heater replacement,10,0,HIGH,71,,
Los Angeles,water_heater,same_day,same day water heater installation,10,0,MEDIUM,36,,
Los Angeles,water_heater,same_day,same day water heater installer,0,0,,,,
Los Angeles,water_heater,same_day,emergency water heater replacement,10,0,MEDIUM,43,,
Los Angeles,water_heater,same_day,emergency water heater installation,10,0,,,,
Los Angeles,water_heater,same_day,urgent water heater replacement,0,0,,,,
Los Angeles,water_heater,same_day,24 hour water heater replacement,0,0,,,,
Los Angeles,water_heater,same_day,water heater replacement today,0,0,,,,
Los Angeles,water_heater,tank,tank water heater replacement,30,56.46,LOW,23,8.25,29.35
Los Angeles,water_heater,tank,tank water heater installation,40,0,LOW,0,,
Los Angeles,water_heater,tank,tank water heater installer,0,0,,,,
Los Angeles,water_heater,tank,storage tank water heater replacement,0,0,,,,
Los Angeles,water_heater,tank,standard water heater replacement,0,0,,,,
Los Angeles,water_heater,tank,conventional water heater replacement,0,0,,,,
Los Angeles,water_heater,tankless,tankless water heater replacement,40,1.2,MEDIUM,41,4.17,24.32
Los Angeles,water_heater,tankless,tankless water heater replacement near me,10,0,LOW,0,,
Los Angeles,water_heater,tankless,tankless water heater installation,720,16.49,LOW,26,6.46,30.52
Los Angeles,water_heater,tankless,tankless water heater installation near me,50,9.24,LOW,10,,
Los Angeles,water_heater,tankless,tankless water heater installer,720,16.49,LOW,26,6.46,30.52
Los Angeles,water_heater,tankless,tankless water heater installer near me,50,9.24,LOW,10,,
Los Angeles,water_heater,tankless,tankless water heater installation cost,480,6.54,LOW,27,2.75,13.82
Los Angeles,water_heater,tankless,cost to install tankless water heater,480,6.54,LOW,27,2.75,13.82
Los Angeles,water_heater,tankless,cost to replace tankless water heater,480,6.54,LOW,27,2.75,13.82
Los Angeles,water_heater,gas,gas water heater replacement,20,4.9,MEDIUM,41,,
Los Angeles,water_heater,gas,gas water heater replacement near me,10,0,,,,
Los Angeles,water_heater,gas,gas water heater installation,70,0,LOW,17,,
Los Angeles,water_heater,gas,gas water heater installer,70,0,LOW,17,,
Los Angeles,water_heater,gas,gas water heater installation cost,30,0,HIGH,76,2.92,10
Los Angeles,water_heater,gas,cost to replace gas water heater,10,0,HIGH,86,,
Los Angeles,water_heater,electric,electric water heater replacement,10,0,,,,
Los Angeles,water_heater,electric,electric water heater replacement near me,0,0,,,,
Los Angeles,water_heater,electric,electric water heater installation,50,0,LOW,13,,
Los Angeles,water_heater,electric,electric water heater installer,50,0,LOW,13,,
Los Angeles,water_heater,electric,electric water heater installation cost,20,0,LOW,24,,
Los Angeles,water_heater,electric,cost to replace electric water heater,10,25.51,MEDIUM,34,,
Los Angeles,water_heater,heat_pump,heat pump water heater replacement,10,0,,,,
Los Angeles,water_heater,heat_pump,heat pump water heater installation,110,7.44,LOW,8,,
Los Angeles,water_heater,heat_pump,heat pump water heater installer,110,7.44,LOW,8,,
Los Angeles,water_heater,heat_pump,heat pump water heater installation near me,10,0,,,,
Los Angeles,water_heater,heat_pump,heat pump water heater installation cost,30,2.69,LOW,29,,
Los Angeles,water_heater,heat_pump,hybrid water heater replacement,0,0,,,,
Los Angeles,water_heater,heat_pump,hybrid water heater installation,10,0,LOW,0,,
Los Angeles,water_heater,heat_pump,hybrid water heater installer,10,0,LOW,0,,
Los Angeles,water_heater,conversion,tank to tankless water heater conversion,10,2.07,HIGH,86,,
Los Angeles,water_heater,conversion,convert tank water heater to tankless,10,2.07,HIGH,86,,
Los Angeles,water_heater,conversion,gas to electric water heater conversion,10,0,,,,
Los Angeles,water_heater,conversion,electric to gas water heater conversion,10,0,,,,
Los Angeles,water_heater,problem,replace leaking water heater,0,0,,,,
Los Angeles,water_heater,problem,leaking water heater replacement,0,0,,,,
Los Angeles,water_heater,problem,replace broken water heater,0,0,,,,
Los Angeles,water_heater,problem,broken water heater replacement,0,0,,,,
Los Angeles,water_heater,problem,no hot water water heater replacement,0,0,,,,
Los Angeles,painting_interior,core,interior painters,40,0,LOW,3,,
Los Angeles,painting_interior,core,interior painter,40,0,LOW,3,,
Los Angeles,painting_interior,core,interior painters near me,90,7.92,LOW,28,9.55,31.01
Los Angeles,painting_interior,core,interior house painters,40,0,LOW,3,,
Los Angeles,painting_interior,core,interior house painter,10,0,HIGH,83,,
Los Angeles,painting_interior,core,interior home painters,10,0,,,,
Los Angeles,painting_interior,core,interior wall painters,10,0,,,,
Los Angeles,painting_interior,core,inside house painters,0,0,,,,
Los Angeles,painting_interior,core,indoor house painters,10,0,HIGH,86,,
Los Angeles,painting_interior,service,interior painting,40,0,LOW,3,,
Los Angeles,painting_interior,service,interior house painting,10,0,HIGH,83,,
Los Angeles,painting_interior,service,interior home painting,10,0,MEDIUM,57,,
Los Angeles,painting_interior,service,interior wall painting,50,0.08,MEDIUM,53,0.37,17.58
Los Angeles,painting_interior,service,interior painting services,50,0,LOW,9,,
Los Angeles,painting_interior,service,interior house painting services,10,0,LOW,4,,
Los Angeles,painting_interior,service,interior wall painting services,10,0,,,,
Los Angeles,painting_interior,service,residential interior painting,10,0,LOW,2,,
Los Angeles,painting_interior,service,residential interior painting services,10,0,,,,
Los Angeles,painting_interior,provider,interior painting company,10,0,LOW,20,,
Los Angeles,painting_interior,provider,interior painting companies,10,0,LOW,20,,
Los Angeles,painting_interior,provider,interior painting company near me,10,0,HIGH,100,,
Los Angeles,painting_interior,provider,interior painting contractor,140,0,LOW,13,,
Los Angeles,painting_interior,provider,interior painting contractors,140,0,LOW,13,,
Los Angeles,painting_interior,provider,interior painting contractors near me,10,0,LOW,24,,
Los Angeles,painting_interior,provider,interior wall painting contractors,10,0,,,,
Los Angeles,painting_interior,provider,local interior painters,10,0,,,,
Los Angeles,painting_interior,provider,professional interior painters,10,0,LOW,21,,
Los Angeles,painting_interior,provider,professional interior painting,10,0,LOW,21,,
Los Angeles,painting_interior,cost,interior painting cost,70,3.36,LOW,11,1.69,5.42
Los Angeles,painting_interior,cost,interior house painting cost,30,7.62,LOW,10,3.8,10.33
Los Angeles,painting_interior,cost,cost to paint house interior,30,7.62,LOW,10,3.8,10.33
Los Angeles,painting_interior,cost,cost to paint interior walls,10,0,,,,
Los Angeles,painting_interior,cost,interior painting estimate,10,0,HIGH,86,,
Los Angeles,painting_interior,cost,interior painting quote,10,0,,,,
Los Angeles,painting_interior,cost,interior house painting estimate,10,0,MEDIUM,43,,
Los Angeles,painting_interior,cost,interior house painting quote,0,0,,,,
Los Angeles,painting_interior,cost,interior painter cost,70,3.36,LOW,11,1.69,5.42
Los Angeles,painting_interior,cost,interior painting prices,70,3.36,LOW,11,1.69,5.42
Los Angeles,painting_interior,rooms,whole house interior painting,0,0,,,,
Los Angeles,painting_interior,rooms,home interior wall painting,10,0,,,,
Los Angeles,painting_interior,rooms,room painting services,10,0,LOW,0,,
Los Angeles,painting_interior,rooms,living room painters,10,0,,,,
Los Angeles,painting_interior,rooms,bedroom painters,10,0,,,,
Los Angeles,painting_interior,rooms,kitchen painters,10,0,,,,
Los Angeles,painting_interior,rooms,bathroom painters,10,0,,,,
Los Angeles,painting_interior,rooms,ceiling painters,10,0,LOW,0,,
Los Angeles,painting_interior,rooms,ceiling painting services,10,0,,,,
Los Angeles,painting_interior,rooms,trim painting services,0,0,,,,
Los Angeles,painting_interior,rooms,baseboard painting services,0,0,,,,
Los Angeles,painting_interior,rooms,cabinet painting services,10,0,LOW,26,,
Los Angeles,painting_exterior,core,exterior painters,50,8.31,LOW,9,7.15,19.33
Los Angeles,painting_exterior,core,exterior painter,50,8.31,LOW,9,7.15,19.33
Los Angeles,painting_exterior,core,exterior painters near me,70,34.05,LOW,29,14.83,42.11
Los Angeles,painting_exterior,core,exterior house painters,20,0,LOW,21,,
Los Angeles,painting_exterior,core,exterior house painter,20,0,LOW,21,,
Los Angeles,painting_exterior,core,exterior home painters,10,0,,,,
Los Angeles,painting_exterior,core,outside house painters,20,0,LOW,21,,
Los Angeles,painting_exterior,service,exterior painting,50,8.31,LOW,9,7.15,19.33
Los Angeles,painting_exterior,service,exterior house painting,20,0,LOW,21,,
Los Angeles,painting_exterior,service,exterior home painting,10,0,,,,
Los Angeles,painting_exterior,service,exterior wall painting,10,0.26,MEDIUM,62,0.16,8.41
Los Angeles,painting_exterior,service,exterior painting services,20,94.34,LOW,8,,
Los Angeles,painting_exterior,service,exterior house painting services,20,0,LOW,26,,
Los Angeles,painting_exterior,service,residential exterior painting,10,91.25,LOW,29,,
Los Angeles,painting_exterior,service,residential exterior painting services,0,0,,,,
Los Angeles,painting_exterior,provider,exterior painting company,10,3.38,LOW,31,,
Los Angeles,painting_exterior,provider,exterior painting companies,10,3.38,LOW,31,,
Los Angeles,painting_exterior,provider,exterior painting company near me,170,9.98,LOW,5,11.09,47.59
Los Angeles,painting_exterior,provider,exterior painting contractor,210,0,LOW,9,,
Los Angeles,painting_exterior,provider,exterior painting contractors,210,0,LOW,9,,
Los Angeles,painting_exterior,provider,exterior painting contractors near me,170,9.98,LOW,5,11.09,47.59
Los Angeles,painting_exterior,provider,local exterior painters,10,0,,,,
Los Angeles,painting_exterior,provider,professional exterior painters,10,0,,,,
Los Angeles,painting_exterior,provider,professional exterior painting,10,0,,,,
Los Angeles,painting_exterior,cost,exterior painting cost,30,13.92,MEDIUM,60,3.79,21.4
Los Angeles,painting_exterior,cost,exterior house painting cost,40,10.35,LOW,20,2.52,12.13
Los Angeles,painting_exterior,cost,cost to paint house exterior,40,10.35,LOW,20,2.52,12.13
Los Angeles,painting_exterior,cost,cost to paint exterior walls,10,0,,,,
Los Angeles,painting_exterior,cost,exterior painting estimate,10,0,MEDIUM,57,,
Los Angeles,painting_exterior,cost,exterior painting quote,10,0,LOW,21,,
Los Angeles,painting_exterior,cost,exterior house painting estimate,10,0,LOW,0,,
Los Angeles,painting_exterior,cost,exterior house painting quote,10,0,LOW,21,,
Los Angeles,painting_exterior,cost,exterior painter cost,30,13.92,MEDIUM,60,3.79,21.4
Los Angeles,painting_exterior,cost,exterior painting prices,30,13.92,MEDIUM,60,3.79,21.4
Los Angeles,painting_exterior,surface,stucco painting,110,0.71,HIGH,94,0.15,3.67
Los Angeles,painting_exterior,surface,stucco painters,110,0.71,HIGH,94,0.15,3.67
Los Angeles,painting_exterior,surface,stucco painting services,10,0,LOW,0,,
Los Angeles,painting_exterior,surface,brick house painting,10,0,LOW,8,,
Los Angeles,painting_exterior,surface,siding painting,10,0,LOW,8,,
Los Angeles,painting_exterior,surface,siding painters,0,0,,,,
Los Angeles,painting_exterior,surface,wood siding painting,10,0.22,HIGH,79,,
Los Angeles,painting_exterior,surface,house trim painting,10,0,LOW,0,,
Los Angeles,painting_exterior,surface,front door painting service,10,0,,,,
Los Angeles,painting_exterior,surface,garage door painting service,10,0,LOW,3,,
Los Angeles,painting_general,core,house painters,90,31.19,LOW,18,7.88,24.28
Los Angeles,painting_general,core,house painter,90,31.19,LOW,18,7.88,24.28
Los Angeles,painting_general,core,house painters near me,880,18.21,LOW,26,11.14,40
Los Angeles,painting_general,core,home painters,10,31.24,MEDIUM,45,,
Los Angeles,painting_general,core,residential painters,20,0,LOW,3,,
Los Angeles,painting_general,core,residential painters near me,30,11.69,LOW,28,,
Los Angeles,painting_general,service,house painting,210,2.77,MEDIUM,57,2.36,16.11
Los Angeles,painting_general,service,house painting services,40,12.89,LOW,16,10.01,40
Los Angeles,painting_general,service,home painting services,40,12.89,LOW,16,10.01,40
Los Angeles,painting_general,service,residential painting,20,0,LOW,3,,
Los Angeles,painting_general,service,residential painting services,30,0,LOW,6,,
Los Angeles,painting_general,provider,painting company,320,9.88,MEDIUM,56,2.9,22.1
Los Angeles,painting_general,provider,painting companies,320,9.88,MEDIUM,56,2.9,22.1
Los Angeles,painting_general,provider,painting company near me,480,18.6,LOW,32,12.52,46
Los Angeles,painting_general,provider,painting contractor,260,24.53,LOW,19,4.08,25.23
Los Angeles,painting_general,provider,painting contractors,260,24.53,LOW,19,4.08,25.23
Los Angeles,painting_general,provider,painting contractors near me,210,5.76,LOW,8,4.15,25.23
Los Angeles,painting_general,provider,local painting company,10,0,LOW,9,,
Los Angeles,painting_general,provider,local house painters,50,11.39,MEDIUM,46,12.01,41.9
Los Angeles,painting_general,provider,professional house painters,20,0.97,LOW,4,,
Los Angeles,painting_general,cost,house painting cost,50,6.64,MEDIUM,34,2.34,6.38
Los Angeles,painting_general,cost,cost to paint a house,50,6.64,MEDIUM,34,2.34,6.38
Los Angeles,painting_general,cost,house painting estimate,10,0,HIGH,82,2.41,10.4
Los Angeles,painting_general,cost,house painting quote,10,0,HIGH,67,,
Los Angeles,painting_general,cost,painting estimate,10,0,MEDIUM,37,4.77,26.5
Los Angeles,painting_general,cost,painting quote,30,14.35,MEDIUM,50,6.76,24.09
Los Angeles,painting_general,cost,free painting estimate,10,7.22,LOW,29,,
Los Angeles,wallpaper,core,wallpaper installer,110,24.13,MEDIUM,57,6.27,18.46
Los Angeles,wallpaper,core,wallpaper installers,110,24.13,MEDIUM,57,6.27,18.46
Los Angeles,wallpaper,core,wallpaper installer near me,110,11.65,MEDIUM,58,6.49,19.81
Los Angeles,wallpaper,core,wallpaper installation,110,24.13,MEDIUM,57,6.27,18.46
Los Angeles,wallpaper,core,wallpaper installation near me,110,11.65,MEDIUM,58,6.49,19.81
Los Angeles,wallpaper,core,wallpaper installation service,10,0,LOW,0,,
Los Angeles,wallpaper,core,wallpaper installation services,10,0,LOW,0,,
Los Angeles,wallpaper,core,wallpaper hanging,10,0,MEDIUM,56,1.77,12.61
Los Angeles,wallpaper,core,wallpaper hanging near me,10,4.8,HIGH,87,5.36,11.57
Los Angeles,wallpaper,core,wallpaper hanging service,10,0,,,,
Los Angeles,wallpaper,core,wallpaper hanging services,10,0,,,,
Los Angeles,wallpaper,core,wallpaper hanger,10,0,MEDIUM,56,1.77,12.61
Los Angeles,wallpaper,core,wallpaper hangers,10,0,MEDIUM,56,1.77,12.61
Los Angeles,wallpaper,core,wallpaper hanger near me,10,4.8,HIGH,87,5.36,11.57
Los Angeles,wallpaper,provider,wallpaper installation company,20,14.62,HIGH,81,12.35,30.4
Los Angeles,wallpaper,provider,wallpaper installation contractor,0,0,,,,
Los Angeles,wallpaper,provider,wallpaper installation contractors,0,0,,,,
Los Angeles,wallpaper,provider,professional wallpaper installer,10,19.37,HIGH,71,3.66,23.11
Los Angeles,wallpaper,provider,professional wallpaper installer near me,10,51.55,HIGH,90,,
Los Angeles,wallpaper,provider,professional wallpaper installation,10,19.37,HIGH,71,3.66,23.11
Los Angeles,wallpaper,provider,professional wallpaper hanging,10,0,,,,
Los Angeles,wallpaper,provider,local wallpaper installer,10,0,,,,
Los Angeles,wallpaper,provider,hire wallpaper installer,10,0,,,,
Los Angeles,wallpaper,cost,wallpaper installer cost,40,13.25,MEDIUM,40,3.4,10.44
Los Angeles,wallpaper,cost,wallpaper installation cost,40,13.25,MEDIUM,40,3.4,10.44
Los Angeles,wallpaper,cost,cost to install wallpaper,40,13.25,MEDIUM,40,3.4,10.44
Los Angeles,wallpaper,cost,wallpaper hanging cost,0,0,,,,
Los Angeles,wallpaper,cost,cost to hang wallpaper,0,0,,,,
Los Angeles,wallpaper,cost,wallpaper installation estimate,0,0,,,,
Los Angeles,wallpaper,cost,wallpaper installation quote,0,0,,,,
Los Angeles,wallpaper,cost,wallpaper installer prices,0,0,,,,
Los Angeles,wallpaper,cost,professional wallpaper installer cost,10,0,LOW,14,,
Los Angeles,wallpaper,type,peel and stick wallpaper installer,10,0,HIGH,100,,
Los Angeles,wallpaper,type,peel and stick wallpaper installation,10,0,HIGH,100,,
Los Angeles,wallpaper,type,mural wallpaper installer,0,0,,,,
Los Angeles,wallpaper,type,wall mural installation,10,0,,,,
Los Angeles,wallpaper,type,grasscloth wallpaper installer,0,0,,,,
Los Angeles,wallpaper,type,grasscloth wallpaper installation,10,0,LOW,0,,
Los Angeles,wallpaper,type,textured wallpaper installation,10,0,,,,
Los Angeles,wallpaper,type,vinyl wallpaper installation,10,0,,,,
Los Angeles,wallpaper,type,custom wallpaper installation,10,0,,,,
Los Angeles,wallpaper,type,residential wallpaper installation,10,0,,,,
Los Angeles,floristry,occasion,birthday flowers,1300,0.99,HIGH,100,1.35,5.26
Los Angeles,floristry,delivery,flower delivery,5400,10.19,HIGH,100,3.59,10.67
Los Angeles,floristry,core,flowers,40500,4.63,HIGH,100,2.78,7.89
Los Angeles,floristry,custom,personalized bouquets from local florists,0,0,,,,
Los Angeles,floristry,roses,rose bouquets,880,1.44,HIGH,100,1.3,3.57
Los Angeles,floristry,delivery,same day flower delivery,1600,14.85,HIGH,100,4.88,13.15
Los Angeles,floristry,occasion,sympathy flowers,320,5.92,HIGH,100,2.14,7.37
Los Angeles,floristry,wedding,wedding flowers,480,1.29,HIGH,82,0.99,3.47
Los Angeles,floristry,occasion,anniversary flowers,90,5,HIGH,100,2.14,6.87
Los Angeles,floristry,occasion,apology flowers,30,0,HIGH,94,1.2,4.54
Los Angeles,floristry,wedding,bridal bouquets,390,0.71,HIGH,100,0.76,2.14
Los Angeles,floristry,occasion,congratulations flowers,50,3.16,HIGH,98,1.69,4.98
Los Angeles,floristry,corporate,corporate flowers,10,0,LOW,0,,
Los Angeles,floristry,custom,custom bouquets,50,1.83,HIGH,99,1.09,3.31
Los Angeles,floristry,event,event flower arrangements,40,4.06,HIGH,100,,
Los Angeles,floristry,wedding,flowers for newlyweds,10,0,,,,
Los Angeles,floristry,occasion,get well flowers,50,5.81,HIGH,100,2.02,6.6
Los Angeles,floristry,occasion,housewarming flowers,10,3.93,HIGH,93,2.02,3.48
Los Angeles,floristry,occasion,just because flowers,20,0,HIGH,92,0.71,2.33
Los Angeles,floristry,luxury,luxury bouquets,70,3.5,HIGH,100,1.06,6.72
Los Angeles,floristry,occasion,new baby flowers,20,2.9,HIGH,100,1.23,3.12
Los Angeles,floristry,occasion,romantic flowers,50,0.26,HIGH,72,,
Los Angeles,floristry,occasion,thank you flowers,90,6.32,HIGH,99,2.39,5.94
Los Angeles,floristry,wedding,bridal bouquet,390,0.71,HIGH,100,0.76,2.14
Los Angeles,floristry,event,event flowers,10,0,HIGH,100,,
Los Angeles,floristry,event,floral centerpieces,90,0.75,HIGH,100,0.42,1.39
Los Angeles,floristry,core,florist,5400,3.59,MEDIUM,42,1.98,7.68
Los Angeles,floristry,event,flower centerpieces,90,1.29,HIGH,100,0.44,2.66
Los Angeles,floristry,core,flower shop,6600,1.95,MEDIUM,58,1.16,3.87
Los Angeles,floristry,core,local florist,50,2.16,HIGH,84,2.04,9.62
Los Angeles,floristry,custom,personalized bouquets,50,1.83,HIGH,99,1.09,3.31
Los Angeles,floristry,roses,rose bouquet,880,1.44,HIGH,100,1.3,3.57
Los Angeles,floristry,roses,roses,14800,0.77,HIGH,71,0.77,3.96
Los Angeles,floristry,delivery,send flowers,590,9.81,HIGH,100,3.33,9.51
Los Angeles,floristry,event,table flower arrangements,40,0.65,HIGH,100,,
Los Angeles,floristry,wedding,wedding gift flowers,10,0,,,,
Los Angeles,water_heater,tankless,tankless water heater cost,480,4.33,HIGH,100,0.45,6.21
Los Angeles,water_heater,cost,water heater cost,110,3.79,MEDIUM,63,0.5,7.72
Los Angeles,water_heater,cost,hot water heater replacement cost,30,19.52,HIGH,75,3,21.49
Los Angeles,water_heater,cost,hot water heater cost,30,7.35,HIGH,97,0.4,5.87
Los Angeles,water_heater,tankless,tankless water heater installation gas,70,0,LOW,13,,
Los Angeles,water_heater,installation,tank water heater install,40,0,LOW,0,,
Los Angeles,water_heater,replacement,water heater service,40,54.75,HIGH,71,26.68,61.8
Los Angeles,water_heater,tankless,tankless electric water heater installation,50,0,LOW,5,,
Los Angeles,water_heater,tankless,tankless water heater replacement cost,480,6.54,LOW,27,2.75,13.82
Los Angeles,water_heater,tankless,tankless water heater price,50,4.52,HIGH,100,0.32,6.03
Los Angeles,water_heater,tankless,electric tankless water heater cost,50,2.61,HIGH,90,0.29,4.48
Los Angeles,water_heater,tankless,tankless water heater service,30,20.67,HIGH,68,13.25,68
Los Angeles,water_heater,tankless,replace tankless water heater,40,1.2,MEDIUM,41,4.17,24.32
Los Angeles,water_heater,cost,hot water heater installation cost,10,4.22,LOW,26,,
Los Angeles,water_heater,electric,electric water heater cost,10,1.09,HIGH,69,0.42,5.99
Los Angeles,water_heater,electric,electric water heater replacement cost,10,25.51,MEDIUM,34,,
Los Angeles,water_heater,gas,gas water heater cost,10,0,,,,
Los Angeles,water_heater,heat_pump,heat pump water heater cost,10,0.01,MEDIUM,65,,
Los Angeles,water_heater,tankless,propane tankless water heater installation,10,0,LOW,0,,
Los Angeles,water_heater,tankless,tankless water heater installation services,20,0,LOW,13,,
Los Angeles,water_heater,tankless,tankless gas water heater cost,10,1.73,HIGH,71,2.54,9.69
Los Angeles,water_heater,tankless,gas tankless water heater cost,10,1.73,HIGH,71,2.54,9.69
Los Angeles,water_heater,gas,gas hot water heater cost,10,0,,,,
Los Angeles,water_heater,electric,electric hot water heater installation cost,10,0,,,,
Los Angeles,water_heater,gas,gas hot water heater installation,10,0,,,,
Los Angeles,water_heater,electric,electric hot water heater installation,10,0,,,,
Los Angeles,water_heater,tankless,natural gas tankless water heater installation,10,0,,,,
Los Angeles,water_heater,tankless,gas tankless hot water heater installation,10,0,,,,
Los Angeles,water_heater,electric,hot water heater installation electric,10,0,,,,
Los Angeles,water_heater,tankless,tankless water heater company,10,67.72,HIGH,71,,
Los Angeles,water_heater,tankless,cost to install electric tankless hot water heater,10,0,,,,
Los Angeles,painting_interior,service,interior door painting services,10,0,LOW,1,,
Los Angeles,painting_interior,provider,house interior painting contractors,10,0,,,,
Los Angeles,painting_interior,provider,interior home painting company,10,0,LOW,0,,
Los Angeles,painting_interior,provider,interior house painting companies,10,0,LOW,0,,
Los Angeles,painting_interior,cost,interior house painting estimates,10,0,MEDIUM,43,,
Los Angeles,painting_interior,service,cheap interior painters,10,0,LOW,0,,
Los Angeles,painting_interior,provider,interior home painting contractors,10,0,,,,
Los Angeles,painting_interior,cost,interior home painting estimate,10,0,,,,
Los Angeles,painting_interior,service,home interior painting services,10,0,,,,
Los Angeles,painting_interior,cost,interior painters quotes,10,0,,,,
Los Angeles,painting_interior,service,residential house interior painting,0,0,,,,
Los Angeles,painting_exterior,service,painting services,210,22.51,LOW,22,4.46,40
Los Angeles,painting_exterior,service,local painting services,10,0,,,,
Los Angeles,painting_exterior,residential,professional house painter,20,0.97,LOW,4,,
Los Angeles,painting_exterior,provider,house painting contractors,20,0,LOW,5,,
Los Angeles,painting_exterior,provider,professional painting contractors,20,0,LOW,0,,
Los Angeles,painting_exterior,provider,local painting contractors,20,14.54,MEDIUM,57,,
Los Angeles,painting_exterior,provider,house exterior painting contractor,10,0,LOW,0,,
Los Angeles,painting_exterior,service,exterior painting professional,10,0,LOW,12,,
Los Angeles,painting_exterior,provider,professional house painting contractor,10,0,LOW,0,,
Los Angeles,painting_exterior,provider,professional house painting contractors,10,0,LOW,0,,
Los Angeles,painting_exterior,residential,professional exterior house painters,10,0,,,,
Los Angeles,painting_exterior,residential,professional home painters,10,0,,,,
Los Angeles,painting_exterior,residential,professional residential painters,0,0,,,,
Los Angeles,floristry,occasion,valentines flowers,3600,0,LOW,30,,
Los Angeles,floristry,arrangements,flower bouquet,2400,1.65,HIGH,100,1.25,3.91
Los Angeles,floristry,sympathy,funeral flowers,1000,2.96,HIGH,100,1.11,4.24
Los Angeles,floristry,sympathy,funeral flower arrangements,720,2.17,HIGH,100,0.99,3.59
Los Angeles,floristry,arrangements,flower bouquet near me,320,1.78,HIGH,100,0.97,2.99
Los Angeles,floristry,delivery,flower delivery service,320,10.5,HIGH,100,3.36,9.19
Los Angeles,floristry,wedding_event,boutonniere wedding,260,0.1,HIGH,93,,
Los Angeles,floristry,delivery,flower delivery services online,210,0,LOW,16,,
Los Angeles,floristry,delivery,online flower delivery,140,8.76,HIGH,100,2.38,9.84
Los Angeles,floristry,delivery,cheap flower delivery,170,4.81,HIGH,100,1.76,6.34
Los Angeles,floristry,core,same day flowers,170,13.04,HIGH,100,4.93,13
Los Angeles,floristry,delivery,deliver flowers,5400,10.19,HIGH,100,3.59,10.67
Los Angeles,floristry,delivery,send flowers online,90,8.75,HIGH,100,3.09,8.31
Los Angeles,floristry,sympathy,funeral flowers delivery,140,7.54,HIGH,100,2.51,7.72
Los Angeles,floristry,wedding_event,corsage flower,110,0.84,HIGH,91,,
Los Angeles,floristry,occasion,mother's day flower delivery,140,0,LOW,0,,
Los Angeles,floristry,delivery,best flower delivery,110,10.74,HIGH,100,3.23,11.76
Los Angeles,floristry,delivery,flower bouquet delivery,140,5.24,HIGH,100,2.22,7.24
Los Angeles,floristry,wedding_event,wedding flower bouquets,140,0.19,HIGH,100,0.84,1.5
Los Angeles,floristry,delivery,flower delivery today,90,12.63,HIGH,100,4.2,15.34
Los Angeles,floristry,delivery,local flower delivery,50,13.14,HIGH,99,4.88,10.49
Los Angeles,floristry,delivery,fresh flower delivery,110,6.99,HIGH,100,2.34,7.06
Los Angeles,floristry,sympathy,sympathy flowers delivery,70,8.42,HIGH,100,3.96,9.09
Los Angeles,floristry,delivery,best online flower delivery,50,5.68,HIGH,100,1.48,7.71
Los Angeles,floristry,occasion,valentines flower bouquet,110,0.33,MEDIUM,50,,
Los Angeles,floristry,occasion,mother's day flowers delivery,140,0,LOW,0,,
Los Angeles,floristry,arrangements,fresh flower bouquet,70,0.84,HIGH,98,0.84,2.27
Los Angeles,floristry,wedding_event,rose bridal bouquet,70,0.67,HIGH,89,,
Los Angeles,floristry,delivery,flower delivery same day,1600,14.85,HIGH,100,4.88,13.15
Los Angeles,floristry,delivery,best flower delivery services,50,8.48,HIGH,100,2.95,10.84
Los Angeles,floristry,arrangements,custom flower bouquet,50,1.83,HIGH,99,1.09,3.31
Los Angeles,floristry,sympathy,sympathy flower arrangements,40,2.64,HIGH,100,1.45,3.56
Los Angeles,floristry,core,florist flowers,40,0,MEDIUM,63,1.52,5.16
Los Angeles,floristry,wedding_event,bridal bouquet fresh flowers,30,0,HIGH,88,,
Los Angeles,floristry,wedding_event,wedding flowers delivery,20,0,LOW,0,,
Los Angeles,floristry,delivery,same day flower delivery service,30,30.55,LOW,18,,
Los Angeles,floristry,delivery,same day flower delivery services,30,30.55,LOW,18,,
Los Angeles,floristry,delivery,cheap same day flower delivery,10,4.2,HIGH,100,1.73,4.48
Los Angeles,floristry,wedding_event,bridal bouquet flowers,10,0,HIGH,80,,
Los Angeles,floristry,wedding_event,wedding bridal bouquet,10,0.12,HIGH,100,,
Los Angeles,floristry,delivery,best same day flower delivery,10,20.33,HIGH,100,,
Los Angeles,floristry,sympathy,sympathy flowers same day delivery,10,11.02,HIGH,100,5.71,9.07
Los Angeles,floristry,sympathy,funeral flowers same day delivery,10,18.46,MEDIUM,43,,
Los Angeles,floristry,delivery,flower bouquet delivery same day,10,13.41,MEDIUM,62,3.3,22.01
Los Angeles,floristry,delivery,same day delivery flower bouquet,10,13.41,MEDIUM,62,3.3,22.01
Los Angeles,floristry,delivery,local flower delivery same day,10,0,HIGH,93,,
Los Angeles,floristry,delivery,florist flower delivery,10,0,,,,
Los Angeles,floristry,delivery,online flower bouquet delivery,10,0,,,,
Los Angeles,floristry,delivery,send flowers online same day,10,0,LOW,0,,
Los Angeles,floristry,delivery,flower bouquet same day delivery,10,0.65,HIGH,100,,
Folsom,water_heater,replacement,water heater replacement,20,0.06,HIGH,84,7.78,46.29
Folsom,water_heater,replacement,water heater replacement near me,10,0,MEDIUM,38,,
Folsom,water_heater,replacement,replace water heater,20,0.06,HIGH,84,7.78,46.29
Folsom,water_heater,replacement,replace water heater near me,10,0,MEDIUM,38,,
Folsom,water_heater,replacement,water heater replacement service,10,0,,,,
Folsom,water_heater,replacement,water heater replacement services,10,0,,,,
Folsom,water_heater,replacement,water heater replacement company,0,0,,,,
Folsom,water_heater,replacement,water heater replacement contractor,10,0,,,,
Folsom,water_heater,replacement,water heater replacement contractors,10,0,,,,
Folsom,water_heater,replacement,water heater replacement installer,0,0,,,,
Folsom,water_heater,replacement,water heater replacement installers,0,0,,,,
Folsom,water_heater,replacement,local water heater replacement,0,0,,,,
Folsom,water_heater,replacement,professional water heater replacement,0,0,,,,
Folsom,water_heater,replacement,residential water heater replacement,0,0,,,,
Folsom,water_heater,replacement,home water heater replacement,10,0,,,,
Folsom,water_heater,replacement,hot water heater replacement,10,4.98,LOW,21,,
Folsom,water_heater,replacement,hot water heater replacement near me,10,0,,,,
Folsom,water_heater,replacement,water heater change out,0,0,,,,
Folsom,water_heater,replacement,water heater changeout,0,0,,,,
Folsom,water_heater,replacement,water heater swap,0,0,,,,
Folsom,water_heater,installation,water heater installation,10,0,MEDIUM,43,,
Folsom,water_heater,installation,water heater installation near me,10,151.96,MEDIUM,60,,
Folsom,water_heater,installation,water heater installation service,10,0,,,,
Folsom,water_heater,installation,water heater installation services,10,0,,,,
Folsom,water_heater,installation,water heater installation company,10,0,,,,
Folsom,water_heater,installation,water heater installation contractor,10,0,,,,
Folsom,water_heater,installation,water heater installation contractors,10,0,,,,
Folsom,water_heater,installation,water heater installer,10,0,MEDIUM,43,,
Folsom,water_heater,installation,water heater installers,10,0,MEDIUM,43,,
Folsom,water_heater,installation,water heater installer near me,10,151.96,MEDIUM,60,,
Folsom,water_heater,installation,local water heater installer,0,0,,,,
Folsom,water_heater,installation,professional water heater installation,10,0,,,,
Folsom,water_heater,installation,residential water heater installation,0,0,,,,
Folsom,water_heater,installation,home water heater installation,0,0,,,,
Folsom,water_heater,installation,hot water heater installation,10,0,,,,
Folsom,water_heater,installation,hot water heater installer,10,0,,,,
Folsom,water_heater,cost,water heater replacement cost,20,2.97,HIGH,86,7.05,31.98
Folsom,water_heater,cost,cost to replace water heater,20,2.97,HIGH,86,7.05,31.98
Folsom,water_heater,cost,how much to replace water heater,10,13.74,HIGH,71,,
Folsom,water_heater,cost,water heater installation cost,10,0,HIGH,79,,
Folsom,water_heater,cost,cost to install water heater,10,0,HIGH,79,,
Folsom,water_heater,cost,water heater replacement estimate,0,0,,,,
Folsom,water_heater,cost,water heater installation estimate,10,0,HIGH,79,,
Folsom,water_heater,cost,water heater replacement quote,0,0,,,,
Folsom,water_heater,cost,water heater installation quote,10,0,,,,
Folsom,water_heater,cost,water heater replacement price,0,0,,,,
Folsom,water_heater,cost,water heater installation price,10,0,HIGH,79,,
Folsom,water_heater,same_day,same day water heater replacement,10,0,,,,
Folsom,water_heater,same_day,same day water heater installation,0,0,,,,
Folsom,water_heater,same_day,same day water heater installer,0,0,,,,
Folsom,water_heater,same_day,emergency water heater replacement,0,0,,,,
Folsom,water_heater,same_day,emergency water heater installation,0,0,,,,
Folsom,water_heater,same_day,urgent water heater replacement,0,0,,,,
Folsom,water_heater,same_day,24 hour water heater replacement,0,0,,,,
Folsom,water_heater,same_day,water heater replacement today,0,0,,,,
Folsom,water_heater,tank,tank water heater replacement,10,0,,,,
Folsom,water_heater,tank,tank water heater installation,10,0,,,,
Folsom,water_heater,tank,tank water heater installer,0,0,,,,
Folsom,water_heater,tank,storage tank water heater replacement,0,0,,,,
Folsom,water_heater,tank,standard water heater replacement,0,0,,,,
Folsom,water_heater,tank,conventional water heater replacement,0,0,,,,
Folsom,water_heater,tankless,tankless water heater replacement,10,0,LOW,29,,
Folsom,water_heater,tankless,tankless water heater replacement near me,0,0,,,,
Folsom,water_heater,tankless,tankless water heater installation,10,0,LOW,14,,
Folsom,water_heater,tankless,tankless water heater installation near me,10,0,LOW,0,,
Folsom,water_heater,tankless,tankless water heater installer,10,0,LOW,14,,
Folsom,water_heater,tankless,tankless water heater installer near me,10,0,LOW,0,,
Folsom,water_heater,tankless,tankless water heater installation cost,10,0,MEDIUM,38,,
Folsom,water_heater,tankless,cost to install tankless water heater,10,0,MEDIUM,38,,
Folsom,water_heater,tankless,cost to replace tankless water heater,10,0,MEDIUM,38,,
Folsom,water_heater,gas,gas water heater replacement,10,0,,,,
Folsom,water_heater,gas,gas water heater replacement near me,10,0,LOW,0,,
Folsom,water_heater,gas,gas water heater installation,10,0,,,,
Folsom,water_heater,gas,gas water heater installer,10,0,,,,
Folsom,water_heater,gas,gas water heater installation cost,10,0,,,,
Folsom,water_heater,gas,cost to replace gas water heater,10,0,,,,
Folsom,water_heater,electric,electric water heater replacement,10,0,HIGH,86,,
Folsom,water_heater,electric,electric water heater replacement near me,0,0,,,,
Folsom,water_heater,electric,electric water heater installation,10,22.07,MEDIUM,38,,
Folsom,water_heater,electric,electric water heater installer,10,22.07,MEDIUM,38,,
Folsom,water_heater,electric,electric water heater installation cost,10,0,,,,
Folsom,water_heater,electric,cost to replace electric water heater,10,0,,,,
Folsom,water_heater,heat_pump,heat pump water heater replacement,0,0,,,,
Folsom,water_heater,heat_pump,heat pump water heater installation,10,0,LOW,0,,
Folsom,water_heater,heat_pump,heat pump water heater installer,10,0,LOW,0,,
Folsom,water_heater,heat_pump,heat pump water heater installation near me,0,0,,,,
Folsom,water_heater,heat_pump,heat pump water heater installation cost,10,0,,,,
Folsom,water_heater,heat_pump,hybrid water heater replacement,0,0,,,,
Folsom,water_heater,heat_pump,hybrid water heater installation,10,0,,,,
Folsom,water_heater,heat_pump,hybrid water heater installer,10,0,,,,
Folsom,water_heater,conversion,tank to tankless water heater conversion,0,0,,,,
Folsom,water_heater,conversion,convert tank water heater to tankless,0,0,,,,
Folsom,water_heater,conversion,gas to electric water heater conversion,10,0,,,,
Folsom,water_heater,conversion,electric to gas water heater conversion,10,0,,,,
Folsom,water_heater,problem,replace leaking water heater,0,0,,,,
Folsom,water_heater,problem,leaking water heater replacement,0,0,,,,
Folsom,water_heater,problem,replace broken water heater,0,0,,,,
Folsom,water_heater,problem,broken water heater replacement,0,0,,,,
Folsom,water_heater,problem,no hot water water heater replacement,0,0,,,,
Folsom,painting_interior,core,interior painters,10,0,MEDIUM,63,,
Folsom,painting_interior,core,interior painter,10,0,MEDIUM,63,,
Folsom,painting_interior,core,interior painters near me,10,9.53,HIGH,100,8.97,29.43
Folsom,painting_interior,core,interior house painters,10,0,MEDIUM,63,,
Folsom,painting_interior,core,interior house painter,10,0,,,,
Folsom,painting_interior,core,interior home painters,0,0,,,,
Folsom,painting_interior,core,interior wall painters,0,0,,,,
Folsom,painting_interior,core,inside house painters,0,0,,,,
Folsom,painting_interior,core,indoor house painters,0,0,,,,
Folsom,painting_interior,service,interior painting,10,0,MEDIUM,63,,
Folsom,painting_interior,service,interior house painting,10,0,,,,
Folsom,painting_interior,service,interior home painting,10,0,,,,
Folsom,painting_interior,service,interior wall painting,10,0,LOW,0,,
Folsom,painting_interior,service,interior painting services,10,0,,,,
Folsom,painting_interior,service,interior house painting services,10,0,LOW,29,,
Folsom,painting_interior,service,interior wall painting services,0,0,,,,
Folsom,painting_interior,service,residential interior painting,0,0,,,,
Folsom,painting_interior,service,residential interior painting services,0,0,,,,
Folsom,painting_interior,provider,interior painting company,10,0,,,,
Folsom,painting_interior,provider,interior painting companies,10,0,,,,
Folsom,painting_interior,provider,interior painting company near me,0,0,,,,
Folsom,painting_interior,provider,interior painting contractor,10,0,,,,
Folsom,painting_interior,provider,interior painting contractors,10,0,,,,
Folsom,painting_interior,provider,interior painting contractors near me,10,0,,,,
Folsom,painting_interior,provider,interior wall painting contractors,10,0,,,,
Folsom,painting_interior,provider,local interior painters,0,0,,,,
Folsom,painting_interior,provider,professional interior painters,10,0,,,,
Folsom,painting_interior,provider,professional interior painting,10,0,,,,
Folsom,painting_interior,cost,interior painting cost,10,0,LOW,0,,
Folsom,painting_interior,cost,interior house painting cost,10,0,LOW,0,,
Folsom,painting_interior,cost,cost to paint house interior,10,0,LOW,0,,
Folsom,painting_interior,cost,cost to paint interior walls,0,0,,,,
Folsom,painting_interior,cost,interior painting estimate,0,0,,,,
Folsom,painting_interior,cost,interior painting quote,10,0,,,,
Folsom,painting_interior,cost,interior house painting estimate,10,0,,,,
Folsom,painting_interior,cost,interior house painting quote,0,0,,,,
Folsom,painting_interior,cost,interior painter cost,10,0,LOW,0,,
Folsom,painting_interior,cost,interior painting prices,10,0,LOW,0,,
Folsom,painting_interior,rooms,whole house interior painting,0,0,,,,
Folsom,painting_interior,rooms,home interior wall painting,0,0,,,,
Folsom,painting_interior,rooms,room painting services,0,0,,,,
Folsom,painting_interior,rooms,living room painters,0,0,,,,
Folsom,painting_interior,rooms,bedroom painters,0,0,,,,
Folsom,painting_interior,rooms,kitchen painters,0,0,,,,
Folsom,painting_interior,rooms,bathroom painters,0,0,,,,
Folsom,painting_interior,rooms,ceiling painters,0,0,,,,
Folsom,painting_interior,rooms,ceiling painting services,0,0,,,,
Folsom,painting_interior,rooms,trim painting services,0,0,,,,
Folsom,painting_interior,rooms,baseboard painting services,0,0,,,,
Folsom,painting_interior,rooms,cabinet painting services,10,0,,,,
Folsom,painting_exterior,core,exterior painters,10,0,LOW,29,,
Folsom,painting_exterior,core,exterior painter,10,0,LOW,29,,
Folsom,painting_exterior,core,exterior painters near me,10,0,HIGH,67,,
Folsom,painting_exterior,core,exterior house painters,10,0,,,,
Folsom,painting_exterior,core,exterior house painter,10,0,,,,
Folsom,painting_exterior,core,exterior home painters,0,0,,,,
Folsom,painting_exterior,core,outside house painters,10,0,,,,
Folsom,painting_exterior,service,exterior painting,10,0,LOW,29,,
Folsom,painting_exterior,service,exterior house painting,10,0,,,,
Folsom,painting_exterior,service,exterior home painting,0,0,,,,
Folsom,painting_exterior,service,exterior wall painting,10,0,,,,
Folsom,painting_exterior,service,exterior painting services,10,0,LOW,0,,
Folsom,painting_exterior,service,exterior house painting services,10,0,MEDIUM,43,,
Folsom,painting_exterior,service,residential exterior painting,10,0,,,,
Folsom,painting_exterior,service,residential exterior painting services,0,0,,,,
Folsom,painting_exterior,provider,exterior painting company,10,0,,,,
Folsom,painting_exterior,provider,exterior painting companies,10,0,,,,
Folsom,painting_exterior,provider,exterior painting company near me,10,0,HIGH,100,,
Folsom,painting_exterior,provider,exterior painting contractor,10,0,LOW,19,,
Folsom,painting_exterior,provider,exterior painting contractors,10,0,LOW,19,,
Folsom,painting_exterior,provider,exterior painting contractors near me,10,0,HIGH,100,,
Folsom,painting_exterior,provider,local exterior painters,0,0,,,,
Folsom,painting_exterior,provider,professional exterior painters,0,0,,,,
Folsom,painting_exterior,provider,professional exterior painting,0,0,,,,
Folsom,painting_exterior,cost,exterior painting cost,10,0,,,,
Folsom,painting_exterior,cost,exterior house painting cost,10,0,LOW,14,,
Folsom,painting_exterior,cost,cost to paint house exterior,10,0,LOW,14,,
Folsom,painting_exterior,cost,cost to paint exterior walls,0,0,,,,
Folsom,painting_exterior,cost,exterior painting estimate,10,0,,,,
Folsom,painting_exterior,cost,exterior painting quote,10,0,,,,
Folsom,painting_exterior,cost,exterior house painting estimate,10,0,,,,
Folsom,painting_exterior,cost,exterior house painting quote,10,0,,,,
Folsom,painting_exterior,cost,exterior painter cost,10,0,,,,
Folsom,painting_exterior,cost,exterior painting prices,10,0,,,,
Folsom,painting_exterior,surface,stucco painting,10,0,,,,
Folsom,painting_exterior,surface,stucco painters,10,0,,,,
Folsom,painting_exterior,surface,stucco painting services,10,0,,,,
Folsom,painting_exterior,surface,brick house painting,10,0,LOW,21,,
Folsom,painting_exterior,surface,siding painting,10,0,,,,
Folsom,painting_exterior,surface,siding painters,0,0,,,,
Folsom,painting_exterior,surface,wood siding painting,10,0,,,,
Folsom,painting_exterior,surface,house trim painting,10,0,,,,
Folsom,painting_exterior,surface,front door painting service,0,0,,,,
Folsom,painting_exterior,surface,garage door painting service,10,0,,,,
Folsom,painting_general,core,house painters,10,0,MEDIUM,43,,
Folsom,painting_general,core,house painter,10,0,MEDIUM,43,,
Folsom,painting_general,core,house painters near me,30,13.18,HIGH,90,9.88,26.72
Folsom,painting_general,core,home painters,0,0,,,,
Folsom,painting_general,core,residential painters,10,0,,,,
Folsom,painting_general,core,residential painters near me,10,0,,,,
Folsom,painting_general,service,house painting,10,20.16,LOW,22,,
Folsom,painting_general,service,house painting services,10,0,,,,
Folsom,painting_general,service,home painting services,10,0,,,,
Folsom,painting_general,service,residential painting,10,0,,,,
Folsom,painting_general,service,residential painting services,10,0,LOW,21,,
Folsom,painting_general,provider,painting company,10,0,HIGH,86,,
Folsom,painting_general,provider,painting companies,10,0,HIGH,86,,
Folsom,painting_general,provider,painting company near me,20,8.36,HIGH,80,,
Folsom,painting_general,provider,painting contractor,10,0,,,,
Folsom,painting_general,provider,painting contractors,10,0,,,,
Folsom,painting_general,provider,painting contractors near me,10,0,HIGH,84,,
Folsom,painting_general,provider,local painting company,10,0,,,,
Folsom,painting_general,provider,local house painters,10,0,,,,
Folsom,painting_general,provider,professional house painters,10,0,LOW,21,,
Folsom,painting_general,cost,house painting cost,10,0,,,,
Folsom,painting_general,cost,cost to paint a house,10,0,,,,
Folsom,painting_general,cost,house painting estimate,10,0,,,,
Folsom,painting_general,cost,house painting quote,10,0,,,,
Folsom,painting_general,cost,painting estimate,10,0.99,HIGH,86,,
Folsom,painting_general,cost,painting quote,10,0,LOW,21,,
Folsom,painting_general,cost,free painting estimate,0,0,,,,
Folsom,wallpaper,core,wallpaper installer,10,0,HIGH,100,,
Folsom,wallpaper,core,wallpaper installers,10,0,HIGH,100,,
Folsom,wallpaper,core,wallpaper installer near me,10,0,MEDIUM,66,,
Folsom,wallpaper,core,wallpaper installation,10,0,HIGH,100,,
Folsom,wallpaper,core,wallpaper installation near me,10,0,MEDIUM,66,,
Folsom,wallpaper,core,wallpaper installation service,10,0,,,,
Folsom,wallpaper,core,wallpaper installation services,10,0,,,,
Folsom,wallpaper,core,wallpaper hanging,10,0,HIGH,71,,
Folsom,wallpaper,core,wallpaper hanging near me,10,0,HIGH,86,,
Folsom,wallpaper,core,wallpaper hanging service,0,0,,,,
Folsom,wallpaper,core,wallpaper hanging services,0,0,,,,
Folsom,wallpaper,core,wallpaper hanger,10,0,HIGH,71,,
Folsom,wallpaper,core,wallpaper hangers,10,0,HIGH,71,,
Folsom,wallpaper,core,wallpaper hanger near me,10,0,HIGH,86,,
Folsom,wallpaper,provider,wallpaper installation company,10,0,,,,
Folsom,wallpaper,provider,wallpaper installation contractor,0,0,,,,
Folsom,wallpaper,provider,wallpaper installation contractors,0,0,,,,
Folsom,wallpaper,provider,professional wallpaper installer,10,0,,,,
Folsom,wallpaper,provider,professional wallpaper installer near me,0,0,,,,
Folsom,wallpaper,provider,professional wallpaper installation,10,0,,,,
Folsom,wallpaper,provider,professional wallpaper hanging,0,0,,,,
Folsom,wallpaper,provider,local wallpaper installer,0,0,,,,
Folsom,wallpaper,provider,hire wallpaper installer,10,0,,,,
Folsom,wallpaper,cost,wallpaper installer cost,10,0,LOW,7,,
Folsom,wallpaper,cost,wallpaper installation cost,10,0,LOW,7,,
Folsom,wallpaper,cost,cost to install wallpaper,10,0,LOW,7,,
Folsom,wallpaper,cost,wallpaper hanging cost,0,0,,,,
Folsom,wallpaper,cost,cost to hang wallpaper,0,0,,,,
Folsom,wallpaper,cost,wallpaper installation estimate,0,0,,,,
Folsom,wallpaper,cost,wallpaper installation quote,0,0,,,,
Folsom,wallpaper,cost,wallpaper installer prices,0,0,,,,
Folsom,wallpaper,cost,professional wallpaper installer cost,0,0,,,,
Folsom,wallpaper,type,peel and stick wallpaper installer,10,0,,,,
Folsom,wallpaper,type,peel and stick wallpaper installation,10,0,,,,
Folsom,wallpaper,type,mural wallpaper installer,0,0,,,,
Folsom,wallpaper,type,wall mural installation,0,0,,,,
Folsom,wallpaper,type,grasscloth wallpaper installer,0,0,,,,
Folsom,wallpaper,type,grasscloth wallpaper installation,0,0,,,,
Folsom,wallpaper,type,textured wallpaper installation,0,0,,,,
Folsom,wallpaper,type,vinyl wallpaper installation,0,0,,,,
Folsom,wallpaper,type,custom wallpaper installation,0,0,,,,
Folsom,wallpaper,type,residential wallpaper installation,0,0,,,,
Folsom,floristry,occasion,birthday flowers,30,0.03,HIGH,100,1.13,3.27
Folsom,floristry,delivery,flower delivery,140,10.02,HIGH,100,4.11,9.8
Folsom,floristry,core,flowers,720,6.33,HIGH,99,3.58,9.44
Folsom,floristry,custom,personalized bouquets from local florists,0,0,,,,
Folsom,floristry,roses,rose bouquets,10,0.02,HIGH,86,,
Folsom,floristry,delivery,same day flower delivery,30,5.18,MEDIUM,51,,
Folsom,floristry,occasion,sympathy flowers,10,10.06,HIGH,100,2.85,10.52
Folsom,floristry,wedding,wedding flowers,10,0,HIGH,100,,
Folsom,floristry,occasion,anniversary flowers,10,0,,,,
Folsom,floristry,occasion,apology flowers,10,0,,,,
Folsom,floristry,wedding,bridal bouquets,10,0.96,HIGH,100,,
Folsom,floristry,occasion,congratulations flowers,10,0,LOW,0,,
Folsom,floristry,corporate,corporate flowers,0,0,,,,
Folsom,floristry,custom,custom bouquets,10,1.94,MEDIUM,57,,
Folsom,floristry,event,event flower arrangements,10,0,,,,
Folsom,floristry,wedding,flowers for newlyweds,0,0,,,,
Folsom,floristry,occasion,get well flowers,10,0,,,,
Folsom,floristry,occasion,housewarming flowers,10,0,,,,
Folsom,floristry,occasion,just because flowers,10,0,,,,
Folsom,floristry,luxury,luxury bouquets,10,4.32,HIGH,100,,
Folsom,floristry,occasion,new baby flowers,10,0,,,,
Folsom,floristry,occasion,romantic flowers,10,0,,,,
Folsom,floristry,occasion,thank you flowers,10,0,HIGH,93,,
Folsom,floristry,wedding,bridal bouquet,10,0.96,HIGH,100,,
Folsom,floristry,event,event flowers,0,0,,,,
Folsom,floristry,event,floral centerpieces,10,0,,,,
Folsom,floristry,core,florist,110,4.39,MEDIUM,41,1.3,6.42
Folsom,floristry,event,flower centerpieces,10,0,,,,
Folsom,floristry,core,flower shop,70,1.91,LOW,25,,
Folsom,floristry,core,local florist,10,0,,,,
Folsom,floristry,custom,personalized bouquets,10,1.94,MEDIUM,57,,
Folsom,floristry,roses,rose bouquet,10,0.02,HIGH,86,,
Folsom,floristry,roses,roses,260,0.2,HIGH,69,0.44,1.41
Folsom,floristry,delivery,send flowers,20,8.14,HIGH,100,3.53,6.6
Folsom,floristry,event,table flower arrangements,10,0,,,,
Folsom,floristry,wedding,wedding gift flowers,10,0,,,,
Folsom,water_heater,tankless,tankless water heater cost,20,21.37,HIGH,68,5.67,13.86
Folsom,water_heater,cost,water heater cost,10,9.46,MEDIUM,50,,
Folsom,water_heater,cost,hot water heater replacement cost,10,0,HIGH,86,,
Folsom,water_heater,cost,hot water heater cost,10,0,HIGH,100,,
Folsom,water_heater,tankless,tankless water heater installation gas,10,0,LOW,0,,
Folsom,water_heater,installation,tank water heater install,10,0,,,,
Folsom,water_heater,replacement,water heater service,10,0,HIGH,100,,
Folsom,water_heater,tankless,tankless electric water heater installation,10,0,LOW,0,,
Folsom,water_heater,tankless,tankless water heater replacement cost,10,0,MEDIUM,38,,
Folsom,water_heater,tankless,tankless water heater price,10,0,MEDIUM,57,,
Folsom,water_heater,tankless,electric tankless water heater cost,10,15.57,HIGH,71,,
Folsom,water_heater,tankless,tankless water heater service,10,0,,,,
Folsom,water_heater,tankless,replace tankless water heater,10,0,LOW,29,,
Folsom,water_heater,cost,hot water heater installation cost,10,0,LOW,0,,
Folsom,water_heater,electric,electric water heater cost,10,0,,,,
Folsom,water_heater,electric,electric water heater replacement cost,10,0,,,,
Folsom,water_heater,gas,gas water heater cost,10,0,,,,
Folsom,water_heater,heat_pump,heat pump water heater cost,10,0,HIGH,79,,
Folsom,water_heater,tankless,propane tankless water heater installation,10,0,,,,
Folsom,water_heater,tankless,tankless water heater installation services,10,0,,,,
Folsom,water_heater,tankless,tankless gas water heater cost,10,0,,,,
Folsom,water_heater,tankless,gas tankless water heater cost,10,0,,,,
Folsom,water_heater,gas,gas hot water heater cost,0,0,,,,
Folsom,water_heater,electric,electric hot water heater installation cost,10,0,,,,
Folsom,water_heater,gas,gas hot water heater installation,10,0,,,,
Folsom,water_heater,electric,electric hot water heater installation,10,0,,,,
Folsom,water_heater,tankless,natural gas tankless water heater installation,0,0,,,,
Folsom,water_heater,tankless,gas tankless hot water heater installation,0,0,,,,
Folsom,water_heater,electric,hot water heater installation electric,10,0,,,,
Folsom,water_heater,tankless,tankless water heater company,0,0,,,,
Folsom,water_heater,tankless,cost to install electric tankless hot water heater,0,0,,,,
Folsom,painting_interior,service,interior door painting services,0,0,,,,
Folsom,painting_interior,provider,house interior painting contractors,0,0,,,,
Folsom,painting_interior,provider,interior home painting company,0,0,,,,
Folsom,painting_interior,provider,interior house painting companies,0,0,,,,
Folsom,painting_interior,cost,interior house painting estimates,10,0,,,,
Folsom,painting_interior,service,cheap interior painters,0,0,,,,
Folsom,painting_interior,provider,interior home painting contractors,0,0,,,,
Folsom,painting_interior,cost,interior home painting estimate,0,0,,,,
Folsom,painting_interior,service,home interior painting services,0,0,,,,
Folsom,painting_interior,cost,interior painters quotes,10,0,,,,
Folsom,painting_interior,service,residential house interior painting,0,0,,,,
Folsom,painting_exterior,service,painting services,10,0,HIGH,68,,
Folsom,painting_exterior,service,local painting services,0,0,,,,
Folsom,painting_exterior,residential,professional house painter,10,0,LOW,21,,
Folsom,painting_exterior,provider,house painting contractors,10,0,,,,
Folsom,painting_exterior,provider,professional painting contractors,10,0,,,,
Folsom,painting_exterior,provider,local painting contractors,0,0,,,,
Folsom,painting_exterior,provider,house exterior painting contractor,10,0,,,,
Folsom,painting_exterior,service,exterior painting professional,10,0,LOW,0,,
Folsom,painting_exterior,provider,professional house painting contractor,10,0,,,,
Folsom,painting_exterior,provider,professional house painting contractors,10,0,,,,
Folsom,painting_exterior,residential,professional exterior house painters,0,0,,,,
Folsom,painting_exterior,residential,professional home painters,0,0,,,,
Folsom,painting_exterior,residential,professional residential painters,0,0,,,,
Folsom,floristry,occasion,valentines flowers,70,0,LOW,0,,
Folsom,floristry,arrangements,flower bouquet,40,0.24,HIGH,91,,
Folsom,floristry,sympathy,funeral flowers,20,2.85,HIGH,100,1.2,3.11
Folsom,floristry,sympathy,funeral flower arrangements,10,4.61,HIGH,100,0.45,3.42
Folsom,floristry,arrangements,flower bouquet near me,10,1.39,HIGH,80,0.88,2.5
Folsom,floristry,delivery,flower delivery service,10,7.73,HIGH,100,1.92,13.47
Folsom,floristry,wedding_event,boutonniere wedding,10,0,LOW,0,,
Folsom,floristry,delivery,flower delivery services online,10,0,LOW,0,,
Folsom,floristry,delivery,online flower delivery,10,0,,,,
Folsom,floristry,delivery,cheap flower delivery,10,2.63,HIGH,100,,
Folsom,floristry,core,same day flowers,10,0,MEDIUM,50,,
Folsom,floristry,delivery,deliver flowers,140,10.02,HIGH,100,4.11,9.8
Folsom,floristry,delivery,send flowers online,10,4.71,HIGH,93,4.97,6.54
Folsom,floristry,sympathy,funeral flowers delivery,10,3.61,HIGH,100,,
Folsom,floristry,wedding_event,corsage flower,10,0,,,,
Folsom,floristry,occasion,mother's day flower delivery,10,0,,,,
Folsom,floristry,delivery,best flower delivery,10,0,,,,
Folsom,floristry,delivery,flower bouquet delivery,10,0,LOW,0,,
Folsom,floristry,wedding_event,wedding flower bouquets,10,0,,,,
Folsom,floristry,delivery,flower delivery today,10,20.59,HIGH,100,,
Folsom,floristry,delivery,local flower delivery,10,8.17,,,,
Folsom,floristry,delivery,fresh flower delivery,10,0,,,,
Folsom,floristry,sympathy,sympathy flowers delivery,10,0,MEDIUM,50,,
Folsom,floristry,delivery,best online flower delivery,10,14.82,MEDIUM,43,,
Folsom,floristry,occasion,valentines flower bouquet,10,0,,,,
Folsom,floristry,occasion,mother's day flowers delivery,10,0,,,,
Folsom,floristry,arrangements,fresh flower bouquet,10,0.82,HIGH,100,,
Folsom,floristry,wedding_event,rose bridal bouquet,10,0,,,,
Folsom,floristry,delivery,flower delivery same day,30,5.18,MEDIUM,51,,
Folsom,floristry,delivery,best flower delivery services,10,2.72,HIGH,100,,
Folsom,floristry,arrangements,custom flower bouquet,10,1.94,MEDIUM,57,,
Folsom,floristry,sympathy,sympathy flower arrangements,10,0,,,,
Folsom,floristry,core,florist flowers,10,0,HIGH,100,,
Folsom,floristry,wedding_event,bridal bouquet fresh flowers,10,0,,,,
Folsom,floristry,wedding_event,wedding flowers delivery,10,0,,,,
Folsom,floristry,delivery,same day flower delivery service,10,0,,,,
Folsom,floristry,delivery,same day flower delivery services,10,0,,,,
Folsom,floristry,delivery,cheap same day flower delivery,0,0,,,,
Folsom,floristry,wedding_event,bridal bouquet flowers,10,0,,,,
Folsom,floristry,wedding_event,wedding bridal bouquet,0,0,,,,
Folsom,floristry,delivery,best same day flower delivery,10,0,,,,
Folsom,floristry,sympathy,sympathy flowers same day delivery,10,0,,,,
Folsom,floristry,sympathy,funeral flowers same day delivery,0,0,,,,
Folsom,floristry,delivery,flower bouquet delivery same day,0,0,,,,
Folsom,floristry,delivery,same day delivery flower bouquet,0,0,,,,
Folsom,floristry,delivery,local flower delivery same day,10,0,,,,
Folsom,floristry,delivery,florist flower delivery,0,0,,,,
Folsom,floristry,delivery,online flower bouquet delivery,10,0,,,,
Folsom,floristry,delivery,send flowers online same day,10,0,,,,
Folsom,floristry,delivery,flower bouquet same day delivery,10,5.82,HIGH,100,,
Roseville,water_heater,replacement,water heater replacement,70,19.36,MEDIUM,66,33,43.98
Roseville,water_heater,replacement,water heater replacement near me,20,25.15,HIGH,84,,
Roseville,water_heater,replacement,replace water heater,70,19.36,MEDIUM,66,33,43.98
Roseville,water_heater,replacement,replace water heater near me,20,25.15,HIGH,84,,
Roseville,water_heater,replacement,water heater replacement service,0,0,,,,
Roseville,water_heater,replacement,water heater replacement services,0,0,,,,
Roseville,water_heater,replacement,water heater replacement company,10,0,,,,
Roseville,water_heater,replacement,water heater replacement contractor,10,0,,,,
Roseville,water_heater,replacement,water heater replacement contractors,10,0,,,,
Roseville,water_heater,replacement,water heater replacement installer,0,0,,,,
Roseville,water_heater,replacement,water heater replacement installers,0,0,,,,
Roseville,water_heater,replacement,local water heater replacement,0,0,,,,
Roseville,water_heater,replacement,professional water heater replacement,0,0,,,,
Roseville,water_heater,replacement,residential water heater replacement,0,0,,,,
Roseville,water_heater,replacement,home water heater replacement,10,0,,,,
Roseville,water_heater,replacement,hot water heater replacement,10,66.51,HIGH,100,,
Roseville,water_heater,replacement,hot water heater replacement near me,10,0,,,,
Roseville,water_heater,replacement,water heater change out,0,0,,,,
Roseville,water_heater,replacement,water heater changeout,0,0,,,,
Roseville,water_heater,replacement,water heater swap,0,0,,,,
Roseville,water_heater,installation,water heater installation,70,0,LOW,26,16.75,43.98
Roseville,water_heater,installation,water heater installation near me,20,0,LOW,14,,
Roseville,water_heater,installation,water heater installation service,10,0,LOW,21,,
Roseville,water_heater,installation,water heater installation services,10,0,LOW,21,,
Roseville,water_heater,installation,water heater installation company,0,0,,,,
Roseville,water_heater,installation,water heater installation contractor,10,0,,,,
Roseville,water_heater,installation,water heater installation contractors,10,0,,,,
Roseville,water_heater,installation,water heater installer,70,0,LOW,26,16.75,43.98
Roseville,water_heater,installation,water heater installers,70,0,LOW,26,16.75,43.98
Roseville,water_heater,installation,water heater installer near me,20,0,LOW,14,,
Roseville,water_heater,installation,local water heater installer,0,0,,,,
Roseville,water_heater,installation,professional water heater installation,10,0,LOW,0,,
Roseville,water_heater,installation,residential water heater installation,0,0,,,,
Roseville,water_heater,installation,home water heater installation,0,0,,,,
Roseville,water_heater,installation,hot water heater installation,10,0,LOW,0,,
Roseville,water_heater,installation,hot water heater installer,10,0,LOW,0,,
Roseville,water_heater,cost,water heater replacement cost,40,10.52,HIGH,78,5.92,35.77
Roseville,water_heater,cost,cost to replace water heater,40,10.52,HIGH,78,5.92,35.77
Roseville,water_heater,cost,how much to replace water heater,10,0,HIGH,86,,
Roseville,water_heater,cost,water heater installation cost,10,10.53,LOW,25,7.18,20.8
Roseville,water_heater,cost,cost to install water heater,10,10.53,LOW,25,7.18,20.8
Roseville,water_heater,cost,water heater replacement estimate,0,0,,,,
Roseville,water_heater,cost,water heater installation estimate,0,0,,,,
Roseville,water_heater,cost,water heater replacement quote,10,0,,,,
Roseville,water_heater,cost,water heater installation quote,10,0,,,,
Roseville,water_heater,cost,water heater replacement price,10,0,,,,
Roseville,water_heater,cost,water heater installation price,0,0,,,,
Roseville,water_heater,same_day,same day water heater replacement,10,0,,,,
Roseville,water_heater,same_day,same day water heater installation,10,0,,,,
Roseville,water_heater,same_day,same day water heater installer,0,0,,,,
Roseville,water_heater,same_day,emergency water heater replacement,10,0,,,,
Roseville,water_heater,same_day,emergency water heater installation,0,0,,,,
Roseville,water_heater,same_day,urgent water heater replacement,0,0,,,,
Roseville,water_heater,same_day,24 hour water heater replacement,10,0,,,,
Roseville,water_heater,same_day,water heater replacement today,0,0,,,,
Roseville,water_heater,tank,tank water heater replacement,10,0,,,,
Roseville,water_heater,tank,tank water heater installation,10,0,LOW,0,,
Roseville,water_heater,tank,tank water heater installer,0,0,,,,
Roseville,water_heater,tank,storage tank water heater replacement,0,0,,,,
Roseville,water_heater,tank,standard water heater replacement,0,0,,,,
Roseville,water_heater,tank,conventional water heater replacement,0,0,,,,
Roseville,water_heater,tankless,tankless water heater replacement,10,0,LOW,0,,
Roseville,water_heater,tankless,tankless water heater replacement near me,0,0,,,,
Roseville,water_heater,tankless,tankless water heater installation,40,0,LOW,20,,
Roseville,water_heater,tankless,tankless water heater installation near me,10,0,,,,
Roseville,water_heater,tankless,tankless water heater installer,40,0,LOW,20,,
Roseville,water_heater,tankless,tankless water heater installer near me,10,0,,,,
Roseville,water_heater,tankless,tankless water heater installation cost,20,52.21,MEDIUM,55,9.02,19.46
Roseville,water_heater,tankless,cost to install tankless water heater,20,52.21,MEDIUM,55,9.02,19.46
Roseville,water_heater,tankless,cost to replace tankless water heater,20,52.21,MEDIUM,55,9.02,19.46
Roseville,water_heater,gas,gas water heater replacement,10,0,HIGH,76,,
Roseville,water_heater,gas,gas water heater replacement near me,10,0,HIGH,100,,
Roseville,water_heater,gas,gas water heater installation,10,0,HIGH,93,,
Roseville,water_heater,gas,gas water heater installer,10,0,HIGH,93,,
Roseville,water_heater,gas,gas water heater installation cost,10,0,LOW,14,,
Roseville,water_heater,gas,cost to replace gas water heater,10,0,,,,
Roseville,water_heater,electric,electric water heater replacement,10,0,LOW,0,,
Roseville,water_heater,electric,electric water heater replacement near me,0,0,,,,
Roseville,water_heater,electric,electric water heater installation,10,0,LOW,0,,
Roseville,water_heater,electric,electric water heater installer,10,0,LOW,0,,
Roseville,water_heater,electric,electric water heater installation cost,10,0,HIGH,71,,
Roseville,water_heater,electric,cost to replace electric water heater,10,0,,,,
Roseville,water_heater,heat_pump,heat pump water heater replacement,0,0,,,,
Roseville,water_heater,heat_pump,heat pump water heater installation,10,0,LOW,32,,
Roseville,water_heater,heat_pump,heat pump water heater installer,10,0,LOW,32,,
Roseville,water_heater,heat_pump,heat pump water heater installation near me,10,0,,,,
Roseville,water_heater,heat_pump,heat pump water heater installation cost,10,0,,,,
Roseville,water_heater,heat_pump,hybrid water heater replacement,0,0,,,,
Roseville,water_heater,heat_pump,hybrid water heater installation,0,0,,,,
Roseville,water_heater,heat_pump,hybrid water heater installer,0,0,,,,
Roseville,water_heater,conversion,tank to tankless water heater conversion,0,0,,,,
Roseville,water_heater,conversion,convert tank water heater to tankless,0,0,,,,
Roseville,water_heater,conversion,gas to electric water heater conversion,10,0,,,,
Roseville,water_heater,conversion,electric to gas water heater conversion,10,0,,,,
Roseville,water_heater,problem,replace leaking water heater,0,0,,,,
Roseville,water_heater,problem,leaking water heater replacement,0,0,,,,
Roseville,water_heater,problem,replace broken water heater,0,0,,,,
Roseville,water_heater,problem,broken water heater replacement,0,0,,,,
Roseville,water_heater,problem,no hot water water heater replacement,0,0,,,,
Roseville,painting_interior,core,interior painters,10,0,LOW,0,,
Roseville,painting_interior,core,interior painter,10,0,LOW,0,,
Roseville,painting_interior,core,interior painters near me,10,0,HIGH,100,,
Roseville,painting_interior,core,interior house painters,10,0,LOW,0,,
Roseville,painting_interior,core,interior house painter,10,0,HIGH,71,,
Roseville,painting_interior,core,interior home painters,10,0,LOW,0,,
Roseville,painting_interior,core,interior wall painters,0,0,,,,
Roseville,painting_interior,core,inside house painters,10,18.04,HIGH,100,,
Roseville,painting_interior,core,indoor house painters,0,0,,,,
Roseville,painting_interior,service,interior painting,10,0,LOW,0,,
Roseville,painting_interior,service,interior house painting,10,0,HIGH,71,,
Roseville,painting_interior,service,interior home painting,10,0,,,,
Roseville,painting_interior,service,interior wall painting,10,32.97,HIGH,75,,
Roseville,painting_interior,service,interior painting services,10,0,LOW,0,,
Roseville,painting_interior,service,interior house painting services,10,0,LOW,0,,
Roseville,painting_interior,service,interior wall painting services,0,0,,,,
Roseville,painting_interior,service,residential interior painting,0,0,,,,
Roseville,painting_interior,service,residential interior painting services,0,0,,,,
Roseville,painting_interior,provider,interior painting company,10,0,LOW,0,,
Roseville,painting_interior,provider,interior painting companies,10,0,LOW,0,,
Roseville,painting_interior,provider,interior painting company near me,10,0,,,,
Roseville,painting_interior,provider,interior painting contractor,10,0,LOW,11,,
Roseville,painting_interior,provider,interior painting contractors,10,0,LOW,11,,
Roseville,painting_interior,provider,interior painting contractors near me,10,0,,,,
Roseville,painting_interior,provider,interior wall painting contractors,10,0,,,,
Roseville,painting_interior,provider,local interior painters,10,0,,,,
Roseville,painting_interior,provider,professional interior painters,10,0,,,,
Roseville,painting_interior,provider,professional interior painting,10,0,,,,
Roseville,painting_interior,cost,interior painting cost,10,0,MEDIUM,33,,
Roseville,painting_interior,cost,interior house painting cost,10,0,LOW,7,,
Roseville,painting_interior,cost,cost to paint house interior,10,0,LOW,7,,
Roseville,painting_interior,cost,cost to paint interior walls,10,0,,,,
Roseville,painting_interior,cost,interior painting estimate,10,0,,,,
Roseville,painting_interior,cost,interior painting quote,10,0,,,,
Roseville,painting_interior,cost,interior house painting estimate,0,0,,,,
Roseville,painting_interior,cost,interior house painting quote,0,0,,,,
Roseville,painting_interior,cost,interior painter cost,10,0,MEDIUM,33,,
Roseville,painting_interior,cost,interior painting prices,10,0,MEDIUM,33,,
Roseville,painting_interior,rooms,whole house interior painting,0,0,,,,
Roseville,painting_interior,rooms,home interior wall painting,0,0,,,,
Roseville,painting_interior,rooms,room painting services,0,0,,,,
Roseville,painting_interior,rooms,living room painters,0,0,,,,
Roseville,painting_interior,rooms,bedroom painters,0,0,,,,
Roseville,painting_interior,rooms,kitchen painters,0,0,,,,
Roseville,painting_interior,rooms,bathroom painters,0,0,,,,
Roseville,painting_interior,rooms,ceiling painters,0,0,,,,
Roseville,painting_interior,rooms,ceiling painting services,0,0,,,,
Roseville,painting_interior,rooms,trim painting services,0,0,,,,
Roseville,painting_interior,rooms,baseboard painting services,0,0,,,,
Roseville,painting_interior,rooms,cabinet painting services,10,0,,,,
Roseville,painting_exterior,core,exterior painters,10,0,MEDIUM,57,,
Roseville,painting_exterior,core,exterior painter,10,0,MEDIUM,57,,
Roseville,painting_exterior,core,exterior painters near me,10,0,HIGH,93,,
Roseville,painting_exterior,core,exterior house painters,10,0,LOW,25,,
Roseville,painting_exterior,core,exterior house painter,10,0,LOW,25,,
Roseville,painting_exterior,core,exterior home painters,0,0,,,,
Roseville,painting_exterior,core,outside house painters,10,0,LOW,25,,
Roseville,painting_exterior,service,exterior painting,10,0,MEDIUM,57,,
Roseville,painting_exterior,service,exterior house painting,10,0,LOW,25,,
Roseville,painting_exterior,service,exterior home painting,0,0,,,,
Roseville,painting_exterior,service,exterior wall painting,10,0,,,,
Roseville,painting_exterior,service,exterior painting services,10,0,MEDIUM,57,,
Roseville,painting_exterior,service,exterior house painting services,10,0,LOW,11,,
Roseville,painting_exterior,service,residential exterior painting,0,0,,,,
Roseville,painting_exterior,service,residential exterior painting services,0,0,,,,
Roseville,painting_exterior,provider,exterior painting company,10,0,,,,
Roseville,painting_exterior,provider,exterior painting companies,10,0,,,,
Roseville,painting_exterior,provider,exterior painting company near me,10,0,LOW,20,,
Roseville,painting_exterior,provider,exterior painting contractor,20,0,LOW,7,,
Roseville,painting_exterior,provider,exterior painting contractors,20,0,LOW,7,,
Roseville,painting_exterior,provider,exterior painting contractors near me,10,0,LOW,20,,
Roseville,painting_exterior,provider,local exterior painters,0,0,,,,
Roseville,painting_exterior,provider,professional exterior painters,10,0,,,,
Roseville,painting_exterior,provider,professional exterior painting,10,0,,,,
Roseville,painting_exterior,cost,exterior painting cost,10,0,HIGH,86,,
Roseville,painting_exterior,cost,exterior house painting cost,10,0,LOW,2,,
Roseville,painting_exterior,cost,cost to paint house exterior,10,0,LOW,2,,
Roseville,painting_exterior,cost,cost to paint exterior walls,0,0,,,,
Roseville,painting_exterior,cost,exterior painting estimate,0,0,,,,
Roseville,painting_exterior,cost,exterior painting quote,10,0,,,,
Roseville,painting_exterior,cost,exterior house painting estimate,10,0,,,,
Roseville,painting_exterior,cost,exterior house painting quote,10,0,,,,
Roseville,painting_exterior,cost,exterior painter cost,10,0,HIGH,86,,
Roseville,painting_exterior,cost,exterior painting prices,10,0,HIGH,86,,
Roseville,painting_exterior,surface,stucco painting,10,0,LOW,29,,
Roseville,painting_exterior,surface,stucco painters,10,0,LOW,29,,
Roseville,painting_exterior,surface,stucco painting services,0,0,,,,
Roseville,painting_exterior,surface,brick house painting,10,0,LOW,4,,
Roseville,painting_exterior,surface,siding painting,10,0,HIGH,100,,
Roseville,painting_exterior,surface,siding painters,0,0,,,,
Roseville,painting_exterior,surface,wood siding painting,10,0,,,,
Roseville,painting_exterior,surface,house trim painting,10,0,,,,
Roseville,painting_exterior,surface,front door painting service,0,0,,,,
Roseville,painting_exterior,surface,garage door painting service,10,0,LOW,0,,
Roseville,painting_general,core,house painters,10,0,MEDIUM,57,,
Roseville,painting_general,core,house painter,10,0,MEDIUM,57,,
Roseville,painting_general,core,house painters near me,90,2.31,HIGH,86,11.79,23.78
Roseville,painting_general,core,home painters,10,0,,,,
Roseville,painting_general,core,residential painters,10,0,,,,
Roseville,painting_general,core,residential painters near me,10,45.08,HIGH,100,,
Roseville,painting_general,service,house painting,10,0,HIGH,100,,
Roseville,painting_general,service,house painting services,10,0,LOW,0,,
Roseville,painting_general,service,home painting services,10,0,LOW,0,,
Roseville,painting_general,service,residential painting,10,0,,,,
Roseville,painting_general,service,residential painting services,10,0,,,,
Roseville,painting_general,provider,painting company,10,0.03,HIGH,75,0.63,46.66
Roseville,painting_general,provider,painting companies,10,0.03,HIGH,75,0.63,46.66
Roseville,painting_general,provider,painting company near me,390,0.13,HIGH,100,16.58,31
Roseville,painting_general,provider,painting contractor,10,10.41,MEDIUM,34,,
Roseville,painting_general,provider,painting contractors,10,10.41,MEDIUM,34,,
Roseville,painting_general,provider,painting contractors near me,10,0,MEDIUM,45,,
Roseville,painting_general,provider,local painting company,10,0,HIGH,100,,
Roseville,painting_general,provider,local house painters,10,0,HIGH,100,,
Roseville,painting_general,provider,professional house painters,10,0,LOW,21,,
Roseville,painting_general,cost,house painting cost,10,0,HIGH,79,,
Roseville,painting_general,cost,cost to paint a house,10,0,HIGH,79,,
Roseville,painting_general,cost,house painting estimate,10,38.23,HIGH,100,,
Roseville,painting_general,cost,house painting quote,10,0,,,,
Roseville,painting_general,cost,painting estimate,10,0,,,,
Roseville,painting_general,cost,painting quote,10,0,LOW,0,,
Roseville,painting_general,cost,free painting estimate,10,0,,,,
Roseville,wallpaper,core,wallpaper installer,10,0,HIGH,100,,
Roseville,wallpaper,core,wallpaper installers,10,0,HIGH,100,,
Roseville,wallpaper,core,wallpaper installer near me,10,5.62,HIGH,100,,
Roseville,wallpaper,core,wallpaper installation,10,0,HIGH,100,,
Roseville,wallpaper,core,wallpaper installation near me,10,5.62,HIGH,100,,
Roseville,wallpaper,core,wallpaper installation service,10,0,,,,
Roseville,wallpaper,core,wallpaper installation services,10,0,,,,
Roseville,wallpaper,core,wallpaper hanging,10,0,,,,
Roseville,wallpaper,core,wallpaper hanging near me,10,8.73,HIGH,95,,
Roseville,wallpaper,core,wallpaper hanging service,0,0,,,,
Roseville,wallpaper,core,wallpaper hanging services,0,0,,,,
Roseville,wallpaper,core,wallpaper hanger,10,0,,,,
Roseville,wallpaper,core,wallpaper hangers,10,0,,,,
Roseville,wallpaper,core,wallpaper hanger near me,10,8.73,HIGH,95,,
Roseville,wallpaper,provider,wallpaper installation company,10,0,,,,
Roseville,wallpaper,provider,wallpaper installation contractor,0,0,,,,
Roseville,wallpaper,provider,wallpaper installation contractors,0,0,,,,
Roseville,wallpaper,provider,professional wallpaper installer,10,0,,,,
Roseville,wallpaper,provider,professional wallpaper installer near me,10,0,,,,
Roseville,wallpaper,provider,professional wallpaper installation,10,0,,,,
Roseville,wallpaper,provider,professional wallpaper hanging,0,0,,,,
Roseville,wallpaper,provider,local wallpaper installer,0,0,,,,
Roseville,wallpaper,provider,hire wallpaper installer,0,0,,,,
Roseville,wallpaper,cost,wallpaper installer cost,10,0,,,,
Roseville,wallpaper,cost,wallpaper installation cost,10,0,,,,
Roseville,wallpaper,cost,cost to install wallpaper,10,0,,,,
Roseville,wallpaper,cost,wallpaper hanging cost,0,0,,,,
Roseville,wallpaper,cost,cost to hang wallpaper,0,0,,,,
Roseville,wallpaper,cost,wallpaper installation estimate,0,0,,,,
Roseville,wallpaper,cost,wallpaper installation quote,0,0,,,,
Roseville,wallpaper,cost,wallpaper installer prices,0,0,,,,
Roseville,wallpaper,cost,professional wallpaper installer cost,0,0,,,,
Roseville,wallpaper,type,peel and stick wallpaper installer,10,0,,,,
Roseville,wallpaper,type,peel and stick wallpaper installation,10,0,,,,
Roseville,wallpaper,type,mural wallpaper installer,0,0,,,,
Roseville,wallpaper,type,wall mural installation,10,0,,,,
Roseville,wallpaper,type,grasscloth wallpaper installer,0,0,,,,
Roseville,wallpaper,type,grasscloth wallpaper installation,0,0,,,,
Roseville,wallpaper,type,textured wallpaper installation,0,0,,,,
Roseville,wallpaper,type,vinyl wallpaper installation,10,0,,,,
Roseville,wallpaper,type,custom wallpaper installation,0,0,,,,
Roseville,wallpaper,type,residential wallpaper installation,0,0,,,,
Roseville,floristry,occasion,birthday flowers,70,2.94,HIGH,100,0.1,5.93
Roseville,floristry,delivery,flower delivery,210,9.33,HIGH,100,3.51,9.33
Roseville,floristry,core,flowers,1000,4.6,HIGH,99,2.55,7.69
Roseville,floristry,custom,personalized bouquets from local florists,0,0,,,,
Roseville,floristry,roses,rose bouquets,20,2.89,HIGH,100,,
Roseville,floristry,delivery,same day flower delivery,50,14.48,HIGH,96,5.63,12.02
Roseville,floristry,occasion,sympathy flowers,10,7.28,HIGH,100,2.72,7.16
Roseville,floristry,wedding,wedding flowers,20,1.16,HIGH,97,,
Roseville,floristry,occasion,anniversary flowers,10,0.95,MEDIUM,50,,
Roseville,floristry,occasion,apology flowers,10,0,,,,
Roseville,floristry,wedding,bridal bouquets,10,2.4,HIGH,86,,
Roseville,floristry,occasion,congratulations flowers,10,0,HIGH,100,,
Roseville,floristry,corporate,corporate flowers,10,0,,,,
Roseville,floristry,custom,custom bouquets,10,0,,,,
Roseville,floristry,event,event flower arrangements,10,0,,,,
Roseville,floristry,wedding,flowers for newlyweds,10,0,,,,
Roseville,floristry,occasion,get well flowers,10,0,MEDIUM,43,,
Roseville,floristry,occasion,housewarming flowers,10,0,,,,
Roseville,floristry,occasion,just because flowers,10,0,,,,
Roseville,floristry,luxury,luxury bouquets,10,0,,,,
Roseville,floristry,occasion,new baby flowers,10,0,,,,
Roseville,floristry,occasion,romantic flowers,10,0,,,,
Roseville,floristry,occasion,thank you flowers,10,0,HIGH,100,,
Roseville,floristry,wedding,bridal bouquet,10,2.4,HIGH,86,,
Roseville,floristry,event,event flowers,10,0,,,,
Roseville,floristry,event,floral centerpieces,10,0,HIGH,100,,
Roseville,floristry,core,florist,170,5.43,MEDIUM,47,1.54,4.98
Roseville,floristry,event,flower centerpieces,10,0,HIGH,100,,
Roseville,floristry,core,flower shop,110,2.54,MEDIUM,57,1.08,6.01
Roseville,floristry,core,local florist,10,0,,,,
Roseville,floristry,custom,personalized bouquets,10,0,,,,
Roseville,floristry,roses,rose bouquet,20,2.89,HIGH,100,,
Roseville,floristry,roses,roses,480,0.51,MEDIUM,55,0.38,2.28
Roseville,floristry,delivery,send flowers,30,7.84,HIGH,100,3.13,7.88
Roseville,floristry,event,table flower arrangements,10,0,,,,
Roseville,floristry,wedding,wedding gift flowers,0,0,,,,
Roseville,water_heater,tankless,tankless water heater cost,20,12.32,HIGH,92,3.72,10.74
Roseville,water_heater,cost,water heater cost,10,0,LOW,29,,
Roseville,water_heater,cost,hot water heater replacement cost,10,50.45,HIGH,71,,
Roseville,water_heater,cost,hot water heater cost,10,9.05,HIGH,86,,
Roseville,water_heater,tankless,tankless water heater installation gas,10,0,HIGH,67,,
Roseville,water_heater,installation,tank water heater install,10,0,LOW,0,,
Roseville,water_heater,replacement,water heater service,10,54.83,HIGH,100,,
Roseville,water_heater,tankless,tankless electric water heater installation,10,0,,,,
Roseville,water_heater,tankless,tankless water heater replacement cost,20,52.21,MEDIUM,55,9.02,19.46
Roseville,water_heater,tankless,tankless water heater price,10,7.26,MEDIUM,50,,
Roseville,water_heater,tankless,electric tankless water heater cost,10,0,,,,
Roseville,water_heater,tankless,tankless water heater service,10,0,LOW,0,,
Roseville,water_heater,tankless,replace tankless water heater,10,0,LOW,0,,
Roseville,water_heater,cost,hot water heater installation cost,10,0,LOW,0,,
Roseville,water_heater,electric,electric water heater cost,10,0,HIGH,71,,
Roseville,water_heater,electric,electric water heater replacement cost,10,0,,,,
Roseville,water_heater,gas,gas water heater cost,10,0,,,,
Roseville,water_heater,heat_pump,heat pump water heater cost,10,0,,,,
Roseville,water_heater,tankless,propane tankless water heater installation,10,0,,,,
Roseville,water_heater,tankless,tankless water heater installation services,10,0,,,,
Roseville,water_heater,tankless,tankless gas water heater cost,10,0,,,,
Roseville,water_heater,tankless,gas tankless water heater cost,10,0,,,,
Roseville,water_heater,gas,gas hot water heater cost,0,0,,,,
Roseville,water_heater,electric,electric hot water heater installation cost,10,0,,,,
Roseville,water_heater,gas,gas hot water heater installation,0,0,,,,
Roseville,water_heater,electric,electric hot water heater installation,0,0,,,,
Roseville,water_heater,tankless,natural gas tankless water heater installation,10,0,,,,
Roseville,water_heater,tankless,gas tankless hot water heater installation,0,0,,,,
Roseville,water_heater,electric,hot water heater installation electric,0,0,,,,
Roseville,water_heater,tankless,tankless water heater company,10,0,,,,
Roseville,water_heater,tankless,cost to install electric tankless hot water heater,0,0,,,,
Roseville,painting_interior,service,interior door painting services,0,0,,,,
Roseville,painting_interior,provider,house interior painting contractors,0,0,,,,
Roseville,painting_interior,provider,interior home painting company,0,0,,,,
Roseville,painting_interior,provider,interior house painting companies,0,0,,,,
Roseville,painting_interior,cost,interior house painting estimates,0,0,,,,
Roseville,painting_interior,service,cheap interior painters,0,0,,,,
Roseville,painting_interior,provider,interior home painting contractors,10,0,,,,
Roseville,painting_interior,cost,interior home painting estimate,0,0,,,,
Roseville,painting_interior,service,home interior painting services,0,0,,,,
Roseville,painting_interior,cost,interior painters quotes,10,0,,,,
Roseville,painting_interior,service,residential house interior painting,0,0,,,,
Roseville,painting_exterior,service,painting services,90,0,,,,
Roseville,painting_exterior,service,local painting services,0,0,,,,
Roseville,painting_exterior,residential,professional house painter,10,0,LOW,21,,
Roseville,painting_exterior,provider,house painting contractors,10,0,,,,
Roseville,painting_exterior,provider,professional painting contractors,10,0,,,,
Roseville,painting_exterior,provider,local painting contractors,10,0,,,,
Roseville,painting_exterior,provider,house exterior painting contractor,10,0,,,,
Roseville,painting_exterior,service,exterior painting professional,10,0,,,,
Roseville,painting_exterior,provider,professional house painting contractor,10,0,,,,
Roseville,painting_exterior,provider,professional house painting contractors,10,0,,,,
Roseville,painting_exterior,residential,professional exterior house painters,10,0,,,,
Roseville,painting_exterior,residential,professional home painters,0,0,,,,
Roseville,painting_exterior,residential,professional residential painters,0,0,,,,
Roseville,floristry,occasion,valentines flowers,90,0,,,,
Roseville,floristry,arrangements,flower bouquet,50,0.65,HIGH,100,0.86,2.71
Roseville,floristry,sympathy,funeral flowers,30,4.5,HIGH,100,1.67,4.1
Roseville,floristry,sympathy,funeral flower arrangements,20,3.14,HIGH,88,1.25,5.4
Roseville,floristry,arrangements,flower bouquet near me,10,0.93,MEDIUM,63,,
Roseville,floristry,delivery,flower delivery service,10,7.45,HIGH,100,,
Roseville,floristry,wedding_event,boutonniere wedding,10,0,HIGH,83,,
Roseville,floristry,delivery,flower delivery services online,10,0,,,,
Roseville,floristry,delivery,online flower delivery,10,0,,,,
Roseville,floristry,delivery,cheap flower delivery,10,2.43,HIGH,100,1.22,2.54
Roseville,floristry,core,same day flowers,10,13.49,HIGH,88,7.19,11.84
Roseville,floristry,delivery,deliver flowers,210,9.33,HIGH,100,3.51,9.33
Roseville,floristry,delivery,send flowers online,10,24.51,HIGH,100,,
Roseville,floristry,sympathy,funeral flowers delivery,10,0,HIGH,100,,
Roseville,floristry,wedding_event,corsage flower,10,0,,,,
Roseville,floristry,occasion,mother's day flower delivery,10,0,,,,
Roseville,floristry,delivery,best flower delivery,10,0,,,,
Roseville,floristry,delivery,flower bouquet delivery,10,6.52,HIGH,100,,
Roseville,floristry,wedding_event,wedding flower bouquets,10,0,LOW,0,,
Roseville,floristry,delivery,flower delivery today,10,7.35,HIGH,100,,
Roseville,floristry,delivery,local flower delivery,10,2.7,HIGH,100,,
Roseville,floristry,delivery,fresh flower delivery,10,0,LOW,0,,
Roseville,floristry,sympathy,sympathy flowers delivery,10,3.03,HIGH,100,,
Roseville,floristry,delivery,best online flower delivery,10,10.46,HIGH,100,,
Roseville,floristry,occasion,valentines flower bouquet,10,0,,,,
Roseville,floristry,occasion,mother's day flowers delivery,10,0,,,,
Roseville,floristry,arrangements,fresh flower bouquet,10,0,LOW,0,,
Roseville,floristry,wedding_event,rose bridal bouquet,10,0,,,,
Roseville,floristry,delivery,flower delivery same day,50,14.48,HIGH,96,5.63,12.02
Roseville,floristry,delivery,best flower delivery services,10,13.94,HIGH,100,,
Roseville,floristry,arrangements,custom flower bouquet,10,0,,,,
Roseville,floristry,sympathy,sympathy flower arrangements,10,1.88,HIGH,100,,
Roseville,floristry,core,florist flowers,10,0,MEDIUM,54,,
Roseville,floristry,wedding_event,bridal bouquet fresh flowers,10,0,LOW,0,,
Roseville,floristry,wedding_event,wedding flowers delivery,10,0,HIGH,100,,
Roseville,floristry,delivery,same day flower delivery service,10,0,,,,
Roseville,floristry,delivery,same day flower delivery services,10,0,,,,
Roseville,floristry,delivery,cheap same day flower delivery,10,0,,,,
Roseville,floristry,wedding_event,bridal bouquet flowers,10,0,,,,
Roseville,floristry,wedding_event,wedding bridal bouquet,10,0,,,,
Roseville,floristry,delivery,best same day flower delivery,10,0,,,,
Roseville,floristry,sympathy,sympathy flowers same day delivery,10,0,,,,
Roseville,floristry,sympathy,funeral flowers same day delivery,0,0,,,,
Roseville,floristry,delivery,flower bouquet delivery same day,0,0,,,,
Roseville,floristry,delivery,same day delivery flower bouquet,0,0,,,,
Roseville,floristry,delivery,local flower delivery same day,10,0,,,,
Roseville,floristry,delivery,florist flower delivery,10,0,,,,
Roseville,floristry,delivery,online flower bouquet delivery,10,0,,,,
Roseville,floristry,delivery,send flowers online same day,0,0,,,,
Roseville,floristry,delivery,flower bouquet same day delivery,0,0,,,,
San Mateo,water_heater,replacement,water heater replacement,30,37.62,MEDIUM,43,31.95,78.13
San Mateo,water_heater,replacement,water heater replacement near me,10,28.18,,,,
San Mateo,water_heater,replacement,replace water heater,30,37.62,MEDIUM,43,31.95,78.13
San Mateo,water_heater,replacement,replace water heater near me,10,28.18,,,,
San Mateo,water_heater,replacement,water heater replacement service,10,0,,,,
San Mateo,water_heater,replacement,water heater replacement services,10,0,,,,
San Mateo,water_heater,replacement,water heater replacement company,0,0,,,,
San Mateo,water_heater,replacement,water heater replacement contractor,10,0,,,,
San Mateo,water_heater,replacement,water heater replacement contractors,10,0,,,,
San Mateo,water_heater,replacement,water heater replacement installer,0,0,,,,
San Mateo,water_heater,replacement,water heater replacement installers,0,0,,,,
San Mateo,water_heater,replacement,local water heater replacement,0,0,,,,
San Mateo,water_heater,replacement,professional water heater replacement,0,0,,,,
San Mateo,water_heater,replacement,residential water heater replacement,0,0,,,,
San Mateo,water_heater,replacement,home water heater replacement,0,0,,,,
San Mateo,water_heater,replacement,hot water heater replacement,20,0,,,,
San Mateo,water_heater,replacement,hot water heater replacement near me,10,0,,,,
San Mateo,water_heater,replacement,water heater change out,0,0,,,,
San Mateo,water_heater,replacement,water heater changeout,0,0,,,,
San Mateo,water_heater,replacement,water heater swap,0,0,,,,
San Mateo,water_heater,installation,water heater installation,10,0,MEDIUM,49,,
San Mateo,water_heater,installation,water heater installation near me,10,0,LOW,5,,
San Mateo,water_heater,installation,water heater installation service,10,0,,,,
San Mateo,water_heater,installation,water heater installation services,10,0,,,,
San Mateo,water_heater,installation,water heater installation company,0,0,,,,
San Mateo,water_heater,installation,water heater installation contractor,10,0,,,,
San Mateo,water_heater,installation,water heater installation contractors,10,0,,,,
San Mateo,water_heater,installation,water heater installer,10,0,MEDIUM,49,,
San Mateo,water_heater,installation,water heater installers,10,0,MEDIUM,49,,
San Mateo,water_heater,installation,water heater installer near me,10,0,LOW,5,,
San Mateo,water_heater,installation,local water heater installer,0,0,,,,
San Mateo,water_heater,installation,professional water heater installation,10,0,,,,
San Mateo,water_heater,installation,residential water heater installation,10,0,,,,
San Mateo,water_heater,installation,home water heater installation,0,0,,,,
San Mateo,water_heater,installation,hot water heater installation,10,0,HIGH,100,,
San Mateo,water_heater,installation,hot water heater installer,10,0,HIGH,100,,
San Mateo,water_heater,cost,water heater replacement cost,20,21.82,HIGH,93,4.36,30.14
San Mateo,water_heater,cost,cost to replace water heater,20,21.82,HIGH,93,4.36,30.14
San Mateo,water_heater,cost,how much to replace water heater,10,0,,,,
San Mateo,water_heater,cost,water heater installation cost,10,0,MEDIUM,43,,
San Mateo,water_heater,cost,cost to install water heater,10,0,MEDIUM,43,,
San Mateo,water_heater,cost,water heater replacement estimate,10,0,,,,
San Mateo,water_heater,cost,water heater installation estimate,10,0,,,,
San Mateo,water_heater,cost,water heater replacement quote,10,0,,,,
San Mateo,water_heater,cost,water heater installation quote,10,0,,,,
San Mateo,water_heater,cost,water heater replacement price,0,0,,,,
San Mateo,water_heater,cost,water heater installation price,10,0,,,,
San Mateo,water_heater,same_day,same day water heater replacement,10,0,,,,
San Mateo,water_heater,same_day,same day water heater installation,10,0,,,,
San Mateo,water_heater,same_day,same day water heater installer,0,0,,,,
San Mateo,water_heater,same_day,emergency water heater replacement,10,0,,,,
San Mateo,water_heater,same_day,emergency water heater installation,0,0,,,,
San Mateo,water_heater,same_day,urgent water heater replacement,0,0,,,,
San Mateo,water_heater,same_day,24 hour water heater replacement,0,0,,,,
San Mateo,water_heater,same_day,water heater replacement today,0,0,,,,
San Mateo,water_heater,tank,tank water heater replacement,10,0,LOW,0,,
San Mateo,water_heater,tank,tank water heater installation,20,0,LOW,0,,
San Mateo,water_heater,tank,tank water heater installer,0,0,,,,
San Mateo,water_heater,tank,storage tank water heater replacement,0,0,,,,
San Mateo,water_heater,tank,standard water heater replacement,0,0,,,,
San Mateo,water_heater,tank,conventional water heater replacement,0,0,,,,
San Mateo,water_heater,tankless,tankless water heater replacement,10,0,LOW,14,,
San Mateo,water_heater,tankless,tankless water heater replacement near me,10,0,,,,
San Mateo,water_heater,tankless,tankless water heater installation,20,0,LOW,4,,
San Mateo,water_heater,tankless,tankless water heater installation near me,10,0,,,,
San Mateo,water_heater,tankless,tankless water heater installer,20,0,LOW,4,,
San Mateo,water_heater,tankless,tankless water heater installer near me,10,0,,,,
San Mateo,water_heater,tankless,tankless water heater installation cost,10,0,MEDIUM,43,,
San Mateo,water_heater,tankless,cost to install tankless water heater,10,0,MEDIUM,43,,
San Mateo,water_heater,tankless,cost to replace tankless water heater,10,0,MEDIUM,43,,
San Mateo,water_heater,gas,gas water heater replacement,10,0,,,,
San Mateo,water_heater,gas,gas water heater replacement near me,10,0,,,,
San Mateo,water_heater,gas,gas water heater installation,10,0,,,,
San Mateo,water_heater,gas,gas water heater installer,10,0,,,,
San Mateo,water_heater,gas,gas water heater installation cost,10,0,HIGH,71,,
San Mateo,water_heater,gas,cost to replace gas water heater,10,0,,,,
San Mateo,water_heater,electric,electric water heater replacement,20,0,LOW,0,,
San Mateo,water_heater,electric,electric water heater replacement near me,0,0,,,,
San Mateo,water_heater,electric,electric water heater installation,10,0,MEDIUM,33,,
San Mateo,water_heater,electric,electric water heater installer,10,0,MEDIUM,33,,
San Mateo,water_heater,electric,electric water heater installation cost,10,0,HIGH,86,,
San Mateo,water_heater,electric,cost to replace electric water heater,10,0,,,,
San Mateo,water_heater,heat_pump,heat pump water heater replacement,10,0,,,,
San Mateo,water_heater,heat_pump,heat pump water heater installation,10,0,,,,
San Mateo,water_heater,heat_pump,heat pump water heater installer,10,0,,,,
San Mateo,water_heater,heat_pump,heat pump water heater installation near me,10,0,,,,
San Mateo,water_heater,heat_pump,heat pump water heater installation cost,10,0,LOW,0,,
San Mateo,water_heater,heat_pump,hybrid water heater replacement,0,0,,,,
San Mateo,water_heater,heat_pump,hybrid water heater installation,0,0,,,,
San Mateo,water_heater,heat_pump,hybrid water heater installer,0,0,,,,
San Mateo,water_heater,conversion,tank to tankless water heater conversion,0,0,,,,
San Mateo,water_heater,conversion,convert tank water heater to tankless,0,0,,,,
San Mateo,water_heater,conversion,gas to electric water heater conversion,10,0,,,,
San Mateo,water_heater,conversion,electric to gas water heater conversion,10,0,,,,
San Mateo,water_heater,problem,replace leaking water heater,0,0,,,,
San Mateo,water_heater,problem,leaking water heater replacement,0,0,,,,
San Mateo,water_heater,problem,replace broken water heater,0,0,,,,
San Mateo,water_heater,problem,broken water heater replacement,0,0,,,,
San Mateo,water_heater,problem,no hot water water heater replacement,0,0,,,,
San Mateo,painting_interior,core,interior painters,10,0,LOW,0,,
San Mateo,painting_interior,core,interior painter,10,0,LOW,0,,
San Mateo,painting_interior,core,interior painters near me,10,0,,,,
San Mateo,painting_interior,core,interior house painters,10,0,LOW,0,,
San Mateo,painting_interior,core,interior house painter,10,0,,,,
San Mateo,painting_interior,core,interior home painters,10,0,,,,
San Mateo,painting_interior,core,interior wall painters,0,0,,,,
San Mateo,painting_interior,core,inside house painters,0,0,,,,
San Mateo,painting_interior,core,indoor house painters,10,0,,,,
San Mateo,painting_interior,service,interior painting,10,0,LOW,0,,
San Mateo,painting_interior,service,interior house painting,10,0,,,,
San Mateo,painting_interior,service,interior home painting,0,0,,,,
San Mateo,painting_interior,service,interior wall painting,10,0,,,,
San Mateo,painting_interior,service,interior painting services,10,0,LOW,0,,
San Mateo,painting_interior,service,interior house painting services,10,0,,,,
San Mateo,painting_interior,service,interior wall painting services,0,0,,,,
San Mateo,painting_interior,service,residential interior painting,10,0,LOW,0,,
San Mateo,painting_interior,service,residential interior painting services,0,0,,,,
San Mateo,painting_interior,provider,interior painting company,10,0,,,,
San Mateo,painting_interior,provider,interior painting companies,10,0,,,,
San Mateo,painting_interior,provider,interior painting company near me,0,0,,,,
San Mateo,painting_interior,provider,interior painting contractor,10,0,,,,
San Mateo,painting_interior,provider,interior painting contractors,10,0,,,,
San Mateo,painting_interior,provider,interior painting contractors near me,10,0,,,,
San Mateo,painting_interior,provider,interior wall painting contractors,10,0,,,,
San Mateo,painting_interior,provider,local interior painters,0,0,,,,
San Mateo,painting_interior,provider,professional interior painters,0,0,,,,
San Mateo,painting_interior,provider,professional interior painting,0,0,,,,
San Mateo,painting_interior,cost,interior painting cost,10,9.74,HIGH,86,,
San Mateo,painting_interior,cost,interior house painting cost,10,0,LOW,11,,
San Mateo,painting_interior,cost,cost to paint house interior,10,0,LOW,11,,
San Mateo,painting_interior,cost,cost to paint interior walls,10,0,,,,
San Mateo,painting_interior,cost,interior painting estimate,0,0,,,,
San Mateo,painting_interior,cost,interior painting quote,10,0,,,,
San Mateo,painting_interior,cost,interior house painting estimate,10,0,LOW,21,,
San Mateo,painting_interior,cost,interior house painting quote,0,0,,,,
San Mateo,painting_interior,cost,interior painter cost,10,9.74,HIGH,86,,
San Mateo,painting_interior,cost,interior painting prices,10,9.74,HIGH,86,,
San Mateo,painting_interior,rooms,whole house interior painting,0,0,,,,
San Mateo,painting_interior,rooms,home interior wall painting,0,0,,,,
San Mateo,painting_interior,rooms,room painting services,0,0,,,,
San Mateo,painting_interior,rooms,living room painters,0,0,,,,
San Mateo,painting_interior,rooms,bedroom painters,0,0,,,,
San Mateo,painting_interior,rooms,kitchen painters,10,0,,,,
San Mateo,painting_interior,rooms,bathroom painters,10,0,LOW,0,,
San Mateo,painting_interior,rooms,ceiling painters,0,0,,,,
San Mateo,painting_interior,rooms,ceiling painting services,0,0,,,,
San Mateo,painting_interior,rooms,trim painting services,0,0,,,,
San Mateo,painting_interior,rooms,baseboard painting services,0,0,,,,
San Mateo,painting_interior,rooms,cabinet painting services,10,0,LOW,14,,
San Mateo,painting_exterior,core,exterior painters,10,0,LOW,0,,
San Mateo,painting_exterior,core,exterior painter,10,0,LOW,0,,
San Mateo,painting_exterior,core,exterior painters near me,10,10.11,HIGH,100,,
San Mateo,painting_exterior,core,exterior house painters,10,0,,,,
San Mateo,painting_exterior,core,exterior house painter,10,0,,,,
San Mateo,painting_exterior,core,exterior home painters,10,0,HIGH,86,,
San Mateo,painting_exterior,core,outside house painters,10,0,,,,
San Mateo,painting_exterior,service,exterior painting,10,0,LOW,0,,
San Mateo,painting_exterior,service,exterior house painting,10,0,,,,
San Mateo,painting_exterior,service,exterior home painting,10,0,HIGH,86,,
San Mateo,painting_exterior,service,exterior wall painting,10,0,,,,
San Mateo,painting_exterior,service,exterior painting services,10,0,LOW,0,,
San Mateo,painting_exterior,service,exterior house painting services,10,0,LOW,11,,
San Mateo,painting_exterior,service,residential exterior painting,10,0,LOW,0,,
San Mateo,painting_exterior,service,residential exterior painting services,0,0,,,,
San Mateo,painting_exterior,provider,exterior painting company,10,0,,,,
San Mateo,painting_exterior,provider,exterior painting companies,10,0,,,,
San Mateo,painting_exterior,provider,exterior painting company near me,10,0,LOW,0,,
San Mateo,painting_exterior,provider,exterior painting contractor,10,1.31,LOW,7,,
San Mateo,painting_exterior,provider,exterior painting contractors,10,1.31,LOW,7,,
San Mateo,painting_exterior,provider,exterior painting contractors near me,10,0,LOW,0,,
San Mateo,painting_exterior,provider,local exterior painters,0,0,,,,
San Mateo,painting_exterior,provider,professional exterior painters,0,0,,,,
San Mateo,painting_exterior,provider,professional exterior painting,0,0,,,,
San Mateo,painting_exterior,cost,exterior painting cost,10,0,HIGH,79,,
San Mateo,painting_exterior,cost,exterior house painting cost,10,9.61,HIGH,86,,
San Mateo,painting_exterior,cost,cost to paint house exterior,10,9.61,HIGH,86,,
San Mateo,painting_exterior,cost,cost to paint exterior walls,0,0,,,,
San Mateo,painting_exterior,cost,exterior painting estimate,0,0,,,,
San Mateo,painting_exterior,cost,exterior painting quote,10,16.08,HIGH,86,,
San Mateo,painting_exterior,cost,exterior house painting estimate,0,0,,,,
San Mateo,painting_exterior,cost,exterior house painting quote,10,16.08,HIGH,86,,
San Mateo,painting_exterior,cost,exterior painter cost,10,0,HIGH,79,,
San Mateo,painting_exterior,cost,exterior painting prices,10,0,HIGH,79,,
San Mateo,painting_exterior,surface,stucco painting,10,0,HIGH,100,,
San Mateo,painting_exterior,surface,stucco painters,10,0,HIGH,100,,
San Mateo,painting_exterior,surface,stucco painting services,0,0,,,,
San Mateo,painting_exterior,surface,brick house painting,10,0,,,,
San Mateo,painting_exterior,surface,siding painting,10,0,,,,
San Mateo,painting_exterior,surface,siding painters,0,0,,,,
San Mateo,painting_exterior,surface,wood siding painting,10,0,,,,
San Mateo,painting_exterior,surface,house trim painting,10,0,,,,
San Mateo,painting_exterior,surface,front door painting service,0,0,,,,
San Mateo,painting_exterior,surface,garage door painting service,0,0,,,,
San Mateo,painting_general,core,house painters,10,0,LOW,0,,
San Mateo,painting_general,core,house painter,10,0,LOW,0,,
San Mateo,painting_general,core,house painters near me,20,3.21,LOW,32,8.63,30.25
San Mateo,painting_general,core,home painters,10,0,,,,
San Mateo,painting_general,core,residential painters,10,0,,,,
San Mateo,painting_general,core,residential painters near me,10,0,LOW,0,,
San Mateo,painting_general,service,house painting,10,0.01,MEDIUM,50,,
San Mateo,painting_general,service,house painting services,10,0,,,,
San Mateo,painting_general,service,home painting services,10,0,,,,
San Mateo,painting_general,service,residential painting,10,0,,,,
San Mateo,painting_general,service,residential painting services,10,0,,,,
San Mateo,painting_general,provider,painting company,20,0,HIGH,100,,
San Mateo,painting_general,provider,painting companies,20,0,HIGH,100,,
San Mateo,painting_general,provider,painting company near me,10,26.3,HIGH,100,,
San Mateo,painting_general,provider,painting contractor,10,0,LOW,0,,
San Mateo,painting_general,provider,painting contractors,10,0,LOW,0,,
San Mateo,painting_general,provider,painting contractors near me,10,27.55,MEDIUM,57,,
San Mateo,painting_general,provider,local painting company,10,0,,,,
San Mateo,painting_general,provider,local house painters,10,0,,,,
San Mateo,painting_general,provider,professional house painters,10,0,,,,
San Mateo,painting_general,cost,house painting cost,10,0,HIGH,86,,
San Mateo,painting_general,cost,cost to paint a house,10,0,HIGH,86,,
San Mateo,painting_general,cost,house painting estimate,0,0,,,,
San Mateo,painting_general,cost,house painting quote,10,0,,,,
San Mateo,painting_general,cost,painting estimate,10,0,,,,
San Mateo,painting_general,cost,painting quote,10,0,,,,
San Mateo,painting_general,cost,free painting estimate,0,0,,,,
San Mateo,wallpaper,core,wallpaper installer,10,0,HIGH,71,,
San Mateo,wallpaper,core,wallpaper installers,10,0,HIGH,71,,
San Mateo,wallpaper,core,wallpaper installer near me,10,0,HIGH,100,,
San Mateo,wallpaper,core,wallpaper installation,10,0,HIGH,71,,
San Mateo,wallpaper,core,wallpaper installation near me,10,0,HIGH,100,,
San Mateo,wallpaper,core,wallpaper installation service,10,0,,,,
San Mateo,wallpaper,core,wallpaper installation services,10,0,,,,
San Mateo,wallpaper,core,wallpaper hanging,10,0,,,,
San Mateo,wallpaper,core,wallpaper hanging near me,10,0,,,,
San Mateo,wallpaper,core,wallpaper hanging service,0,0,,,,
San Mateo,wallpaper,core,wallpaper hanging services,0,0,,,,
San Mateo,wallpaper,core,wallpaper hanger,10,0,,,,
San Mateo,wallpaper,core,wallpaper hangers,10,0,,,,
San Mateo,wallpaper,core,wallpaper hanger near me,10,0,,,,
San Mateo,wallpaper,provider,wallpaper installation company,10,0,,,,
San Mateo,wallpaper,provider,wallpaper installation contractor,0,0,,,,
San Mateo,wallpaper,provider,wallpaper installation contractors,0,0,,,,
San Mateo,wallpaper,provider,professional wallpaper installer,10,0,,,,
San Mateo,wallpaper,provider,professional wallpaper installer near me,0,0,,,,
San Mateo,wallpaper,provider,professional wallpaper installation,10,0,,,,
San Mateo,wallpaper,provider,professional wallpaper hanging,10,0,,,,
San Mateo,wallpaper,provider,local wallpaper installer,0,0,,,,
San Mateo,wallpaper,provider,hire wallpaper installer,0,0,,,,
San Mateo,wallpaper,cost,wallpaper installer cost,10,0,,,,
San Mateo,wallpaper,cost,wallpaper installation cost,10,0,,,,
San Mateo,wallpaper,cost,cost to install wallpaper,10,0,,,,
San Mateo,wallpaper,cost,wallpaper hanging cost,0,0,,,,
San Mateo,wallpaper,cost,cost to hang wallpaper,0,0,,,,
San Mateo,wallpaper,cost,wallpaper installation estimate,0,0,,,,
San Mateo,wallpaper,cost,wallpaper installation quote,0,0,,,,
San Mateo,wallpaper,cost,wallpaper installer prices,0,0,,,,
San Mateo,wallpaper,cost,professional wallpaper installer cost,10,0,,,,
San Mateo,wallpaper,type,peel and stick wallpaper installer,10,0,,,,
San Mateo,wallpaper,type,peel and stick wallpaper installation,10,0,,,,
San Mateo,wallpaper,type,mural wallpaper installer,0,0,,,,
San Mateo,wallpaper,type,wall mural installation,10,0,,,,
San Mateo,wallpaper,type,grasscloth wallpaper installer,0,0,,,,
San Mateo,wallpaper,type,grasscloth wallpaper installation,0,0,,,,
San Mateo,wallpaper,type,textured wallpaper installation,0,0,,,,
San Mateo,wallpaper,type,vinyl wallpaper installation,0,0,,,,
San Mateo,wallpaper,type,custom wallpaper installation,0,0,,,,
San Mateo,wallpaper,type,residential wallpaper installation,0,0,,,,
San Mateo,floristry,occasion,birthday flowers,30,0.26,HIGH,92,,
San Mateo,floristry,delivery,flower delivery,140,11.87,HIGH,100,4.77,10.67
San Mateo,floristry,core,flowers,720,5.57,HIGH,95,2.64,8.22
San Mateo,floristry,custom,personalized bouquets from local florists,0,0,,,,
San Mateo,floristry,roses,rose bouquets,10,0.23,HIGH,89,,
San Mateo,floristry,delivery,same day flower delivery,30,0,MEDIUM,36,,
San Mateo,floristry,occasion,sympathy flowers,10,10.67,HIGH,100,3.51,5.93
San Mateo,floristry,wedding,wedding flowers,10,0,MEDIUM,62,,
San Mateo,floristry,occasion,anniversary flowers,10,0,HIGH,100,,
San Mateo,floristry,occasion,apology flowers,10,0,,,,
San Mateo,floristry,wedding,bridal bouquets,10,1.42,HIGH,100,,
San Mateo,floristry,occasion,congratulations flowers,10,0,,,,
San Mateo,floristry,corporate,corporate flowers,10,0,LOW,14,,
San Mateo,floristry,custom,custom bouquets,10,0,,,,
San Mateo,floristry,event,event flower arrangements,10,0,,,,
San Mateo,floristry,wedding,flowers for newlyweds,10,0,,,,
San Mateo,floristry,occasion,get well flowers,10,6.53,HIGH,100,2.57,4.34
San Mateo,floristry,occasion,housewarming flowers,10,0,LOW,0,,
San Mateo,floristry,occasion,just because flowers,10,0,,,,
San Mateo,floristry,luxury,luxury bouquets,10,0,,,,
San Mateo,floristry,occasion,new baby flowers,10,2.86,HIGH,100,,
San Mateo,floristry,occasion,romantic flowers,10,0,,,,
San Mateo,floristry,occasion,thank you flowers,10,0,,,,
San Mateo,floristry,wedding,bridal bouquet,10,1.42,HIGH,100,,
San Mateo,floristry,event,event flowers,10,0,,,,
San Mateo,floristry,event,floral centerpieces,10,0,,,,
San Mateo,floristry,core,florist,210,1.87,LOW,29,1.69,10.28
San Mateo,floristry,event,flower centerpieces,10,0,,,,
San Mateo,floristry,core,flower shop,140,0.86,LOW,33,1.27,5.35
San Mateo,floristry,core,local florist,10,0,,,,
San Mateo,floristry,custom,personalized bouquets,10,0,,,,
San Mateo,floristry,roses,rose bouquet,10,0.23,HIGH,89,,
San Mateo,floristry,roses,roses,320,0.19,MEDIUM,51,0.27,2.31
San Mateo,floristry,delivery,send flowers,20,11.52,HIGH,96,3.7,8.33
San Mateo,floristry,event,table flower arrangements,10,0,,,,
San Mateo,floristry,wedding,wedding gift flowers,0,0,,,,
San Mateo,water_heater,tankless,tankless water heater cost,10,28.38,HIGH,71,,
San Mateo,water_heater,cost,water heater cost,10,0,LOW,0,,
San Mateo,water_heater,cost,hot water heater replacement cost,10,0,HIGH,86,,
San Mateo,water_heater,cost,hot water heater cost,10,0,MEDIUM,57,,
San Mateo,water_heater,tankless,tankless water heater installation gas,10,0,MEDIUM,43,,
San Mateo,water_heater,installation,tank water heater install,20,0,LOW,0,,
San Mateo,water_heater,replacement,water heater service,10,0,LOW,0,,
San Mateo,water_heater,tankless,tankless electric water heater installation,10,0,HIGH,86,,
San Mateo,water_heater,tankless,tankless water heater replacement cost,10,0,MEDIUM,43,,
San Mateo,water_heater,tankless,tankless water heater price,10,0,,,,
San Mateo,water_heater,tankless,electric tankless water heater cost,10,0,HIGH,71,,
San Mateo,water_heater,tankless,tankless water heater service,10,0,,,,
San Mateo,water_heater,tankless,replace tankless water heater,10,0,LOW,14,,
San Mateo,water_heater,cost,hot water heater installation cost,10,0,,,,
San Mateo,water_heater,electric,electric water heater cost,10,0,,,,
San Mateo,water_heater,electric,electric water heater replacement cost,10,0,,,,
San Mateo,water_heater,gas,gas water heater cost,10,0,,,,
San Mateo,water_heater,heat_pump,heat pump water heater cost,10,0,MEDIUM,49,1.66,4.55
San Mateo,water_heater,tankless,propane tankless water heater installation,10,0,,,,
San Mateo,water_heater,tankless,tankless water heater installation services,10,0,,,,
San Mateo,water_heater,tankless,tankless gas water heater cost,10,0,HIGH,100,,
San Mateo,water_heater,tankless,gas tankless water heater cost,10,0,HIGH,100,,
San Mateo,water_heater,gas,gas hot water heater cost,0,0,,,,
San Mateo,water_heater,electric,electric hot water heater installation cost,10,0,,,,
San Mateo,water_heater,gas,gas hot water heater installation,10,0,,,,
San Mateo,water_heater,electric,electric hot water heater installation,0,0,,,,
San Mateo,water_heater,tankless,natural gas tankless water heater installation,0,0,,,,
San Mateo,water_heater,tankless,gas tankless hot water heater installation,0,0,,,,
San Mateo,water_heater,electric,hot water heater installation electric,0,0,,,,
San Mateo,water_heater,tankless,tankless water heater company,0,0,,,,
San Mateo,water_heater,tankless,cost to install electric tankless hot water heater,0,0,,,,
San Mateo,painting_interior,service,interior door painting services,0,0,,,,
San Mateo,painting_interior,provider,house interior painting contractors,0,0,,,,
San Mateo,painting_interior,provider,interior home painting company,0,0,,,,
San Mateo,painting_interior,provider,interior house painting companies,0,0,,,,
San Mateo,painting_interior,cost,interior house painting estimates,10,0,LOW,21,,
San Mateo,painting_interior,service,cheap interior painters,0,0,,,,
San Mateo,painting_interior,provider,interior home painting contractors,10,0,,,,
San Mateo,painting_interior,cost,interior home painting estimate,0,0,,,,
San Mateo,painting_interior,service,home interior painting services,0,0,,,,
San Mateo,painting_interior,cost,interior painters quotes,10,0,,,,
San Mateo,painting_interior,service,residential house interior painting,0,0,,,,
San Mateo,painting_exterior,service,painting services,10,41.72,HIGH,100,,
San Mateo,painting_exterior,service,local painting services,0,0,,,,
San Mateo,painting_exterior,residential,professional house painter,10,0,,,,
San Mateo,painting_exterior,provider,house painting contractors,10,0,,,,
San Mateo,painting_exterior,provider,professional painting contractors,10,0,,,,
San Mateo,painting_exterior,provider,local painting contractors,10,0,,,,
San Mateo,painting_exterior,provider,house exterior painting contractor,10,0,,,,
San Mateo,painting_exterior,service,exterior painting professional,0,0,,,,
San Mateo,painting_exterior,provider,professional house painting contractor,10,0,,,,
San Mateo,painting_exterior,provider,professional house painting contractors,10,0,,,,
San Mateo,painting_exterior,residential,professional exterior house painters,0,0,,,,
San Mateo,painting_exterior,residential,professional home painters,0,0,,,,
San Mateo,painting_exterior,residential,professional residential painters,0,0,,,,
San Mateo,floristry,occasion,valentines flowers,70,0,,,,
San Mateo,floristry,arrangements,flower bouquet,50,0.53,HIGH,84,0.66,2.51
San Mateo,floristry,sympathy,funeral flowers,20,4.43,HIGH,100,1.93,4.14
San Mateo,floristry,sympathy,funeral flower arrangements,10,2.85,HIGH,100,0.86,3
San Mateo,floristry,arrangements,flower bouquet near me,10,7.78,HIGH,98,,
San Mateo,floristry,delivery,flower delivery service,10,8.06,HIGH,100,3.27,7.37
San Mateo,floristry,wedding_event,boutonniere wedding,10,0,HIGH,83,,
San Mateo,floristry,delivery,flower delivery services online,10,0,LOW,0,,
San Mateo,floristry,delivery,online flower delivery,10,15.95,HIGH,100,,
San Mateo,floristry,delivery,cheap flower delivery,10,3.87,MEDIUM,43,,
San Mateo,floristry,core,same day flowers,10,8.7,HIGH,100,,
San Mateo,floristry,delivery,deliver flowers,140,11.87,HIGH,100,4.77,10.67
San Mateo,floristry,delivery,send flowers online,10,0,HIGH,100,,
San Mateo,floristry,sympathy,funeral flowers delivery,10,4.12,HIGH,100,,
San Mateo,floristry,wedding_event,corsage flower,10,0,HIGH,100,,
San Mateo,floristry,occasion,mother's day flower delivery,10,0,,,,
San Mateo,floristry,delivery,best flower delivery,10,2.59,HIGH,100,,
San Mateo,floristry,delivery,flower bouquet delivery,10,0,,,,
San Mateo,floristry,wedding_event,wedding flower bouquets,10,0,,,,
San Mateo,floristry,delivery,flower delivery today,10,0,,,,
San Mateo,floristry,delivery,local flower delivery,10,0,,,,
San Mateo,floristry,delivery,fresh flower delivery,10,0,MEDIUM,50,,
San Mateo,floristry,sympathy,sympathy flowers delivery,10,3.72,HIGH,100,,
San Mateo,floristry,delivery,best online flower delivery,10,0,,,,
San Mateo,floristry,occasion,valentines flower bouquet,10,0,,,,
San Mateo,floristry,occasion,mother's day flowers delivery,10,0,,,,
San Mateo,floristry,arrangements,fresh flower bouquet,10,0,LOW,0,,
San Mateo,floristry,wedding_event,rose bridal bouquet,10,0,LOW,0,,
San Mateo,floristry,delivery,flower delivery same day,30,0,MEDIUM,36,,
San Mateo,floristry,delivery,best flower delivery services,10,0,,,,
San Mateo,floristry,arrangements,custom flower bouquet,10,0,,,,
San Mateo,floristry,sympathy,sympathy flower arrangements,10,0,HIGH,100,,
San Mateo,floristry,core,florist flowers,10,0,,,,
San Mateo,floristry,wedding_event,bridal bouquet fresh flowers,10,0,,,,
San Mateo,floristry,wedding_event,wedding flowers delivery,10,11.69,HIGH,100,,
San Mateo,floristry,delivery,same day flower delivery service,10,0,,,,
San Mateo,floristry,delivery,same day flower delivery services,10,0,,,,
San Mateo,floristry,delivery,cheap same day flower delivery,10,0,,,,
San Mateo,floristry,wedding_event,bridal bouquet flowers,10,0.32,HIGH,100,,
San Mateo,floristry,wedding_event,wedding bridal bouquet,0,0,,,,
San Mateo,floristry,delivery,best same day flower delivery,10,0,,,,
San Mateo,floristry,sympathy,sympathy flowers same day delivery,10,0,,,,
San Mateo,floristry,sympathy,funeral flowers same day delivery,0,0,,,,
San Mateo,floristry,delivery,flower bouquet delivery same day,0,0,,,,
San Mateo,floristry,delivery,same day delivery flower bouquet,0,0,,,,
San Mateo,floristry,delivery,local flower delivery same day,0,0,,,,
San Mateo,floristry,delivery,florist flower delivery,0,0,,,,
San Mateo,floristry,delivery,online flower bouquet delivery,0,0,,,,
San Mateo,floristry,delivery,send flowers online same day,10,0,,,,
San Mateo,floristry,delivery,flower bouquet same day delivery,10,0,,,,
Sunnyvale,water_heater,replacement,water heater replacement,30,7.81,HIGH,90,33,73.17
Sunnyvale,water_heater,replacement,water heater replacement near me,10,54.81,HIGH,100,,
Sunnyvale,water_heater,replacement,replace water heater,30,7.81,HIGH,90,33,73.17
Sunnyvale,water_heater,replacement,replace water heater near me,10,54.81,HIGH,100,,
Sunnyvale,water_heater,replacement,water heater replacement service,0,0,,,,
Sunnyvale,water_heater,replacement,water heater replacement services,0,0,,,,
Sunnyvale,water_heater,replacement,water heater replacement company,10,0,,,,
Sunnyvale,water_heater,replacement,water heater replacement contractor,10,0,,,,
Sunnyvale,water_heater,replacement,water heater replacement contractors,10,0,,,,
Sunnyvale,water_heater,replacement,water heater replacement installer,0,0,,,,
Sunnyvale,water_heater,replacement,water heater replacement installers,0,0,,,,
Sunnyvale,water_heater,replacement,local water heater replacement,0,0,,,,
Sunnyvale,water_heater,replacement,professional water heater replacement,0,0,,,,
Sunnyvale,water_heater,replacement,residential water heater replacement,0,0,,,,
Sunnyvale,water_heater,replacement,home water heater replacement,0,0,,,,
Sunnyvale,water_heater,replacement,hot water heater replacement,10,0,LOW,21,,
Sunnyvale,water_heater,replacement,hot water heater replacement near me,10,0,HIGH,100,,
Sunnyvale,water_heater,replacement,water heater change out,0,0,,,,
Sunnyvale,water_heater,replacement,water heater changeout,0,0,,,,
Sunnyvale,water_heater,replacement,water heater swap,0,0,,,,
Sunnyvale,water_heater,installation,water heater installation,20,0,LOW,5,,
Sunnyvale,water_heater,installation,water heater installation near me,10,0,LOW,10,,
Sunnyvale,water_heater,installation,water heater installation service,10,0,,,,
Sunnyvale,water_heater,installation,water heater installation services,10,0,,,,
Sunnyvale,water_heater,installation,water heater installation company,10,0,,,,
Sunnyvale,water_heater,installation,water heater installation contractor,10,0,,,,
Sunnyvale,water_heater,installation,water heater installation contractors,10,0,,,,
Sunnyvale,water_heater,installation,water heater installer,20,0,LOW,5,,
Sunnyvale,water_heater,installation,water heater installers,20,0,LOW,5,,
Sunnyvale,water_heater,installation,water heater installer near me,10,0,LOW,10,,
Sunnyvale,water_heater,installation,local water heater installer,0,0,,,,
Sunnyvale,water_heater,installation,professional water heater installation,10,0,LOW,0,,
Sunnyvale,water_heater,installation,residential water heater installation,10,0,,,,
Sunnyvale,water_heater,installation,home water heater installation,0,0,,,,
Sunnyvale,water_heater,installation,hot water heater installation,10,0,,,,
Sunnyvale,water_heater,installation,hot water heater installer,10,0,,,,
Sunnyvale,water_heater,cost,water heater replacement cost,30,16.68,HIGH,75,6.48,36.33
Sunnyvale,water_heater,cost,cost to replace water heater,30,16.68,HIGH,75,6.48,36.33
Sunnyvale,water_heater,cost,how much to replace water heater,10,0,,,,
Sunnyvale,water_heater,cost,water heater installation cost,10,101.19,HIGH,93,,
Sunnyvale,water_heater,cost,cost to install water heater,10,101.19,HIGH,93,,
Sunnyvale,water_heater,cost,water heater replacement estimate,0,0,,,,
Sunnyvale,water_heater,cost,water heater installation estimate,10,7.84,MEDIUM,46,,
Sunnyvale,water_heater,cost,water heater replacement quote,0,0,,,,
Sunnyvale,water_heater,cost,water heater installation quote,10,0,,,,
Sunnyvale,water_heater,cost,water heater replacement price,10,0,,,,
Sunnyvale,water_heater,cost,water heater installation price,10,7.84,MEDIUM,46,,
Sunnyvale,water_heater,same_day,same day water heater replacement,10,0,,,,
Sunnyvale,water_heater,same_day,same day water heater installation,10,0,,,,
Sunnyvale,water_heater,same_day,same day water heater installer,0,0,,,,
Sunnyvale,water_heater,same_day,emergency water heater replacement,10,0,LOW,0,,
Sunnyvale,water_heater,same_day,emergency water heater installation,0,0,,,,
Sunnyvale,water_heater,same_day,urgent water heater replacement,0,0,,,,
Sunnyvale,water_heater,same_day,24 hour water heater replacement,0,0,,,,
Sunnyvale,water_heater,same_day,water heater replacement today,0,0,,,,
Sunnyvale,water_heater,tank,tank water heater replacement,10,21.55,MEDIUM,55,,
Sunnyvale,water_heater,tank,tank water heater installation,20,0,,,,
Sunnyvale,water_heater,tank,tank water heater installer,0,0,,,,
Sunnyvale,water_heater,tank,storage tank water heater replacement,0,0,,,,
Sunnyvale,water_heater,tank,standard water heater replacement,0,0,,,,
Sunnyvale,water_heater,tank,conventional water heater replacement,0,0,,,,
Sunnyvale,water_heater,tankless,tankless water heater replacement,10,0,LOW,0,,
Sunnyvale,water_heater,tankless,tankless water heater replacement near me,0,0,,,,
Sunnyvale,water_heater,tankless,tankless water heater installation,30,0,LOW,24,,
Sunnyvale,water_heater,tankless,tankless water heater installation near me,10,0,LOW,3,,
Sunnyvale,water_heater,tankless,tankless water heater installer,30,0,LOW,24,,
Sunnyvale,water_heater,tankless,tankless water heater installer near me,10,0,LOW,3,,
Sunnyvale,water_heater,tankless,tankless water heater installation cost,10,0,LOW,29,,
Sunnyvale,water_heater,tankless,cost to install tankless water heater,10,0,LOW,29,,
Sunnyvale,water_heater,tankless,cost to replace tankless water heater,10,0,LOW,29,,
Sunnyvale,water_heater,gas,gas water heater replacement,10,0,MEDIUM,43,,
Sunnyvale,water_heater,gas,gas water heater replacement near me,10,0,LOW,0,,
Sunnyvale,water_heater,gas,gas water heater installation,10,0,LOW,0,,
Sunnyvale,water_heater,gas,gas water heater installer,10,0,LOW,0,,
Sunnyvale,water_heater,gas,gas water heater installation cost,10,0,HIGH,86,,
Sunnyvale,water_heater,gas,cost to replace gas water heater,10,0,HIGH,86,,
Sunnyvale,water_heater,electric,electric water heater replacement,10,0,,,,
Sunnyvale,water_heater,electric,electric water heater replacement near me,0,0,,,,
Sunnyvale,water_heater,electric,electric water heater installation,10,0,,,,
Sunnyvale,water_heater,electric,electric water heater installer,10,0,,,,
Sunnyvale,water_heater,electric,electric water heater installation cost,10,0,HIGH,86,,
Sunnyvale,water_heater,electric,cost to replace electric water heater,10,0,,,,
Sunnyvale,water_heater,heat_pump,heat pump water heater replacement,0,0,,,,
Sunnyvale,water_heater,heat_pump,heat pump water heater installation,20,0,LOW,3,,
Sunnyvale,water_heater,heat_pump,heat pump water heater installer,20,0,LOW,3,,
Sunnyvale,water_heater,heat_pump,heat pump water heater installation near me,0,0,,,,
Sunnyvale,water_heater,heat_pump,heat pump water heater installation cost,10,14.17,MEDIUM,52,3.29,12.61
Sunnyvale,water_heater,heat_pump,hybrid water heater replacement,0,0,,,,
Sunnyvale,water_heater,heat_pump,hybrid water heater installation,10,0,,,,
Sunnyvale,water_heater,heat_pump,hybrid water heater installer,10,0,,,,
Sunnyvale,water_heater,conversion,tank to tankless water heater conversion,0,0,,,,
Sunnyvale,water_heater,conversion,convert tank water heater to tankless,0,0,,,,
Sunnyvale,water_heater,conversion,gas to electric water heater conversion,10,0,,,,
Sunnyvale,water_heater,conversion,electric to gas water heater conversion,10,0,,,,
Sunnyvale,water_heater,problem,replace leaking water heater,0,0,,,,
Sunnyvale,water_heater,problem,leaking water heater replacement,0,0,,,,
Sunnyvale,water_heater,problem,replace broken water heater,0,0,,,,
Sunnyvale,water_heater,problem,broken water heater replacement,0,0,,,,
Sunnyvale,water_heater,problem,no hot water water heater replacement,0,0,,,,
Sunnyvale,painting_interior,core,interior painters,10,0,MEDIUM,43,,
Sunnyvale,painting_interior,core,interior painter,10,0,MEDIUM,43,,
Sunnyvale,painting_interior,core,interior painters near me,10,0,,,,
Sunnyvale,painting_interior,core,interior house painters,10,0,MEDIUM,43,,
Sunnyvale,painting_interior,core,interior house painter,10,0,,,,
Sunnyvale,painting_interior,core,interior home painters,10,0,,,,
Sunnyvale,painting_interior,core,interior wall painters,0,0,,,,
Sunnyvale,painting_interior,core,inside house painters,0,0,,,,
Sunnyvale,painting_interior,core,indoor house painters,10,0,,,,
Sunnyvale,painting_interior,service,interior painting,10,0,MEDIUM,43,,
Sunnyvale,painting_interior,service,interior house painting,10,0,,,,
Sunnyvale,painting_interior,service,interior home painting,10,0,,,,
Sunnyvale,painting_interior,service,interior wall painting,10,0,,,,
Sunnyvale,painting_interior,service,interior painting services,10,0,LOW,0,,
Sunnyvale,painting_interior,service,interior house painting services,10,0,MEDIUM,43,,
Sunnyvale,painting_interior,service,interior wall painting services,10,0,,,,
Sunnyvale,painting_interior,service,residential interior painting,0,0,,,,
Sunnyvale,painting_interior,service,residential interior painting services,0,0,,,,
Sunnyvale,painting_interior,provider,interior painting company,10,0,,,,
Sunnyvale,painting_interior,provider,interior painting companies,10,0,,,,
Sunnyvale,painting_interior,provider,interior painting company near me,10,0,,,,
Sunnyvale,painting_interior,provider,interior painting contractor,10,0,,,,
Sunnyvale,painting_interior,provider,interior painting contractors,10,0,,,,
Sunnyvale,painting_interior,provider,interior painting contractors near me,10,0,,,,
Sunnyvale,painting_interior,provider,interior wall painting contractors,10,0,,,,
Sunnyvale,painting_interior,provider,local interior painters,0,0,,,,
Sunnyvale,painting_interior,provider,professional interior painters,0,0,,,,
Sunnyvale,painting_interior,provider,professional interior painting,0,0,,,,
Sunnyvale,painting_interior,cost,interior painting cost,10,1.37,HIGH,76,,
Sunnyvale,painting_interior,cost,interior house painting cost,10,0,,,,
Sunnyvale,painting_interior,cost,cost to paint house interior,10,0,,,,
Sunnyvale,painting_interior,cost,cost to paint interior walls,10,0,,,,
Sunnyvale,painting_interior,cost,interior painting estimate,10,0,,,,
Sunnyvale,painting_interior,cost,interior painting quote,10,0,,,,
Sunnyvale,painting_interior,cost,interior house painting estimate,10,0,,,,
Sunnyvale,painting_interior,cost,interior house painting quote,0,0,,,,
Sunnyvale,painting_interior,cost,interior painter cost,10,1.37,HIGH,76,,
Sunnyvale,painting_interior,cost,interior painting prices,10,1.37,HIGH,76,,
Sunnyvale,painting_interior,rooms,whole house interior painting,0,0,,,,
Sunnyvale,painting_interior,rooms,home interior wall painting,0,0,,,,
Sunnyvale,painting_interior,rooms,room painting services,0,0,,,,
Sunnyvale,painting_interior,rooms,living room painters,0,0,,,,
Sunnyvale,painting_interior,rooms,bedroom painters,0,0,,,,
Sunnyvale,painting_interior,rooms,kitchen painters,0,0,,,,
Sunnyvale,painting_interior,rooms,bathroom painters,0,0,,,,
Sunnyvale,painting_interior,rooms,ceiling painters,0,0,,,,
Sunnyvale,painting_interior,rooms,ceiling painting services,0,0,,,,
Sunnyvale,painting_interior,rooms,trim painting services,0,0,,,,
Sunnyvale,painting_interior,rooms,baseboard painting services,0,0,,,,
Sunnyvale,painting_interior,rooms,cabinet painting services,10,0,,,,
Sunnyvale,painting_exterior,core,exterior painters,10,0,,,,
Sunnyvale,painting_exterior,core,exterior painter,10,0,,,,
Sunnyvale,painting_exterior,core,exterior painters near me,10,0,,,,
Sunnyvale,painting_exterior,core,exterior house painters,10,0,,,,
Sunnyvale,painting_exterior,core,exterior house painter,10,0,,,,
Sunnyvale,painting_exterior,core,exterior home painters,0,0,,,,
Sunnyvale,painting_exterior,core,outside house painters,10,0,,,,
Sunnyvale,painting_exterior,service,exterior painting,10,0,,,,
Sunnyvale,painting_exterior,service,exterior house painting,10,0,,,,
Sunnyvale,painting_exterior,service,exterior home painting,0,0,,,,
Sunnyvale,painting_exterior,service,exterior wall painting,10,0,,,,
Sunnyvale,painting_exterior,service,exterior painting services,10,0,,,,
Sunnyvale,painting_exterior,service,exterior house painting services,10,0,,,,
Sunnyvale,painting_exterior,service,residential exterior painting,0,0,,,,
Sunnyvale,painting_exterior,service,residential exterior painting services,0,0,,,,
Sunnyvale,painting_exterior,provider,exterior painting company,10,0,,,,
Sunnyvale,painting_exterior,provider,exterior painting companies,10,0,,,,
Sunnyvale,painting_exterior,provider,exterior painting company near me,10,0,LOW,0,,
Sunnyvale,painting_exterior,provider,exterior painting contractor,10,0,LOW,21,,
Sunnyvale,painting_exterior,provider,exterior painting contractors,10,0,LOW,21,,
Sunnyvale,painting_exterior,provider,exterior painting contractors near me,10,0,LOW,0,,
Sunnyvale,painting_exterior,provider,local exterior painters,0,0,,,,
Sunnyvale,painting_exterior,provider,professional exterior painters,10,0,HIGH,100,,
Sunnyvale,painting_exterior,provider,professional exterior painting,10,0,HIGH,100,,
Sunnyvale,painting_exterior,cost,exterior painting cost,10,0,LOW,24,,
Sunnyvale,painting_exterior,cost,exterior house painting cost,10,0,HIGH,86,,
Sunnyvale,painting_exterior,cost,cost to paint house exterior,10,0,HIGH,86,,
Sunnyvale,painting_exterior,cost,cost to paint exterior walls,0,0,,,,
Sunnyvale,painting_exterior,cost,exterior painting estimate,10,0,,,,
Sunnyvale,painting_exterior,cost,exterior painting quote,10,0,LOW,0,,
Sunnyvale,painting_exterior,cost,exterior house painting estimate,0,0,,,,
Sunnyvale,painting_exterior,cost,exterior house painting quote,10,0,LOW,0,,
Sunnyvale,painting_exterior,cost,exterior painter cost,10,0,LOW,24,,
Sunnyvale,painting_exterior,cost,exterior painting prices,10,0,LOW,24,,
Sunnyvale,painting_exterior,surface,stucco painting,10,0,,,,
Sunnyvale,painting_exterior,surface,stucco painters,10,0,,,,
Sunnyvale,painting_exterior,surface,stucco painting services,0,0,,,,
Sunnyvale,painting_exterior,surface,brick house painting,10,0,LOW,29,,
Sunnyvale,painting_exterior,surface,siding painting,10,0,,,,
Sunnyvale,painting_exterior,surface,siding painters,0,0,,,,
Sunnyvale,painting_exterior,surface,wood siding painting,10,0,,,,
Sunnyvale,painting_exterior,surface,house trim painting,0,0,,,,
Sunnyvale,painting_exterior,surface,front door painting service,0,0,,,,
Sunnyvale,painting_exterior,surface,garage door painting service,10,0,,,,
Sunnyvale,painting_general,core,house painters,10,0,HIGH,100,,
Sunnyvale,painting_general,core,house painter,10,0,HIGH,100,,
Sunnyvale,painting_general,core,house painters near me,20,0,LOW,21,,
Sunnyvale,painting_general,core,home painters,10,0,,,,
Sunnyvale,painting_general,core,residential painters,0,0,,,,
Sunnyvale,painting_general,core,residential painters near me,0,0,,,,
Sunnyvale,painting_general,service,house painting,10,0.58,MEDIUM,52,,
Sunnyvale,painting_general,service,house painting services,10,0,LOW,0,,
Sunnyvale,painting_general,service,home painting services,10,0,LOW,0,,
Sunnyvale,painting_general,service,residential painting,0,0,,,,
Sunnyvale,painting_general,service,residential painting services,10,0,,,,
Sunnyvale,painting_general,provider,painting company,10,12.28,MEDIUM,61,,
Sunnyvale,painting_general,provider,painting companies,10,12.28,MEDIUM,61,,
Sunnyvale,painting_general,provider,painting company near me,10,0,MEDIUM,45,,
Sunnyvale,painting_general,provider,painting contractor,10,0,MEDIUM,48,,
Sunnyvale,painting_general,provider,painting contractors,10,0,MEDIUM,48,,
Sunnyvale,painting_general,provider,painting contractors near me,10,8.55,MEDIUM,48,,
Sunnyvale,painting_general,provider,local painting company,10,0,,,,
Sunnyvale,painting_general,provider,local house painters,10,0,MEDIUM,43,,
Sunnyvale,painting_general,provider,professional house painters,10,0,,,,
Sunnyvale,painting_general,cost,house painting cost,10,0,,,,
Sunnyvale,painting_general,cost,cost to paint a house,10,0,,,,
Sunnyvale,painting_general,cost,house painting estimate,10,0,,,,
Sunnyvale,painting_general,cost,house painting quote,10,0,,,,
Sunnyvale,painting_general,cost,painting estimate,10,0,,,,
Sunnyvale,painting_general,cost,painting quote,10,0,,,,
Sunnyvale,painting_general,cost,free painting estimate,0,0,,,,
Sunnyvale,wallpaper,core,wallpaper installer,10,0,,,,
Sunnyvale,wallpaper,core,wallpaper installers,10,0,,,,
Sunnyvale,wallpaper,core,wallpaper installer near me,10,0,HIGH,79,,
Sunnyvale,wallpaper,core,wallpaper installation,10,0,,,,
Sunnyvale,wallpaper,core,wallpaper installation near me,10,0,HIGH,79,,
Sunnyvale,wallpaper,core,wallpaper installation service,10,0,,,,
Sunnyvale,wallpaper,core,wallpaper installation services,10,0,,,,
Sunnyvale,wallpaper,core,wallpaper hanging,10,0,,,,
Sunnyvale,wallpaper,core,wallpaper hanging near me,10,0,,,,
Sunnyvale,wallpaper,core,wallpaper hanging service,0,0,,,,
Sunnyvale,wallpaper,core,wallpaper hanging services,0,0,,,,
Sunnyvale,wallpaper,core,wallpaper hanger,10,0,,,,
Sunnyvale,wallpaper,core,wallpaper hangers,10,0,,,,
Sunnyvale,wallpaper,core,wallpaper hanger near me,10,0,,,,
Sunnyvale,wallpaper,provider,wallpaper installation company,10,0,,,,
Sunnyvale,wallpaper,provider,wallpaper installation contractor,0,0,,,,
Sunnyvale,wallpaper,provider,wallpaper installation contractors,0,0,,,,
Sunnyvale,wallpaper,provider,professional wallpaper installer,10,0,,,,
Sunnyvale,wallpaper,provider,professional wallpaper installer near me,0,0,,,,
Sunnyvale,wallpaper,provider,professional wallpaper installation,10,0,,,,
Sunnyvale,wallpaper,provider,professional wallpaper hanging,10,0,,,,
Sunnyvale,wallpaper,provider,local wallpaper installer,0,0,,,,
Sunnyvale,wallpaper,provider,hire wallpaper installer,0,0,,,,
Sunnyvale,wallpaper,cost,wallpaper installer cost,10,0,LOW,29,,
Sunnyvale,wallpaper,cost,wallpaper installation cost,10,0,LOW,29,,
Sunnyvale,wallpaper,cost,cost to install wallpaper,10,0,LOW,29,,
Sunnyvale,wallpaper,cost,wallpaper hanging cost,0,0,,,,
Sunnyvale,wallpaper,cost,cost to hang wallpaper,0,0,,,,
Sunnyvale,wallpaper,cost,wallpaper installation estimate,0,0,,,,
Sunnyvale,wallpaper,cost,wallpaper installation quote,0,0,,,,
Sunnyvale,wallpaper,cost,wallpaper installer prices,0,0,,,,
Sunnyvale,wallpaper,cost,professional wallpaper installer cost,0,0,,,,
Sunnyvale,wallpaper,type,peel and stick wallpaper installer,0,0,,,,
Sunnyvale,wallpaper,type,peel and stick wallpaper installation,0,0,,,,
Sunnyvale,wallpaper,type,mural wallpaper installer,0,0,,,,
Sunnyvale,wallpaper,type,wall mural installation,0,0,,,,
Sunnyvale,wallpaper,type,grasscloth wallpaper installer,0,0,,,,
Sunnyvale,wallpaper,type,grasscloth wallpaper installation,0,0,,,,
Sunnyvale,wallpaper,type,textured wallpaper installation,0,0,,,,
Sunnyvale,wallpaper,type,vinyl wallpaper installation,0,0,,,,
Sunnyvale,wallpaper,type,custom wallpaper installation,0,0,,,,
Sunnyvale,wallpaper,type,residential wallpaper installation,0,0,,,,
Sunnyvale,floristry,occasion,birthday flowers,40,0.17,HIGH,100,1.35,9.9
Sunnyvale,floristry,delivery,flower delivery,170,10.38,HIGH,100,3.9,9.26
Sunnyvale,floristry,core,flowers,1000,5.84,HIGH,100,2.99,8.56
Sunnyvale,floristry,custom,personalized bouquets from local florists,0,0,,,,
Sunnyvale,floristry,roses,rose bouquets,20,0.17,HIGH,100,,
Sunnyvale,floristry,delivery,same day flower delivery,50,15.58,HIGH,90,4.79,11.55
Sunnyvale,floristry,occasion,sympathy flowers,10,4.56,HIGH,100,,
Sunnyvale,floristry,wedding,wedding flowers,20,1.18,MEDIUM,65,1.04,2.3
Sunnyvale,floristry,occasion,anniversary flowers,10,0,HIGH,100,1.89,4.44
Sunnyvale,floristry,occasion,apology flowers,10,0,HIGH,93,,
Sunnyvale,floristry,wedding,bridal bouquets,20,0.55,HIGH,100,,
Sunnyvale,floristry,occasion,congratulations flowers,10,1.48,HIGH,71,,
Sunnyvale,floristry,corporate,corporate flowers,10,0,,,,
Sunnyvale,floristry,custom,custom bouquets,10,0,,,,
Sunnyvale,floristry,event,event flower arrangements,10,0,,,,
Sunnyvale,floristry,wedding,flowers for newlyweds,0,0,,,,
Sunnyvale,floristry,occasion,get well flowers,10,0,,,,
Sunnyvale,floristry,occasion,housewarming flowers,10,0,LOW,0,,
Sunnyvale,floristry,occasion,just because flowers,10,0,,,,
Sunnyvale,floristry,luxury,luxury bouquets,10,0,,,,
Sunnyvale,floristry,occasion,new baby flowers,10,0,,,,
Sunnyvale,floristry,occasion,romantic flowers,10,0,HIGH,71,,
Sunnyvale,floristry,occasion,thank you flowers,10,0,MEDIUM,34,,
Sunnyvale,floristry,wedding,bridal bouquet,20,0.55,HIGH,100,,
Sunnyvale,floristry,event,event flowers,10,0,,,,
Sunnyvale,floristry,event,floral centerpieces,10,0,HIGH,100,,
Sunnyvale,floristry,core,florist,260,3.21,LOW,32,1.59,9.7
Sunnyvale,floristry,event,flower centerpieces,10,0,,,,
Sunnyvale,floristry,core,flower shop,260,1.38,LOW,31,1.37,6.7
Sunnyvale,floristry,core,local florist,10,39.34,HIGH,100,,
Sunnyvale,floristry,custom,personalized bouquets,10,0,,,,
Sunnyvale,floristry,roses,rose bouquet,20,0.17,HIGH,100,,
Sunnyvale,floristry,roses,roses,390,1.49,MEDIUM,61,1.18,2.61
Sunnyvale,floristry,delivery,send flowers,20,10.67,HIGH,100,4,10.19
Sunnyvale,floristry,event,table flower arrangements,10,0,HIGH,100,,
Sunnyvale,floristry,wedding,wedding gift flowers,10,2.37,HIGH,100,,
Sunnyvale,water_heater,tankless,tankless water heater cost,10,0.88,HIGH,77,1.79,6.72
Sunnyvale,water_heater,cost,water heater cost,10,1.74,HIGH,69,,
Sunnyvale,water_heater,cost,hot water heater replacement cost,10,27.59,HIGH,86,2.79,23.77
Sunnyvale,water_heater,cost,hot water heater cost,10,0,,,,
Sunnyvale,water_heater,tankless,tankless water heater installation gas,10,0,,,,
Sunnyvale,water_heater,installation,tank water heater install,20,0,,,,
Sunnyvale,water_heater,replacement,water heater service,10,19.96,LOW,8,,
Sunnyvale,water_heater,tankless,tankless electric water heater installation,10,0,LOW,21,,
Sunnyvale,water_heater,tankless,tankless water heater replacement cost,10,0,LOW,29,,
Sunnyvale,water_heater,tankless,tankless water heater price,10,0,HIGH,100,,
Sunnyvale,water_heater,tankless,electric tankless water heater cost,10,0,,,,
Sunnyvale,water_heater,tankless,tankless water heater service,10,0,HIGH,100,,
Sunnyvale,water_heater,tankless,replace tankless water heater,10,0,LOW,0,,
Sunnyvale,water_heater,cost,hot water heater installation cost,10,0,,,,
Sunnyvale,water_heater,electric,electric water heater cost,10,4.24,HIGH,71,,
Sunnyvale,water_heater,electric,electric water heater replacement cost,10,0,,,,
Sunnyvale,water_heater,gas,gas water heater cost,10,0,,,,
Sunnyvale,water_heater,heat_pump,heat pump water heater cost,10,21.36,HIGH,68,3.83,13.4
Sunnyvale,water_heater,tankless,propane tankless water heater installation,0,0,,,,
Sunnyvale,water_heater,tankless,tankless water heater installation services,10,0,,,,
Sunnyvale,water_heater,tankless,tankless gas water heater cost,10,0,,,,
Sunnyvale,water_heater,tankless,gas tankless water heater cost,10,0,,,,
Sunnyvale,water_heater,gas,gas hot water heater cost,0,0,,,,
Sunnyvale,water_heater,electric,electric hot water heater installation cost,10,0,,,,
Sunnyvale,water_heater,gas,gas hot water heater installation,10,0,HIGH,86,,
Sunnyvale,water_heater,electric,electric hot water heater installation,0,0,,,,
Sunnyvale,water_heater,tankless,natural gas tankless water heater installation,10,0,,,,
Sunnyvale,water_heater,tankless,gas tankless hot water heater installation,0,0,,,,
Sunnyvale,water_heater,electric,hot water heater installation electric,0,0,,,,
Sunnyvale,water_heater,tankless,tankless water heater company,10,0,,,,
Sunnyvale,water_heater,tankless,cost to install electric tankless hot water heater,0,0,,,,
Sunnyvale,painting_interior,service,interior door painting services,0,0,,,,
Sunnyvale,painting_interior,provider,house interior painting contractors,0,0,,,,
Sunnyvale,painting_interior,provider,interior home painting company,0,0,,,,
Sunnyvale,painting_interior,provider,interior house painting companies,0,0,,,,
Sunnyvale,painting_interior,cost,interior house painting estimates,10,0,,,,
Sunnyvale,painting_interior,service,cheap interior painters,0,0,,,,
Sunnyvale,painting_interior,provider,interior home painting contractors,0,0,,,,
Sunnyvale,painting_interior,cost,interior home painting estimate,10,0,,,,
Sunnyvale,painting_interior,service,home interior painting services,0,0,,,,
Sunnyvale,painting_interior,cost,interior painters quotes,10,0,,,,
Sunnyvale,painting_interior,service,residential house interior painting,0,0,,,,
Sunnyvale,painting_exterior,service,painting services,10,0,,,,
Sunnyvale,painting_exterior,service,local painting services,0,0,,,,
Sunnyvale,painting_exterior,residential,professional house painter,10,0,,,,
Sunnyvale,painting_exterior,provider,house painting contractors,10,0,,,,
Sunnyvale,painting_exterior,provider,professional painting contractors,10,0,,,,
Sunnyvale,painting_exterior,provider,local painting contractors,0,0,,,,
Sunnyvale,painting_exterior,provider,house exterior painting contractor,10,0,,,,
Sunnyvale,painting_exterior,service,exterior painting professional,0,0,,,,
Sunnyvale,painting_exterior,provider,professional house painting contractor,0,0,,,,
Sunnyvale,painting_exterior,provider,professional house painting contractors,0,0,,,,
Sunnyvale,painting_exterior,residential,professional exterior house painters,10,0,HIGH,100,,
Sunnyvale,painting_exterior,residential,professional home painters,0,0,,,,
Sunnyvale,painting_exterior,residential,professional residential painters,0,0,,,,
Sunnyvale,floristry,occasion,valentines flowers,140,0,LOW,29,,
Sunnyvale,floristry,arrangements,flower bouquet,90,1.05,HIGH,100,1.06,2.48
Sunnyvale,floristry,sympathy,funeral flowers,30,5.28,HIGH,100,1.83,3.58
Sunnyvale,floristry,sympathy,funeral flower arrangements,10,2.79,HIGH,100,1.13,4.54
Sunnyvale,floristry,arrangements,flower bouquet near me,20,1.76,HIGH,100,,
Sunnyvale,floristry,delivery,flower delivery service,10,19.64,HIGH,100,,
Sunnyvale,floristry,wedding_event,boutonniere wedding,10,0,LOW,3,,
Sunnyvale,floristry,delivery,flower delivery services online,10,0,,,,
Sunnyvale,floristry,delivery,online flower delivery,10,3.39,MEDIUM,48,,
Sunnyvale,floristry,delivery,cheap flower delivery,10,0,HIGH,100,,
Sunnyvale,floristry,core,same day flowers,10,9.23,HIGH,100,,
Sunnyvale,floristry,delivery,deliver flowers,170,10.38,HIGH,100,3.9,9.26
Sunnyvale,floristry,delivery,send flowers online,10,22.85,HIGH,89,4.31,18.88
Sunnyvale,floristry,sympathy,funeral flowers delivery,10,0,HIGH,100,,
Sunnyvale,floristry,wedding_event,corsage flower,10,0,LOW,0,,
Sunnyvale,floristry,occasion,mother's day flower delivery,10,0,,,,
Sunnyvale,floristry,delivery,best flower delivery,10,9.31,HIGH,100,,
Sunnyvale,floristry,delivery,flower bouquet delivery,10,2.91,HIGH,100,,
Sunnyvale,floristry,wedding_event,wedding flower bouquets,10,1.74,MEDIUM,33,,
Sunnyvale,floristry,delivery,flower delivery today,10,0,,,,
Sunnyvale,floristry,delivery,local flower delivery,10,0,HIGH,100,,
Sunnyvale,floristry,delivery,fresh flower delivery,10,0,HIGH,100,,
Sunnyvale,floristry,sympathy,sympathy flowers delivery,10,0,,,,
Sunnyvale,floristry,delivery,best online flower delivery,10,0,,,,
Sunnyvale,floristry,occasion,valentines flower bouquet,10,0,,,,
Sunnyvale,floristry,occasion,mother's day flowers delivery,10,0,,,,
Sunnyvale,floristry,arrangements,fresh flower bouquet,10,0,LOW,0,,
Sunnyvale,floristry,wedding_event,rose bridal bouquet,10,0,LOW,0,,
Sunnyvale,floristry,delivery,flower delivery same day,50,15.58,HIGH,90,4.79,11.55
Sunnyvale,floristry,delivery,best flower delivery services,10,0,HIGH,100,,
Sunnyvale,floristry,arrangements,custom flower bouquet,10,0,,,,
Sunnyvale,floristry,sympathy,sympathy flower arrangements,10,0,,,,
Sunnyvale,floristry,core,florist flowers,10,0,,,,
Sunnyvale,floristry,wedding_event,bridal bouquet fresh flowers,10,0,LOW,0,,
Sunnyvale,floristry,wedding_event,wedding flowers delivery,10,0,,,,
Sunnyvale,floristry,delivery,same day flower delivery service,10,0,,,,
Sunnyvale,floristry,delivery,same day flower delivery services,10,0,,,,
Sunnyvale,floristry,delivery,cheap same day flower delivery,10,0,,,,
Sunnyvale,floristry,wedding_event,bridal bouquet flowers,10,0,,,,
Sunnyvale,floristry,wedding_event,wedding bridal bouquet,10,0.11,HIGH,100,,
Sunnyvale,floristry,delivery,best same day flower delivery,10,44.43,MEDIUM,57,,
Sunnyvale,floristry,sympathy,sympathy flowers same day delivery,10,0,,,,
Sunnyvale,floristry,sympathy,funeral flowers same day delivery,0,0,,,,
Sunnyvale,floristry,delivery,flower bouquet delivery same day,10,0,HIGH,100,,
Sunnyvale,floristry,delivery,same day delivery flower bouquet,10,0,HIGH,100,,
Sunnyvale,floristry,delivery,local flower delivery same day,0,0,,,,
Sunnyvale,floristry,delivery,florist flower delivery,10,0,,,,
Sunnyvale,floristry,delivery,online flower bouquet delivery,10,0,,,,
Sunnyvale,floristry,delivery,send flowers online same day,0,0,,,,
Sunnyvale,floristry,delivery,flower bouquet same day delivery,0,0,,,,
Santa Monica,water_heater,replacement,water heater replacement,10,0,MEDIUM,46,,
Santa Monica,water_heater,replacement,water heater replacement near me,10,0,LOW,0,,
Santa Monica,water_heater,replacement,replace water heater,10,0,MEDIUM,46,,
Santa Monica,water_heater,replacement,replace water heater near me,10,0,LOW,0,,
Santa Monica,water_heater,replacement,water heater replacement service,10,0,,,,
Santa Monica,water_heater,replacement,water heater replacement services,10,0,,,,
Santa Monica,water_heater,replacement,water heater replacement company,0,0,,,,
Santa Monica,water_heater,replacement,water heater replacement contractor,0,0,,,,
Santa Monica,water_heater,replacement,water heater replacement contractors,0,0,,,,
Santa Monica,water_heater,replacement,water heater replacement installer,0,0,,,,
Santa Monica,water_heater,replacement,water heater replacement installers,0,0,,,,
Santa Monica,water_heater,replacement,local water heater replacement,0,0,,,,
Santa Monica,water_heater,replacement,professional water heater replacement,0,0,,,,
Santa Monica,water_heater,replacement,residential water heater replacement,0,0,,,,
Santa Monica,water_heater,replacement,home water heater replacement,0,0,,,,
Santa Monica,water_heater,replacement,hot water heater replacement,10,0,LOW,0,,
Santa Monica,water_heater,replacement,hot water heater replacement near me,10,0,,,,
Santa Monica,water_heater,replacement,water heater change out,0,0,,,,
Santa Monica,water_heater,replacement,water heater changeout,0,0,,,,
Santa Monica,water_heater,replacement,water heater swap,0,0,,,,
Santa Monica,water_heater,installation,water heater installation,10,29.28,LOW,6,,
Santa Monica,water_heater,installation,water heater installation near me,10,0,LOW,2,,
Santa Monica,water_heater,installation,water heater installation service,10,0,,,,
Santa Monica,water_heater,installation,water heater installation services,10,0,,,,
Santa Monica,water_heater,installation,water heater installation company,0,0,,,,
Santa Monica,water_heater,installation,water heater installation contractor,10,0,,,,
Santa Monica,water_heater,installation,water heater installation contractors,10,0,,,,
Santa Monica,water_heater,installation,water heater installer,10,29.28,LOW,6,,
Santa Monica,water_heater,installation,water heater installers,10,29.28,LOW,6,,
Santa Monica,water_heater,installation,water heater installer near me,10,0,LOW,2,,
Santa Monica,water_heater,installation,local water heater installer,0,0,,,,
Santa Monica,water_heater,installation,professional water heater installation,10,0,,,,
Santa Monica,water_heater,installation,residential water heater installation,0,0,,,,
Santa Monica,water_heater,installation,home water heater installation,0,0,,,,
Santa Monica,water_heater,installation,hot water heater installation,10,0,,,,
Santa Monica,water_heater,installation,hot water heater installer,10,0,,,,
Santa Monica,water_heater,cost,water heater replacement cost,10,6.02,HIGH,82,,
Santa Monica,water_heater,cost,cost to replace water heater,10,6.02,HIGH,82,,
Santa Monica,water_heater,cost,how much to replace water heater,10,0,HIGH,81,,
Santa Monica,water_heater,cost,water heater installation cost,10,0,,,,
Santa Monica,water_heater,cost,cost to install water heater,10,0,,,,
Santa Monica,water_heater,cost,water heater replacement estimate,0,0,,,,
Santa Monica,water_heater,cost,water heater installation estimate,0,0,,,,
Santa Monica,water_heater,cost,water heater replacement quote,0,0,,,,
Santa Monica,water_heater,cost,water heater installation quote,0,0,,,,
Santa Monica,water_heater,cost,water heater replacement price,0,0,,,,
Santa Monica,water_heater,cost,water heater installation price,0,0,,,,
Santa Monica,water_heater,same_day,same day water heater replacement,0,0,,,,
Santa Monica,water_heater,same_day,same day water heater installation,10,0,,,,
Santa Monica,water_heater,same_day,same day water heater installer,0,0,,,,
Santa Monica,water_heater,same_day,emergency water heater replacement,0,0,,,,
Santa Monica,water_heater,same_day,emergency water heater installation,0,0,,,,
Santa Monica,water_heater,same_day,urgent water heater replacement,0,0,,,,
Santa Monica,water_heater,same_day,24 hour water heater replacement,0,0,,,,
Santa Monica,water_heater,same_day,water heater replacement today,0,0,,,,
Santa Monica,water_heater,tank,tank water heater replacement,10,0,MEDIUM,43,,
Santa Monica,water_heater,tank,tank water heater installation,10,0,,,,
Santa Monica,water_heater,tank,tank water heater installer,0,0,,,,
Santa Monica,water_heater,tank,storage tank water heater replacement,0,0,,,,
Santa Monica,water_heater,tank,standard water heater replacement,0,0,,,,
Santa Monica,water_heater,tank,conventional water heater replacement,0,0,,,,
Santa Monica,water_heater,tankless,tankless water heater replacement,10,0,,,,
Santa Monica,water_heater,tankless,tankless water heater replacement near me,0,0,,,,
Santa Monica,water_heater,tankless,tankless water heater installation,10,0,LOW,12,,
Santa Monica,water_heater,tankless,tankless water heater installation near me,10,0,,,,
Santa Monica,water_heater,tankless,tankless water heater installer,10,0,LOW,12,,
Santa Monica,water_heater,tankless,tankless water heater installer near me,10,0,,,,
Santa Monica,water_heater,tankless,tankless water heater installation cost,10,0,MEDIUM,43,,
Santa Monica,water_heater,tankless,cost to install tankless water heater,10,0,MEDIUM,43,,
Santa Monica,water_heater,tankless,cost to replace tankless water heater,10,0,MEDIUM,43,,
Santa Monica,water_heater,gas,gas water heater replacement,10,0,HIGH,86,,
Santa Monica,water_heater,gas,gas water heater replacement near me,0,0,,,,
Santa Monica,water_heater,gas,gas water heater installation,10,0,LOW,0,,
Santa Monica,water_heater,gas,gas water heater installer,10,0,LOW,0,,
Santa Monica,water_heater,gas,gas water heater installation cost,10,0,LOW,0,,
Santa Monica,water_heater,gas,cost to replace gas water heater,0,0,,,,
Santa Monica,water_heater,electric,electric water heater replacement,10,0,,,,
Santa Monica,water_heater,electric,electric water heater replacement near me,0,0,,,,
Santa Monica,water_heater,electric,electric water heater installation,10,0,,,,
Santa Monica,water_heater,electric,electric water heater installer,10,0,,,,
Santa Monica,water_heater,electric,electric water heater installation cost,10,0,,,,
Santa Monica,water_heater,electric,cost to replace electric water heater,10,0,,,,
Santa Monica,water_heater,heat_pump,heat pump water heater replacement,10,0,,,,
Santa Monica,water_heater,heat_pump,heat pump water heater installation,10,0,LOW,0,,
Santa Monica,water_heater,heat_pump,heat pump water heater installer,10,0,LOW,0,,
Santa Monica,water_heater,heat_pump,heat pump water heater installation near me,0,0,,,,
Santa Monica,water_heater,heat_pump,heat pump water heater installation cost,10,0,,,,
Santa Monica,water_heater,heat_pump,hybrid water heater replacement,0,0,,,,
Santa Monica,water_heater,heat_pump,hybrid water heater installation,0,0,,,,
Santa Monica,water_heater,heat_pump,hybrid water heater installer,0,0,,,,
Santa Monica,water_heater,conversion,tank to tankless water heater conversion,0,0,,,,
Santa Monica,water_heater,conversion,convert tank water heater to tankless,0,0,,,,
Santa Monica,water_heater,conversion,gas to electric water heater conversion,0,0,,,,
Santa Monica,water_heater,conversion,electric to gas water heater conversion,0,0,,,,
Santa Monica,water_heater,problem,replace leaking water heater,0,0,,,,
Santa Monica,water_heater,problem,leaking water heater replacement,0,0,,,,
Santa Monica,water_heater,problem,replace broken water heater,0,0,,,,
Santa Monica,water_heater,problem,broken water heater replacement,0,0,,,,
Santa Monica,water_heater,problem,no hot water water heater replacement,0,0,,,,
Santa Monica,painting_interior,core,interior painters,10,0,LOW,0,,
Santa Monica,painting_interior,core,interior painter,10,0,LOW,0,,
Santa Monica,painting_interior,core,interior painters near me,10,0,,,,
Santa Monica,painting_interior,core,interior house painters,10,0,LOW,0,,
Santa Monica,painting_interior,core,interior house painter,0,0,,,,
Santa Monica,painting_interior,core,interior home painters,0,0,,,,
Santa Monica,painting_interior,core,interior wall painters,0,0,,,,
Santa Monica,painting_interior,core,inside house painters,0,0,,,,
Santa Monica,painting_interior,core,indoor house painters,0,0,,,,
Santa Monica,painting_interior,service,interior painting,10,0,LOW,0,,
Santa Monica,painting_interior,service,interior house painting,0,0,,,,
Santa Monica,painting_interior,service,interior home painting,0,0,,,,
Santa Monica,painting_interior,service,interior wall painting,10,0,,,,
Santa Monica,painting_interior,service,interior painting services,10,0,LOW,29,,
Santa Monica,painting_interior,service,interior house painting services,10,0,,,,
Santa Monica,painting_interior,service,interior wall painting services,0,0,,,,
Santa Monica,painting_interior,service,residential interior painting,0,0,,,,
Santa Monica,painting_interior,service,residential interior painting services,0,0,,,,
Santa Monica,painting_interior,provider,interior painting company,10,0,,,,
Santa Monica,painting_interior,provider,interior painting companies,10,0,,,,
Santa Monica,painting_interior,provider,interior painting company near me,0,0,,,,
Santa Monica,painting_interior,provider,interior painting contractor,10,0,,,,
Santa Monica,painting_interior,provider,interior painting contractors,10,0,,,,
Santa Monica,painting_interior,provider,interior painting contractors near me,10,0,,,,
Santa Monica,painting_interior,provider,interior wall painting contractors,0,0,,,,
Santa Monica,painting_interior,provider,local interior painters,10,0,,,,
Santa Monica,painting_interior,provider,professional interior painters,0,0,,,,
Santa Monica,painting_interior,provider,professional interior painting,0,0,,,,
Santa Monica,painting_interior,cost,interior painting cost,10,0,LOW,0,,
Santa Monica,painting_interior,cost,interior house painting cost,10,0,LOW,14,,
Santa Monica,painting_interior,cost,cost to paint house interior,10,0,LOW,14,,
Santa Monica,painting_interior,cost,cost to paint interior walls,0,0,,,,
Santa Monica,painting_interior,cost,interior painting estimate,0,0,,,,
Santa Monica,painting_interior,cost,interior painting quote,0,0,,,,
Santa Monica,painting_interior,cost,interior house painting estimate,0,0,,,,
Santa Monica,painting_interior,cost,interior house painting quote,0,0,,,,
Santa Monica,painting_interior,cost,interior painter cost,10,0,LOW,0,,
Santa Monica,painting_interior,cost,interior painting prices,10,0,LOW,0,,
Santa Monica,painting_interior,rooms,whole house interior painting,0,0,,,,
Santa Monica,painting_interior,rooms,home interior wall painting,0,0,,,,
Santa Monica,painting_interior,rooms,room painting services,0,0,,,,
Santa Monica,painting_interior,rooms,living room painters,0,0,,,,
Santa Monica,painting_interior,rooms,bedroom painters,0,0,,,,
Santa Monica,painting_interior,rooms,kitchen painters,0,0,,,,
Santa Monica,painting_interior,rooms,bathroom painters,0,0,,,,
Santa Monica,painting_interior,rooms,ceiling painters,0,0,,,,
Santa Monica,painting_interior,rooms,ceiling painting services,0,0,,,,
Santa Monica,painting_interior,rooms,trim painting services,0,0,,,,
Santa Monica,painting_interior,rooms,baseboard painting services,0,0,,,,
Santa Monica,painting_interior,rooms,cabinet painting services,10,0,,,,
Santa Monica,painting_exterior,core,exterior painters,10,0,,,,
Santa Monica,painting_exterior,core,exterior painter,10,0,,,,
Santa Monica,painting_exterior,core,exterior painters near me,10,0,,,,
Santa Monica,painting_exterior,core,exterior house painters,10,0,,,,
Santa Monica,painting_exterior,core,exterior house painter,10,0,,,,
Santa Monica,painting_exterior,core,exterior home painters,0,0,,,,
Santa Monica,painting_exterior,core,outside house painters,10,0,,,,
Santa Monica,painting_exterior,service,exterior painting,10,0,,,,
Santa Monica,painting_exterior,service,exterior house painting,10,0,,,,
Santa Monica,painting_exterior,service,exterior home painting,0,0,,,,
Santa Monica,painting_exterior,service,exterior wall painting,10,0,,,,
Santa Monica,painting_exterior,service,exterior painting services,10,0,,,,
Santa Monica,painting_exterior,service,exterior house painting services,10,0,,,,
Santa Monica,painting_exterior,service,residential exterior painting,0,0,,,,
Santa Monica,painting_exterior,service,residential exterior painting services,0,0,,,,
Santa Monica,painting_exterior,provider,exterior painting company,10,0,,,,
Santa Monica,painting_exterior,provider,exterior painting companies,10,0,,,,
Santa Monica,painting_exterior,provider,exterior painting company near me,10,0,LOW,0,,
Santa Monica,painting_exterior,provider,exterior painting contractor,10,0,LOW,0,,
Santa Monica,painting_exterior,provider,exterior painting contractors,10,0,LOW,0,,
Santa Monica,painting_exterior,provider,exterior painting contractors near me,10,0,LOW,0,,
Santa Monica,painting_exterior,provider,local exterior painters,0,0,,,,
Santa Monica,painting_exterior,provider,professional exterior painters,0,0,,,,
Santa Monica,painting_exterior,provider,professional exterior painting,0,0,,,,
Santa Monica,painting_exterior,cost,exterior painting cost,10,0,,,,
Santa Monica,painting_exterior,cost,exterior house painting cost,10,0,,,,
Santa Monica,painting_exterior,cost,cost to paint house exterior,10,0,,,,
Santa Monica,painting_exterior,cost,cost to paint exterior walls,0,0,,,,
Santa Monica,painting_exterior,cost,exterior painting estimate,10,0,,,,
Santa Monica,painting_exterior,cost,exterior painting quote,0,0,,,,
Santa Monica,painting_exterior,cost,exterior house painting estimate,0,0,,,,
Santa Monica,painting_exterior,cost,exterior house painting quote,0,0,,,,
Santa Monica,painting_exterior,cost,exterior painter cost,10,0,,,,
Santa Monica,painting_exterior,cost,exterior painting prices,10,0,,,,
Santa Monica,painting_exterior,surface,stucco painting,10,0,LOW,0,,
Santa Monica,painting_exterior,surface,stucco painters,10,0,LOW,0,,
Santa Monica,painting_exterior,surface,stucco painting services,0,0,,,,
Santa Monica,painting_exterior,surface,brick house painting,10,0,LOW,0,,
Santa Monica,painting_exterior,surface,siding painting,10,0,LOW,0,,
Santa Monica,painting_exterior,surface,siding painters,0,0,,,,
Santa Monica,painting_exterior,surface,wood siding painting,10,0,,,,
Santa Monica,painting_exterior,surface,house trim painting,0,0,,,,
Santa Monica,painting_exterior,surface,front door painting service,0,0,,,,
Santa Monica,painting_exterior,surface,garage door painting service,10,0,,,,
Santa Monica,painting_general,core,house painters,10,0,,,,
Santa Monica,painting_general,core,house painter,10,0,,,,
Santa Monica,painting_general,core,house painters near me,10,0,LOW,30,,
Santa Monica,painting_general,core,home painters,0,0,,,,
Santa Monica,painting_general,core,residential painters,10,0,,,,
Santa Monica,painting_general,core,residential painters near me,10,0,,,,
Santa Monica,painting_general,service,house painting,10,0,MEDIUM,36,,
Santa Monica,painting_general,service,house painting services,10,0,,,,
Santa Monica,painting_general,service,home painting services,10,0,,,,
Santa Monica,painting_general,service,residential painting,10,0,,,,
Santa Monica,painting_general,service,residential painting services,10,0,,,,
Santa Monica,painting_general,provider,painting company,10,0,,,,
Santa Monica,painting_general,provider,painting companies,10,0,,,,
Santa Monica,painting_general,provider,painting company near me,10,0,MEDIUM,63,,
Santa Monica,painting_general,provider,painting contractor,10,0,LOW,18,,
Santa Monica,painting_general,provider,painting contractors,10,0,LOW,18,,
Santa Monica,painting_general,provider,painting contractors near me,10,0,MEDIUM,43,,
Santa Monica,painting_general,provider,local painting company,0,0,,,,
Santa Monica,painting_general,provider,local house painters,10,0,,,,
Santa Monica,painting_general,provider,professional house painters,10,0,LOW,0,,
Santa Monica,painting_general,cost,house painting cost,10,0,HIGH,86,,
Santa Monica,painting_general,cost,cost to paint a house,10,0,HIGH,86,,
Santa Monica,painting_general,cost,house painting estimate,10,0,,,,
Santa Monica,painting_general,cost,house painting quote,0,0,,,,
Santa Monica,painting_general,cost,painting estimate,10,0,,,,
Santa Monica,painting_general,cost,painting quote,10,0,LOW,21,,
Santa Monica,painting_general,cost,free painting estimate,0,0,,,,
Santa Monica,wallpaper,core,wallpaper installer,10,0,MEDIUM,35,,
Santa Monica,wallpaper,core,wallpaper installers,10,0,MEDIUM,35,,
Santa Monica,wallpaper,core,wallpaper installer near me,10,0,LOW,25,,
Santa Monica,wallpaper,core,wallpaper installation,10,0,MEDIUM,35,,
Santa Monica,wallpaper,core,wallpaper installation near me,10,0,LOW,25,,
Santa Monica,wallpaper,core,wallpaper installation service,10,0,,,,
Santa Monica,wallpaper,core,wallpaper installation services,10,0,,,,
Santa Monica,wallpaper,core,wallpaper hanging,0,0,,,,
Santa Monica,wallpaper,core,wallpaper hanging near me,10,0,,,,
Santa Monica,wallpaper,core,wallpaper hanging service,0,0,,,,
Santa Monica,wallpaper,core,wallpaper hanging services,0,0,,,,
Santa Monica,wallpaper,core,wallpaper hanger,0,0,,,,
Santa Monica,wallpaper,core,wallpaper hangers,0,0,,,,
Santa Monica,wallpaper,core,wallpaper hanger near me,10,0,,,,
Santa Monica,wallpaper,provider,wallpaper installation company,10,0,,,,
Santa Monica,wallpaper,provider,wallpaper installation contractor,0,0,,,,
Santa Monica,wallpaper,provider,wallpaper installation contractors,0,0,,,,
Santa Monica,wallpaper,provider,professional wallpaper installer,10,0,,,,
Santa Monica,wallpaper,provider,professional wallpaper installer near me,10,0,,,,
Santa Monica,wallpaper,provider,professional wallpaper installation,10,0,,,,
Santa Monica,wallpaper,provider,professional wallpaper hanging,0,0,,,,
Santa Monica,wallpaper,provider,local wallpaper installer,0,0,,,,
Santa Monica,wallpaper,provider,hire wallpaper installer,0,0,,,,
Santa Monica,wallpaper,cost,wallpaper installer cost,10,0,MEDIUM,43,,
Santa Monica,wallpaper,cost,wallpaper installation cost,10,0,MEDIUM,43,,
Santa Monica,wallpaper,cost,cost to install wallpaper,10,0,MEDIUM,43,,
Santa Monica,wallpaper,cost,wallpaper hanging cost,10,0,,,,
Santa Monica,wallpaper,cost,cost to hang wallpaper,10,0,,,,
Santa Monica,wallpaper,cost,wallpaper installation estimate,0,0,,,,
Santa Monica,wallpaper,cost,wallpaper installation quote,0,0,,,,
Santa Monica,wallpaper,cost,wallpaper installer prices,0,0,,,,
Santa Monica,wallpaper,cost,professional wallpaper installer cost,0,0,,,,
Santa Monica,wallpaper,type,peel and stick wallpaper installer,10,0,,,,
Santa Monica,wallpaper,type,peel and stick wallpaper installation,10,0,,,,
Santa Monica,wallpaper,type,mural wallpaper installer,0,0,,,,
Santa Monica,wallpaper,type,wall mural installation,0,0,,,,
Santa Monica,wallpaper,type,grasscloth wallpaper installer,0,0,,,,
Santa Monica,wallpaper,type,grasscloth wallpaper installation,0,0,,,,
Santa Monica,wallpaper,type,textured wallpaper installation,0,0,,,,
Santa Monica,wallpaper,type,vinyl wallpaper installation,0,0,,,,
Santa Monica,wallpaper,type,custom wallpaper installation,0,0,,,,
Santa Monica,wallpaper,type,residential wallpaper installation,0,0,,,,
Santa Monica,floristry,occasion,birthday flowers,20,9.78,HIGH,100,4.82,11.86
Santa Monica,floristry,delivery,flower delivery,210,12.84,HIGH,100,5.23,12.79
Santa Monica,floristry,core,flowers,720,7.08,HIGH,99,3.79,11.47
Santa Monica,floristry,custom,personalized bouquets from local florists,0,0,,,,
Santa Monica,floristry,roses,rose bouquets,10,4.17,HIGH,100,,
Santa Monica,floristry,delivery,same day flower delivery,50,13.01,HIGH,100,5.43,12.32
Santa Monica,floristry,occasion,sympathy flowers,10,11.93,HIGH,100,7.2,9.54
Santa Monica,floristry,wedding,wedding flowers,10,0,HIGH,81,,
Santa Monica,floristry,occasion,anniversary flowers,10,0,HIGH,100,,
Santa Monica,floristry,occasion,apology flowers,10,0,,,,
Santa Monica,floristry,wedding,bridal bouquets,10,0.67,HIGH,97,,
Santa Monica,floristry,occasion,congratulations flowers,10,0,HIGH,100,,
Santa Monica,floristry,corporate,corporate flowers,10,0,,,,
Santa Monica,floristry,custom,custom bouquets,10,0,HIGH,100,,
Santa Monica,floristry,event,event flower arrangements,10,0,,,,
Santa Monica,floristry,wedding,flowers for newlyweds,0,0,,,,
Santa Monica,floristry,occasion,get well flowers,10,0,,,,
Santa Monica,floristry,occasion,housewarming flowers,10,0,,,,
Santa Monica,floristry,occasion,just because flowers,10,0,,,,
Santa Monica,floristry,luxury,luxury bouquets,10,0,HIGH,100,,
Santa Monica,floristry,occasion,new baby flowers,10,0,HIGH,100,,
Santa Monica,floristry,occasion,romantic flowers,10,0,LOW,14,,
Santa Monica,floristry,occasion,thank you flowers,10,0,HIGH,100,,
Santa Monica,floristry,wedding,bridal bouquet,10,0.67,HIGH,97,,
Santa Monica,floristry,event,event flowers,0,0,,,,
Santa Monica,floristry,event,floral centerpieces,10,0,,,,
Santa Monica,floristry,core,florist,320,3.78,LOW,16,5.1,11.25
Santa Monica,floristry,event,flower centerpieces,10,0,,,,
Santa Monica,floristry,core,flower shop,210,3.88,MEDIUM,50,2.49,6.98
Santa Monica,floristry,core,local florist,10,0,HIGH,100,,
Santa Monica,floristry,custom,personalized bouquets,10,0,HIGH,100,,
Santa Monica,floristry,roses,rose bouquet,10,4.17,HIGH,100,,
Santa Monica,floristry,roses,roses,260,2.95,MEDIUM,49,0.99,9.24
Santa Monica,floristry,delivery,send flowers,30,10.01,HIGH,100,4.47,10.79
Santa Monica,floristry,event,table flower arrangements,10,0,HIGH,100,,
Santa Monica,floristry,wedding,wedding gift flowers,10,0,,,,
Santa Monica,water_heater,tankless,tankless water heater cost,10,0,HIGH,86,,
Santa Monica,water_heater,cost,water heater cost,10,0,,,,
Santa Monica,water_heater,cost,hot water heater replacement cost,10,0,,,,
Santa Monica,water_heater,cost,hot water heater cost,10,9.41,HIGH,100,,
Santa Monica,water_heater,tankless,tankless water heater installation gas,10,0,,,,
Santa Monica,water_heater,installation,tank water heater install,10,0,,,,
Santa Monica,water_heater,replacement,water heater service,10,0,,,,
Santa Monica,water_heater,tankless,tankless electric water heater installation,10,0,,,,
Santa Monica,water_heater,tankless,tankless water heater replacement cost,10,0,MEDIUM,43,,
Santa Monica,water_heater,tankless,tankless water heater price,10,0,,,,
Santa Monica,water_heater,tankless,electric tankless water heater cost,10,0,,,,
Santa Monica,water_heater,tankless,tankless water heater service,10,0,,,,
Santa Monica,water_heater,tankless,replace tankless water heater,10,0,,,,
Santa Monica,water_heater,cost,hot water heater installation cost,0,0,,,,
Santa Monica,water_heater,electric,electric water heater cost,10,0,,,,
Santa Monica,water_heater,electric,electric water heater replacement cost,10,0,,,,
Santa Monica,water_heater,gas,gas water heater cost,10,0,,,,
Santa Monica,water_heater,heat_pump,heat pump water heater cost,10,0,,,,
Santa Monica,water_heater,tankless,propane tankless water heater installation,0,0,,,,
Santa Monica,water_heater,tankless,tankless water heater installation services,10,0,,,,
Santa Monica,water_heater,tankless,tankless gas water heater cost,10,0,,,,
Santa Monica,water_heater,tankless,gas tankless water heater cost,10,0,,,,
Santa Monica,water_heater,gas,gas hot water heater cost,0,0,,,,
Santa Monica,water_heater,electric,electric hot water heater installation cost,0,0,,,,
Santa Monica,water_heater,gas,gas hot water heater installation,0,0,,,,
Santa Monica,water_heater,electric,electric hot water heater installation,0,0,,,,
Santa Monica,water_heater,tankless,natural gas tankless water heater installation,0,0,,,,
Santa Monica,water_heater,tankless,gas tankless hot water heater installation,0,0,,,,
Santa Monica,water_heater,electric,hot water heater installation electric,0,0,,,,
Santa Monica,water_heater,tankless,tankless water heater company,10,0,,,,
Santa Monica,water_heater,tankless,cost to install electric tankless hot water heater,0,0,,,,
Santa Monica,painting_interior,service,interior door painting services,0,0,,,,
Santa Monica,painting_interior,provider,house interior painting contractors,10,0,,,,
Santa Monica,painting_interior,provider,interior home painting company,0,0,,,,
Santa Monica,painting_interior,provider,interior house painting companies,0,0,,,,
Santa Monica,painting_interior,cost,interior house painting estimates,0,0,,,,
Santa Monica,painting_interior,service,cheap interior painters,0,0,,,,
Santa Monica,painting_interior,provider,interior home painting contractors,0,0,,,,
Santa Monica,painting_interior,cost,interior home painting estimate,0,0,,,,
Santa Monica,painting_interior,service,home interior painting services,0,0,,,,
Santa Monica,painting_interior,cost,interior painters quotes,0,0,,,,
Santa Monica,painting_interior,service,residential house interior painting,0,0,,,,
Santa Monica,painting_exterior,service,painting services,10,0,,,,
Santa Monica,painting_exterior,service,local painting services,0,0,,,,
Santa Monica,painting_exterior,residential,professional house painter,10,0,LOW,0,,
Santa Monica,painting_exterior,provider,house painting contractors,10,0,,,,
Santa Monica,painting_exterior,provider,professional painting contractors,10,0,,,,
Santa Monica,painting_exterior,provider,local painting contractors,10,0,,,,
Santa Monica,painting_exterior,provider,house exterior painting contractor,10,0,,,,
Santa Monica,painting_exterior,service,exterior painting professional,0,0,,,,
Santa Monica,painting_exterior,provider,professional house painting contractor,10,0,,,,
Santa Monica,painting_exterior,provider,professional house painting contractors,10,0,,,,
Santa Monica,painting_exterior,residential,professional exterior house painters,0,0,,,,
Santa Monica,painting_exterior,residential,professional home painters,0,0,,,,
Santa Monica,painting_exterior,residential,professional residential painters,0,0,,,,
Santa Monica,floristry,occasion,valentines flowers,90,0,,,,
Santa Monica,floristry,arrangements,flower bouquet,30,0,HIGH,100,,
Santa Monica,floristry,sympathy,funeral flowers,20,7.5,HIGH,100,,
Santa Monica,floristry,sympathy,funeral flower arrangements,10,0,HIGH,100,5.15,8.34
Santa Monica,floristry,arrangements,flower bouquet near me,10,2.36,HIGH,91,,
Santa Monica,floristry,delivery,flower delivery service,10,6.23,HIGH,100,3.66,12.3
Santa Monica,floristry,wedding_event,boutonniere wedding,10,0,HIGH,83,,
Santa Monica,floristry,delivery,flower delivery services online,10,0,,,,
Santa Monica,floristry,delivery,online flower delivery,10,0,,,,
Santa Monica,floristry,delivery,cheap flower delivery,10,1.56,HIGH,100,,
Santa Monica,floristry,core,same day flowers,10,13.87,HIGH,75,,
Santa Monica,floristry,delivery,deliver flowers,210,12.84,HIGH,100,5.23,12.79
Santa Monica,floristry,delivery,send flowers online,10,10.56,HIGH,100,,
Santa Monica,floristry,sympathy,funeral flowers delivery,10,0,,,,
Santa Monica,floristry,wedding_event,corsage flower,10,0,HIGH,100,,
Santa Monica,floristry,occasion,mother's day flower delivery,10,0,,,,
Santa Monica,floristry,delivery,best flower delivery,10,18.28,HIGH,100,,
Santa Monica,floristry,delivery,flower bouquet delivery,10,4.87,HIGH,100,,
Santa Monica,floristry,wedding_event,wedding flower bouquets,10,0,LOW,0,,
Santa Monica,floristry,delivery,flower delivery today,10,4.43,HIGH,100,,
Santa Monica,floristry,delivery,local flower delivery,10,0,HIGH,100,,
Santa Monica,floristry,delivery,fresh flower delivery,10,0,HIGH,100,,
Santa Monica,floristry,sympathy,sympathy flowers delivery,10,14.17,HIGH,100,,
Santa Monica,floristry,delivery,best online flower delivery,10,0,LOW,0,,
Santa Monica,floristry,occasion,valentines flower bouquet,10,0,,,,
Santa Monica,floristry,occasion,mother's day flowers delivery,10,0,,,,
Santa Monica,floristry,arrangements,fresh flower bouquet,10,0,LOW,0,,
Santa Monica,floristry,wedding_event,rose bridal bouquet,10,0,HIGH,100,,
Santa Monica,floristry,delivery,flower delivery same day,50,13.01,HIGH,100,5.43,12.32
Santa Monica,floristry,delivery,best flower delivery services,10,0,,,,
Santa Monica,floristry,arrangements,custom flower bouquet,10,0,HIGH,100,,
Santa Monica,floristry,sympathy,sympathy flower arrangements,10,0,,,,
Santa Monica,floristry,core,florist flowers,10,0,,,,
Santa Monica,floristry,wedding_event,bridal bouquet fresh flowers,10,0,,,,
Santa Monica,floristry,wedding_event,wedding flowers delivery,10,0,,,,
Santa Monica,floristry,delivery,same day flower delivery service,10,0,,,,
Santa Monica,floristry,delivery,same day flower delivery services,10,0,,,,
Santa Monica,floristry,delivery,cheap same day flower delivery,10,0,,,,
Santa Monica,floristry,wedding_event,bridal bouquet flowers,0,0,,,,
Santa Monica,floristry,wedding_event,wedding bridal bouquet,0,0,,,,
Santa Monica,floristry,delivery,best same day flower delivery,10,0,,,,
Santa Monica,floristry,sympathy,sympathy flowers same day delivery,10,0,,,,
Santa Monica,floristry,sympathy,funeral flowers same day delivery,10,0,,,,
Santa Monica,floristry,delivery,flower bouquet delivery same day,10,4.37,HIGH,100,,
Santa Monica,floristry,delivery,same day delivery flower bouquet,10,4.37,HIGH,100,,
Santa Monica,floristry,delivery,local flower delivery same day,0,0,,,,
Santa Monica,floristry,delivery,florist flower delivery,10,0,,,,
Santa Monica,floristry,delivery,online flower bouquet delivery,0,0,,,,
Santa Monica,floristry,delivery,send flowers online same day,0,0,,,,
Santa Monica,floristry,delivery,flower bouquet same day delivery,0,0,,,,
Chula Vista,water_heater,replacement,water heater replacement,50,43.41,MEDIUM,56,17.8,44.44
Chula Vista,water_heater,replacement,water heater replacement near me,10,0,LOW,0,,
Chula Vista,water_heater,replacement,replace water heater,50,43.41,MEDIUM,56,17.8,44.44
Chula Vista,water_heater,replacement,replace water heater near me,10,0,LOW,0,,
Chula Vista,water_heater,replacement,water heater replacement service,0,0,,,,
Chula Vista,water_heater,replacement,water heater replacement services,0,0,,,,
Chula Vista,water_heater,replacement,water heater replacement company,0,0,,,,
Chula Vista,water_heater,replacement,water heater replacement contractor,10,0,,,,
Chula Vista,water_heater,replacement,water heater replacement contractors,10,0,,,,
Chula Vista,water_heater,replacement,water heater replacement installer,0,0,,,,
Chula Vista,water_heater,replacement,water heater replacement installers,0,0,,,,
Chula Vista,water_heater,replacement,local water heater replacement,0,0,,,,
Chula Vista,water_heater,replacement,professional water heater replacement,0,0,,,,
Chula Vista,water_heater,replacement,residential water heater replacement,0,0,,,,
Chula Vista,water_heater,replacement,home water heater replacement,0,0,,,,
Chula Vista,water_heater,replacement,hot water heater replacement,10,0,,,,
Chula Vista,water_heater,replacement,hot water heater replacement near me,10,0,,,,
Chula Vista,water_heater,replacement,water heater change out,0,0,,,,
Chula Vista,water_heater,replacement,water heater changeout,0,0,,,,
Chula Vista,water_heater,replacement,water heater swap,0,0,,,,
Chula Vista,water_heater,installation,water heater installation,10,7.71,MEDIUM,65,,
Chula Vista,water_heater,installation,water heater installation near me,10,0,LOW,0,,
Chula Vista,water_heater,installation,water heater installation service,10,0,LOW,29,,
Chula Vista,water_heater,installation,water heater installation services,10,0,LOW,29,,
Chula Vista,water_heater,installation,water heater installation company,10,0,,,,
Chula Vista,water_heater,installation,water heater installation contractor,10,0,,,,
Chula Vista,water_heater,installation,water heater installation contractors,10,0,,,,
Chula Vista,water_heater,installation,water heater installer,10,7.71,MEDIUM,65,,
Chula Vista,water_heater,installation,water heater installers,10,7.71,MEDIUM,65,,
Chula Vista,water_heater,installation,water heater installer near me,10,0,LOW,0,,
Chula Vista,water_heater,installation,local water heater installer,0,0,,,,
Chula Vista,water_heater,installation,professional water heater installation,10,0,LOW,0,,
Chula Vista,water_heater,installation,residential water heater installation,10,0,,,,
Chula Vista,water_heater,installation,home water heater installation,0,0,,,,
Chula Vista,water_heater,installation,hot water heater installation,10,0,LOW,0,,
Chula Vista,water_heater,installation,hot water heater installer,10,0,LOW,0,,
Chula Vista,water_heater,cost,water heater replacement cost,40,8.9,MEDIUM,64,5.74,22.81
Chula Vista,water_heater,cost,cost to replace water heater,40,8.9,MEDIUM,64,5.74,22.81
Chula Vista,water_heater,cost,how much to replace water heater,10,4.79,MEDIUM,46,2.48,12.15
Chula Vista,water_heater,cost,water heater installation cost,10,7.04,MEDIUM,57,6.67,18.82
Chula Vista,water_heater,cost,cost to install water heater,10,7.04,MEDIUM,57,6.67,18.82
Chula Vista,water_heater,cost,water heater replacement estimate,0,0,,,,
Chula Vista,water_heater,cost,water heater installation estimate,10,0,,,,
Chula Vista,water_heater,cost,water heater replacement quote,10,0,,,,
Chula Vista,water_heater,cost,water heater installation quote,10,0,,,,
Chula Vista,water_heater,cost,water heater replacement price,10,0,,,,
Chula Vista,water_heater,cost,water heater installation price,10,0,,,,
Chula Vista,water_heater,same_day,same day water heater replacement,10,0,,,,
Chula Vista,water_heater,same_day,same day water heater installation,10,48.29,HIGH,100,,
Chula Vista,water_heater,same_day,same day water heater installer,0,0,,,,
Chula Vista,water_heater,same_day,emergency water heater replacement,10,0,,,,
Chula Vista,water_heater,same_day,emergency water heater installation,0,0,,,,
Chula Vista,water_heater,same_day,urgent water heater replacement,0,0,,,,
Chula Vista,water_heater,same_day,24 hour water heater replacement,0,0,,,,
Chula Vista,water_heater,same_day,water heater replacement today,0,0,,,,
Chula Vista,water_heater,tank,tank water heater replacement,10,0,,,,
Chula Vista,water_heater,tank,tank water heater installation,10,0,,,,
Chula Vista,water_heater,tank,tank water heater installer,0,0,,,,
Chula Vista,water_heater,tank,storage tank water heater replacement,0,0,,,,
Chula Vista,water_heater,tank,standard water heater replacement,0,0,,,,
Chula Vista,water_heater,tank,conventional water heater replacement,0,0,,,,
Chula Vista,water_heater,tankless,tankless water heater replacement,10,6.32,LOW,26,,
Chula Vista,water_heater,tankless,tankless water heater replacement near me,10,0,,,,
Chula Vista,water_heater,tankless,tankless water heater installation,30,32.5,MEDIUM,61,,
Chula Vista,water_heater,tankless,tankless water heater installation near me,10,10.54,HIGH,79,,
Chula Vista,water_heater,tankless,tankless water heater installer,30,32.5,MEDIUM,61,,
Chula Vista,water_heater,tankless,tankless water heater installer near me,10,10.54,HIGH,79,,
Chula Vista,water_heater,tankless,tankless water heater installation cost,20,0,MEDIUM,37,,
Chula Vista,water_heater,tankless,cost to install tankless water heater,20,0,MEDIUM,37,,
Chula Vista,water_heater,tankless,cost to replace tankless water heater,20,0,MEDIUM,37,,
Chula Vista,water_heater,gas,gas water heater replacement,10,0,,,,
Chula Vista,water_heater,gas,gas water heater replacement near me,0,0,,,,
Chula Vista,water_heater,gas,gas water heater installation,10,0,,,,
Chula Vista,water_heater,gas,gas water heater installer,10,0,,,,
Chula Vista,water_heater,gas,gas water heater installation cost,10,0,,,,
Chula Vista,water_heater,gas,cost to replace gas water heater,10,0,,,,
Chula Vista,water_heater,electric,electric water heater replacement,10,0,,,,
Chula Vista,water_heater,electric,electric water heater replacement near me,0,0,,,,
Chula Vista,water_heater,electric,electric water heater installation,10,0,,,,
Chula Vista,water_heater,electric,electric water heater installer,10,0,,,,
Chula Vista,water_heater,electric,electric water heater installation cost,10,4.92,HIGH,86,,
Chula Vista,water_heater,electric,cost to replace electric water heater,10,0,LOW,0,,
Chula Vista,water_heater,heat_pump,heat pump water heater replacement,0,0,,,,
Chula Vista,water_heater,heat_pump,heat pump water heater installation,10,0,LOW,0,,
Chula Vista,water_heater,heat_pump,heat pump water heater installer,10,0,LOW,0,,
Chula Vista,water_heater,heat_pump,heat pump water heater installation near me,0,0,,,,
Chula Vista,water_heater,heat_pump,heat pump water heater installation cost,10,0,,,,
Chula Vista,water_heater,heat_pump,hybrid water heater replacement,0,0,,,,
Chula Vista,water_heater,heat_pump,hybrid water heater installation,10,0,LOW,0,,
Chula Vista,water_heater,heat_pump,hybrid water heater installer,10,0,LOW,0,,
Chula Vista,water_heater,conversion,tank to tankless water heater conversion,0,0,,,,
Chula Vista,water_heater,conversion,convert tank water heater to tankless,0,0,,,,
Chula Vista,water_heater,conversion,gas to electric water heater conversion,0,0,,,,
Chula Vista,water_heater,conversion,electric to gas water heater conversion,0,0,,,,
Chula Vista,water_heater,problem,replace leaking water heater,0,0,,,,
Chula Vista,water_heater,problem,leaking water heater replacement,0,0,,,,
Chula Vista,water_heater,problem,replace broken water heater,0,0,,,,
Chula Vista,water_heater,problem,broken water heater replacement,0,0,,,,
Chula Vista,water_heater,problem,no hot water water heater replacement,0,0,,,,
Chula Vista,painting_interior,core,interior painters,10,17.17,LOW,24,,
Chula Vista,painting_interior,core,interior painter,10,17.17,LOW,24,,
Chula Vista,painting_interior,core,interior painters near me,10,6.54,HIGH,100,,
Chula Vista,painting_interior,core,interior house painters,10,17.17,LOW,24,,
Chula Vista,painting_interior,core,interior house painter,10,0,,,,
Chula Vista,painting_interior,core,interior home painters,10,0,LOW,0,,
Chula Vista,painting_interior,core,interior wall painters,0,0,,,,
Chula Vista,painting_interior,core,inside house painters,0,0,,,,
Chula Vista,painting_interior,core,indoor house painters,0,0,,,,
Chula Vista,painting_interior,service,interior painting,10,17.17,LOW,24,,
Chula Vista,painting_interior,service,interior house painting,10,0,,,,
Chula Vista,painting_interior,service,interior home painting,10,0,,,,
Chula Vista,painting_interior,service,interior wall painting,10,0,LOW,0,,
Chula Vista,painting_interior,service,interior painting services,10,0,LOW,0,,
Chula Vista,painting_interior,service,interior house painting services,10,0,LOW,0,,
Chula Vista,painting_interior,service,interior wall painting services,0,0,,,,
Chula Vista,painting_interior,service,residential interior painting,0,0,,,,
Chula Vista,painting_interior,service,residential interior painting services,10,0,,,,
Chula Vista,painting_interior,provider,interior painting company,10,0,LOW,0,,
Chula Vista,painting_interior,provider,interior painting companies,10,0,LOW,0,,
Chula Vista,painting_interior,provider,interior painting company near me,0,0,,,,
Chula Vista,painting_interior,provider,interior painting contractor,10,0,LOW,0,,
Chula Vista,painting_interior,provider,interior painting contractors,10,0,LOW,0,,
Chula Vista,painting_interior,provider,interior painting contractors near me,10,0,,,,
Chula Vista,painting_interior,provider,interior wall painting contractors,10,0,,,,
Chula Vista,painting_interior,provider,local interior painters,0,0,,,,
Chula Vista,painting_interior,provider,professional interior painters,0,0,,,,
Chula Vista,painting_interior,provider,professional interior painting,0,0,,,,
Chula Vista,painting_interior,cost,interior painting cost,10,0,LOW,0,,
Chula Vista,painting_interior,cost,interior house painting cost,10,0,LOW,0,,
Chula Vista,painting_interior,cost,cost to paint house interior,10,0,LOW,0,,
Chula Vista,painting_interior,cost,cost to paint interior walls,10,0,,,,
Chula Vista,painting_interior,cost,interior painting estimate,0,0,,,,
Chula Vista,painting_interior,cost,interior painting quote,10,0,,,,
Chula Vista,painting_interior,cost,interior house painting estimate,0,0,,,,
Chula Vista,painting_interior,cost,interior house painting quote,0,0,,,,
Chula Vista,painting_interior,cost,interior painter cost,10,0,LOW,0,,
Chula Vista,painting_interior,cost,interior painting prices,10,0,LOW,0,,
Chula Vista,painting_interior,rooms,whole house interior painting,0,0,,,,
Chula Vista,painting_interior,rooms,home interior wall painting,0,0,,,,
Chula Vista,painting_interior,rooms,room painting services,0,0,,,,
Chula Vista,painting_interior,rooms,living room painters,0,0,,,,
Chula Vista,painting_interior,rooms,bedroom painters,0,0,,,,
Chula Vista,painting_interior,rooms,kitchen painters,10,0,,,,
Chula Vista,painting_interior,rooms,bathroom painters,0,0,,,,
Chula Vista,painting_interior,rooms,ceiling painters,0,0,,,,
Chula Vista,painting_interior,rooms,ceiling painting services,0,0,,,,
Chula Vista,painting_interior,rooms,trim painting services,0,0,,,,
Chula Vista,painting_interior,rooms,baseboard painting services,0,0,,,,
Chula Vista,painting_interior,rooms,cabinet painting services,10,0,,,,
Chula Vista,painting_exterior,core,exterior painters,10,0,,,,
Chula Vista,painting_exterior,core,exterior painter,10,0,,,,
Chula Vista,painting_exterior,core,exterior painters near me,10,0,,,,
Chula Vista,painting_exterior,core,exterior house painters,10,0,,,,
Chula Vista,painting_exterior,core,exterior house painter,10,0,,,,
Chula Vista,painting_exterior,core,exterior home painters,0,0,,,,
Chula Vista,painting_exterior,core,outside house painters,10,0,,,,
Chula Vista,painting_exterior,service,exterior painting,10,0,,,,
Chula Vista,painting_exterior,service,exterior house painting,10,0,,,,
Chula Vista,painting_exterior,service,exterior home painting,0,0,,,,
Chula Vista,painting_exterior,service,exterior wall painting,10,0,,,,
Chula Vista,painting_exterior,service,exterior painting services,10,0,LOW,0,,
Chula Vista,painting_exterior,service,exterior house painting services,10,0,,,,
Chula Vista,painting_exterior,service,residential exterior painting,0,0,,,,
Chula Vista,painting_exterior,service,residential exterior painting services,0,0,,,,
Chula Vista,painting_exterior,provider,exterior painting company,10,0,,,,
Chula Vista,painting_exterior,provider,exterior painting companies,10,0,,,,
Chula Vista,painting_exterior,provider,exterior painting company near me,10,0,HIGH,100,,
Chula Vista,painting_exterior,provider,exterior painting contractor,10,0,LOW,21,,
Chula Vista,painting_exterior,provider,exterior painting contractors,10,0,LOW,21,,
Chula Vista,painting_exterior,provider,exterior painting contractors near me,10,0,HIGH,100,,
Chula Vista,painting_exterior,provider,local exterior painters,0,0,,,,
Chula Vista,painting_exterior,provider,professional exterior painters,0,0,,,,
Chula Vista,painting_exterior,provider,professional exterior painting,0,0,,,,
Chula Vista,painting_exterior,cost,exterior painting cost,10,0,,,,
Chula Vista,painting_exterior,cost,exterior house painting cost,10,0,LOW,0,,
Chula Vista,painting_exterior,cost,cost to paint house exterior,10,0,LOW,0,,
Chula Vista,painting_exterior,cost,cost to paint exterior walls,0,0,,,,
Chula Vista,painting_exterior,cost,exterior painting estimate,10,0,,,,
Chula Vista,painting_exterior,cost,exterior painting quote,10,0,,,,
Chula Vista,painting_exterior,cost,exterior house painting estimate,0,0,,,,
Chula Vista,painting_exterior,cost,exterior house painting quote,10,0,,,,
Chula Vista,painting_exterior,cost,exterior painter cost,10,0,,,,
Chula Vista,painting_exterior,cost,exterior painting prices,10,0,,,,
Chula Vista,painting_exterior,surface,stucco painting,10,9.54,MEDIUM,57,,
Chula Vista,painting_exterior,surface,stucco painters,10,9.54,MEDIUM,57,,
Chula Vista,painting_exterior,surface,stucco painting services,10,0,,,,
Chula Vista,painting_exterior,surface,brick house painting,10,13.76,LOW,29,,
Chula Vista,painting_exterior,surface,siding painting,10,0,,,,
Chula Vista,painting_exterior,surface,siding painters,0,0,,,,
Chula Vista,painting_exterior,surface,wood siding painting,0,0,,,,
Chula Vista,painting_exterior,surface,house trim painting,10,0,,,,
Chula Vista,painting_exterior,surface,front door painting service,0,0,,,,
Chula Vista,painting_exterior,surface,garage door painting service,10,0,LOW,7,,
Chula Vista,painting_general,core,house painters,10,0,LOW,0,,
Chula Vista,painting_general,core,house painter,10,0,LOW,0,,
Chula Vista,painting_general,core,house painters near me,30,5.44,HIGH,78,7.75,45.34
Chula Vista,painting_general,core,home painters,10,0,,,,
Chula Vista,painting_general,core,residential painters,10,0,,,,
Chula Vista,painting_general,core,residential painters near me,10,0,MEDIUM,43,,
Chula Vista,painting_general,service,house painting,10,0,LOW,21,,
Chula Vista,painting_general,service,house painting services,10,0,LOW,0,,
Chula Vista,painting_general,service,home painting services,10,0,LOW,0,,
Chula Vista,painting_general,service,residential painting,10,0,,,,
Chula Vista,painting_general,service,residential painting services,10,0,,,,
Chula Vista,painting_general,provider,painting company,10,0,MEDIUM,36,,
Chula Vista,painting_general,provider,painting companies,10,0,MEDIUM,36,,
Chula Vista,painting_general,provider,painting company near me,20,4.54,MEDIUM,50,,
Chula Vista,painting_general,provider,painting contractor,20,0,LOW,0,,
Chula Vista,painting_general,provider,painting contractors,20,0,LOW,0,,
Chula Vista,painting_general,provider,painting contractors near me,10,0,HIGH,71,,
Chula Vista,painting_general,provider,local painting company,10,0,,,,
Chula Vista,painting_general,provider,local house painters,10,0,,,,
Chula Vista,painting_general,provider,professional house painters,10,0,,,,
Chula Vista,painting_general,cost,house painting cost,10,0,,,,
Chula Vista,painting_general,cost,cost to paint a house,10,0,,,,
Chula Vista,painting_general,cost,house painting estimate,10,0,,,,
Chula Vista,painting_general,cost,house painting quote,10,0,,,,
Chula Vista,painting_general,cost,painting estimate,10,0,,,,
Chula Vista,painting_general,cost,painting quote,10,23.22,HIGH,86,,
Chula Vista,painting_general,cost,free painting estimate,10,0,,,,
Chula Vista,wallpaper,core,wallpaper installer,10,0,LOW,0,,
Chula Vista,wallpaper,core,wallpaper installers,10,0,LOW,0,,
Chula Vista,wallpaper,core,wallpaper installer near me,10,0,HIGH,100,,
Chula Vista,wallpaper,core,wallpaper installation,10,0,LOW,0,,
Chula Vista,wallpaper,core,wallpaper installation near me,10,0,HIGH,100,,
Chula Vista,wallpaper,core,wallpaper installation service,10,0,,,,
Chula Vista,wallpaper,core,wallpaper installation services,10,0,,,,
Chula Vista,wallpaper,core,wallpaper hanging,10,0,,,,
Chula Vista,wallpaper,core,wallpaper hanging near me,10,0,HIGH,71,,
Chula Vista,wallpaper,core,wallpaper hanging service,0,0,,,,
Chula Vista,wallpaper,core,wallpaper hanging services,0,0,,,,
Chula Vista,wallpaper,core,wallpaper hanger,10,0,,,,
Chula Vista,wallpaper,core,wallpaper hangers,10,0,,,,
Chula Vista,wallpaper,core,wallpaper hanger near me,10,0,HIGH,71,,
Chula Vista,wallpaper,provider,wallpaper installation company,10,0,,,,
Chula Vista,wallpaper,provider,wallpaper installation contractor,0,0,,,,
Chula Vista,wallpaper,provider,wallpaper installation contractors,0,0,,,,
Chula Vista,wallpaper,provider,professional wallpaper installer,10,9.39,HIGH,100,,
Chula Vista,wallpaper,provider,professional wallpaper installer near me,10,0,,,,
Chula Vista,wallpaper,provider,professional wallpaper installation,10,9.39,HIGH,100,,
Chula Vista,wallpaper,provider,professional wallpaper hanging,0,0,,,,
Chula Vista,wallpaper,provider,local wallpaper installer,0,0,,,,
Chula Vista,wallpaper,provider,hire wallpaper installer,0,0,,,,
Chula Vista,wallpaper,cost,wallpaper installer cost,10,0,MEDIUM,43,,
Chula Vista,wallpaper,cost,wallpaper installation cost,10,0,MEDIUM,43,,
Chula Vista,wallpaper,cost,cost to install wallpaper,10,0,MEDIUM,43,,
Chula Vista,wallpaper,cost,wallpaper hanging cost,0,0,,,,
Chula Vista,wallpaper,cost,cost to hang wallpaper,0,0,,,,
Chula Vista,wallpaper,cost,wallpaper installation estimate,0,0,,,,
Chula Vista,wallpaper,cost,wallpaper installation quote,0,0,,,,
Chula Vista,wallpaper,cost,wallpaper installer prices,0,0,,,,
Chula Vista,wallpaper,cost,professional wallpaper installer cost,0,0,,,,
Chula Vista,wallpaper,type,peel and stick wallpaper installer,10,0,,,,
Chula Vista,wallpaper,type,peel and stick wallpaper installation,10,0,,,,
Chula Vista,wallpaper,type,mural wallpaper installer,0,0,,,,
Chula Vista,wallpaper,type,wall mural installation,0,0,,,,
Chula Vista,wallpaper,type,grasscloth wallpaper installer,0,0,,,,
Chula Vista,wallpaper,type,grasscloth wallpaper installation,0,0,,,,
Chula Vista,wallpaper,type,textured wallpaper installation,0,0,,,,
Chula Vista,wallpaper,type,vinyl wallpaper installation,0,0,,,,
Chula Vista,wallpaper,type,custom wallpaper installation,10,0,HIGH,86,,
Chula Vista,wallpaper,type,residential wallpaper installation,0,0,,,,
Chula Vista,floristry,occasion,birthday flowers,50,2.45,HIGH,91,3.07,6.8
Chula Vista,floristry,delivery,flower delivery,210,9.74,HIGH,100,3.89,8.82
Chula Vista,floristry,core,flowers,1600,5,HIGH,96,2.18,7.95
Chula Vista,floristry,custom,personalized bouquets from local florists,0,0,,,,
Chula Vista,floristry,roses,rose bouquets,40,0.43,HIGH,91,,
Chula Vista,floristry,delivery,same day flower delivery,50,12.47,HIGH,74,5.31,10.99
Chula Vista,floristry,occasion,sympathy flowers,20,18.36,HIGH,91,2.28,5.39
Chula Vista,floristry,wedding,wedding flowers,20,0,MEDIUM,53,,
Chula Vista,floristry,occasion,anniversary flowers,10,0.12,HIGH,100,,
Chula Vista,floristry,occasion,apology flowers,10,0,,,,
Chula Vista,floristry,wedding,bridal bouquets,20,0.85,HIGH,83,,
Chula Vista,floristry,occasion,congratulations flowers,10,0,HIGH,100,,
Chula Vista,floristry,corporate,corporate flowers,0,0,,,,
Chula Vista,floristry,custom,custom bouquets,10,0.26,HIGH,100,,
Chula Vista,floristry,event,event flower arrangements,10,0,,,,
Chula Vista,floristry,wedding,flowers for newlyweds,0,0,,,,
Chula Vista,floristry,occasion,get well flowers,10,8.68,HIGH,100,,
Chula Vista,floristry,occasion,housewarming flowers,10,0,,,,
Chula Vista,floristry,occasion,just because flowers,10,0,,,,
Chula Vista,floristry,luxury,luxury bouquets,10,0,HIGH,100,,
Chula Vista,floristry,occasion,new baby flowers,10,0,HIGH,100,,
Chula Vista,floristry,occasion,romantic flowers,10,0,HIGH,67,,
Chula Vista,floristry,occasion,thank you flowers,10,0.02,HIGH,100,,
Chula Vista,floristry,wedding,bridal bouquet,20,0.85,HIGH,83,,
Chula Vista,floristry,event,event flowers,10,0,,,,
Chula Vista,floristry,event,floral centerpieces,10,0,HIGH,100,,
Chula Vista,floristry,core,florist,110,2.62,MEDIUM,49,1.06,4.35
Chula Vista,floristry,event,flower centerpieces,10,0,,,,
Chula Vista,floristry,core,flower shop,210,2.05,MEDIUM,64,1.22,2.99
Chula Vista,floristry,core,local florist,10,0,,,,
Chula Vista,floristry,custom,personalized bouquets,10,0.26,HIGH,100,,
Chula Vista,floristry,roses,rose bouquet,40,0.43,HIGH,91,,
Chula Vista,floristry,roses,roses,590,1.1,HIGH,71,0.53,2.41
Chula Vista,floristry,delivery,send flowers,30,8.84,HIGH,100,2.17,6.76
Chula Vista,floristry,event,table flower arrangements,10,0,,,,
Chula Vista,floristry,wedding,wedding gift flowers,0,0,,,,
Chula Vista,water_heater,tankless,tankless water heater cost,20,7.51,HIGH,80,0.73,17.73
Chula Vista,water_heater,cost,water heater cost,10,6.94,MEDIUM,49,2.11,9.65
Chula Vista,water_heater,cost,hot water heater replacement cost,10,0,HIGH,86,,
Chula Vista,water_heater,cost,hot water heater cost,10,0,,,,
Chula Vista,water_heater,tankless,tankless water heater installation gas,10,0,,,,
Chula Vista,water_heater,installation,tank water heater install,10,0,,,,
Chula Vista,water_heater,replacement,water heater service,10,0,MEDIUM,43,,
Chula Vista,water_heater,tankless,tankless electric water heater installation,10,0,LOW,0,,
Chula Vista,water_heater,tankless,tankless water heater replacement cost,20,0,MEDIUM,37,,
Chula Vista,water_heater,tankless,tankless water heater price,10,0,,,,
Chula Vista,water_heater,tankless,electric tankless water heater cost,10,0,HIGH,100,,
Chula Vista,water_heater,tankless,tankless water heater service,10,0,LOW,0,,
Chula Vista,water_heater,tankless,replace tankless water heater,10,6.32,LOW,26,,
Chula Vista,water_heater,cost,hot water heater installation cost,10,0,HIGH,71,,
Chula Vista,water_heater,electric,electric water heater cost,10,0,,,,
Chula Vista,water_heater,electric,electric water heater replacement cost,10,0,LOW,0,,
Chula Vista,water_heater,gas,gas water heater cost,10,0,MEDIUM,57,,
Chula Vista,water_heater,heat_pump,heat pump water heater cost,10,0,,,,
Chula Vista,water_heater,tankless,propane tankless water heater installation,10,0,,,,
Chula Vista,water_heater,tankless,tankless water heater installation services,10,0,LOW,0,,
Chula Vista,water_heater,tankless,tankless gas water heater cost,10,0,,,,
Chula Vista,water_heater,tankless,gas tankless water heater cost,10,0,,,,
Chula Vista,water_heater,gas,gas hot water heater cost,0,0,,,,
Chula Vista,water_heater,electric,electric hot water heater installation cost,10,0,,,,
Chula Vista,water_heater,gas,gas hot water heater installation,0,0,,,,
Chula Vista,water_heater,electric,electric hot water heater installation,0,0,,,,
Chula Vista,water_heater,tankless,natural gas tankless water heater installation,10,0,,,,
Chula Vista,water_heater,tankless,gas tankless hot water heater installation,10,0,,,,
Chula Vista,water_heater,electric,hot water heater installation electric,0,0,,,,
Chula Vista,water_heater,tankless,tankless water heater company,10,0,LOW,0,,
Chula Vista,water_heater,tankless,cost to install electric tankless hot water heater,0,0,,,,
Chula Vista,painting_interior,service,interior door painting services,10,0,LOW,0,,
Chula Vista,painting_interior,provider,house interior painting contractors,0,0,,,,
Chula Vista,painting_interior,provider,interior home painting company,10,0,,,,
Chula Vista,painting_interior,provider,interior house painting companies,10,0,,,,
Chula Vista,painting_interior,cost,interior house painting estimates,0,0,,,,
Chula Vista,painting_interior,service,cheap interior painters,0,0,,,,
Chula Vista,painting_interior,provider,interior home painting contractors,0,0,,,,
Chula Vista,painting_interior,cost,interior home painting estimate,10,0,,,,
Chula Vista,painting_interior,service,home interior painting services,0,0,,,,
Chula Vista,painting_interior,cost,interior painters quotes,10,0,,,,
Chula Vista,painting_interior,service,residential house interior painting,0,0,,,,
Chula Vista,painting_exterior,service,painting services,10,0,LOW,0,,
Chula Vista,painting_exterior,service,local painting services,0,0,,,,
Chula Vista,painting_exterior,residential,professional house painter,10,0,,,,
Chula Vista,painting_exterior,provider,house painting contractors,10,0,,,,
Chula Vista,painting_exterior,provider,professional painting contractors,10,0,,,,
Chula Vista,painting_exterior,provider,local painting contractors,10,0,,,,
Chula Vista,painting_exterior,provider,house exterior painting contractor,10,0,,,,
Chula Vista,painting_exterior,service,exterior painting professional,10,0,,,,
Chula Vista,painting_exterior,provider,professional house painting contractor,10,0,,,,
Chula Vista,painting_exterior,provider,professional house painting contractors,10,0,,,,
Chula Vista,painting_exterior,residential,professional exterior house painters,0,0,,,,
Chula Vista,painting_exterior,residential,professional home painters,0,0,,,,
Chula Vista,painting_exterior,residential,professional residential painters,0,0,,,,
Chula Vista,floristry,occasion,valentines flowers,110,0,,,,
Chula Vista,floristry,arrangements,flower bouquet,110,0.89,HIGH,100,1.15,3.88
Chula Vista,floristry,sympathy,funeral flowers,50,4.57,HIGH,100,1.14,5.56
Chula Vista,floristry,sympathy,funeral flower arrangements,40,1.69,HIGH,100,0.96,3.08
Chula Vista,floristry,arrangements,flower bouquet near me,20,1.46,HIGH,92,0.78,1.74
Chula Vista,floristry,delivery,flower delivery service,10,14.51,HIGH,100,2.08,8.98
Chula Vista,floristry,wedding_event,boutonniere wedding,10,0,LOW,0,,
Chula Vista,floristry,delivery,flower delivery services online,10,0,,,,
Chula Vista,floristry,delivery,online flower delivery,10,5.92,HIGH,100,,
Chula Vista,floristry,delivery,cheap flower delivery,10,3.03,HIGH,100,,
Chula Vista,floristry,core,same day flowers,10,10.15,HIGH,78,3.39,7.07
Chula Vista,floristry,delivery,deliver flowers,210,9.74,HIGH,100,3.89,8.82
Chula Vista,floristry,delivery,send flowers online,10,0,,,,
Chula Vista,floristry,sympathy,funeral flowers delivery,10,0,HIGH,100,,
Chula Vista,floristry,wedding_event,corsage flower,10,0,,,,
Chula Vista,floristry,occasion,mother's day flower delivery,10,0,,,,
Chula Vista,floristry,delivery,best flower delivery,10,0,,,,
Chula Vista,floristry,delivery,flower bouquet delivery,10,6.4,HIGH,100,,
Chula Vista,floristry,wedding_event,wedding flower bouquets,10,0.36,HIGH,100,,
Chula Vista,floristry,delivery,flower delivery today,10,32.23,HIGH,97,8.92,19
Chula Vista,floristry,delivery,local flower delivery,10,11.96,HIGH,100,8.47,9.88
Chula Vista,floristry,delivery,fresh flower delivery,10,0,HIGH,100,,
Chula Vista,floristry,sympathy,sympathy flowers delivery,10,5.61,HIGH,100,,
Chula Vista,floristry,delivery,best online flower delivery,10,0,HIGH,100,,
Chula Vista,floristry,occasion,valentines flower bouquet,10,0,,,,
Chula Vista,floristry,occasion,mother's day flowers delivery,10,0,,,,
Chula Vista,floristry,arrangements,fresh flower bouquet,10,0,LOW,0,,
Chula Vista,floristry,wedding_event,rose bridal bouquet,10,0.46,HIGH,100,,
Chula Vista,floristry,delivery,flower delivery same day,50,12.47,HIGH,74,5.31,10.99
Chula Vista,floristry,delivery,best flower delivery services,10,0,,,,
Chula Vista,floristry,arrangements,custom flower bouquet,10,0.26,HIGH,100,,
Chula Vista,floristry,sympathy,sympathy flower arrangements,10,0,,,,
Chula Vista,floristry,core,florist flowers,10,0,MEDIUM,36,,
Chula Vista,floristry,wedding_event,bridal bouquet fresh flowers,10,0,,,,
Chula Vista,floristry,wedding_event,wedding flowers delivery,10,1.34,HIGH,100,,
Chula Vista,floristry,delivery,same day flower delivery service,10,0,HIGH,100,,
Chula Vista,floristry,delivery,same day flower delivery services,10,0,HIGH,100,,
Chula Vista,floristry,delivery,cheap same day flower delivery,10,0,,,,
Chula Vista,floristry,wedding_event,bridal bouquet flowers,10,0,HIGH,100,,
Chula Vista,floristry,wedding_event,wedding bridal bouquet,10,0,,,,
Chula Vista,floristry,delivery,best same day flower delivery,10,0,,,,
Chula Vista,floristry,sympathy,sympathy flowers same day delivery,0,0,,,,
Chula Vista,floristry,sympathy,funeral flowers same day delivery,0,0,,,,
Chula Vista,floristry,delivery,flower bouquet delivery same day,10,0,,,,
Chula Vista,floristry,delivery,same day delivery flower bouquet,10,0,,,,
Chula Vista,floristry,delivery,local flower delivery same day,0,0,,,,
Chula Vista,floristry,delivery,florist flower delivery,0,0,,,,
Chula Vista,floristry,delivery,online flower bouquet delivery,0,0,,,,
Chula Vista,floristry,delivery,send flowers online same day,0,0,,,,
Chula Vista,floristry,delivery,flower bouquet same day delivery,10,0,,,,
Carlsbad,water_heater,replacement,water heater replacement,10,0,MEDIUM,39,,
Carlsbad,water_heater,replacement,water heater replacement near me,10,0,LOW,0,,
Carlsbad,water_heater,replacement,replace water heater,10,0,MEDIUM,39,,
Carlsbad,water_heater,replacement,replace water heater near me,10,0,LOW,0,,
Carlsbad,water_heater,replacement,water heater replacement service,10,0,LOW,0,,
Carlsbad,water_heater,replacement,water heater replacement services,10,0,LOW,0,,
Carlsbad,water_heater,replacement,water heater replacement company,10,0,LOW,0,,
Carlsbad,water_heater,replacement,water heater replacement contractor,10,0,,,,
Carlsbad,water_heater,replacement,water heater replacement contractors,10,0,,,,
Carlsbad,water_heater,replacement,water heater replacement installer,0,0,,,,
Carlsbad,water_heater,replacement,water heater replacement installers,0,0,,,,
Carlsbad,water_heater,replacement,local water heater replacement,10,0,,,,
Carlsbad,water_heater,replacement,professional water heater replacement,0,0,,,,
Carlsbad,water_heater,replacement,residential water heater replacement,0,0,,,,
Carlsbad,water_heater,replacement,home water heater replacement,0,0,,,,
Carlsbad,water_heater,replacement,hot water heater replacement,10,0,,,,
Carlsbad,water_heater,replacement,hot water heater replacement near me,10,0,,,,
Carlsbad,water_heater,replacement,water heater change out,0,0,,,,
Carlsbad,water_heater,replacement,water heater changeout,0,0,,,,
Carlsbad,water_heater,replacement,water heater swap,0,0,,,,
Carlsbad,water_heater,installation,water heater installation,10,0,LOW,0,,
Carlsbad,water_heater,installation,water heater installation near me,10,0,LOW,9,,
Carlsbad,water_heater,installation,water heater installation service,10,0,,,,
Carlsbad,water_heater,installation,water heater installation services,10,0,,,,
Carlsbad,water_heater,installation,water heater installation company,10,0,,,,
Carlsbad,water_heater,installation,water heater installation contractor,10,0,LOW,0,,
Carlsbad,water_heater,installation,water heater installation contractors,10,0,LOW,0,,
Carlsbad,water_heater,installation,water heater installer,10,0,LOW,0,,
Carlsbad,water_heater,installation,water heater installers,10,0,LOW,0,,
Carlsbad,water_heater,installation,water heater installer near me,10,0,LOW,9,,
Carlsbad,water_heater,installation,local water heater installer,0,0,,,,
Carlsbad,water_heater,installation,professional water heater installation,10,0,,,,
Carlsbad,water_heater,installation,residential water heater installation,0,0,,,,
Carlsbad,water_heater,installation,home water heater installation,0,0,,,,
Carlsbad,water_heater,installation,hot water heater installation,10,0,,,,
Carlsbad,water_heater,installation,hot water heater installer,10,0,,,,
Carlsbad,water_heater,cost,water heater replacement cost,20,9.34,HIGH,73,7.63,25.79
Carlsbad,water_heater,cost,cost to replace water heater,20,9.34,HIGH,73,7.63,25.79
Carlsbad,water_heater,cost,how much to replace water heater,10,0,,,,
Carlsbad,water_heater,cost,water heater installation cost,10,0,LOW,26,,
Carlsbad,water_heater,cost,cost to install water heater,10,0,LOW,26,,
Carlsbad,water_heater,cost,water heater replacement estimate,0,0,,,,
Carlsbad,water_heater,cost,water heater installation estimate,10,0,,,,
Carlsbad,water_heater,cost,water heater replacement quote,10,0,,,,
Carlsbad,water_heater,cost,water heater installation quote,10,0,LOW,0,,
Carlsbad,water_heater,cost,water heater replacement price,0,0,,,,
Carlsbad,water_heater,cost,water heater installation price,10,0,,,,
Carlsbad,water_heater,same_day,same day water heater replacement,10,0,,,,
Carlsbad,water_heater,same_day,same day water heater installation,0,0,,,,
Carlsbad,water_heater,same_day,same day water heater installer,0,0,,,,
Carlsbad,water_heater,same_day,emergency water heater replacement,10,0,,,,
Carlsbad,water_heater,same_day,emergency water heater installation,0,0,,,,
Carlsbad,water_heater,same_day,urgent water heater replacement,0,0,,,,
Carlsbad,water_heater,same_day,24 hour water heater replacement,0,0,,,,
Carlsbad,water_heater,same_day,water heater replacement today,0,0,,,,
Carlsbad,water_heater,tank,tank water heater replacement,10,0,LOW,0,,
Carlsbad,water_heater,tank,tank water heater installation,10,0,,,,
Carlsbad,water_heater,tank,tank water heater installer,0,0,,,,
Carlsbad,water_heater,tank,storage tank water heater replacement,0,0,,,,
Carlsbad,water_heater,tank,standard water heater replacement,0,0,,,,
Carlsbad,water_heater,tank,conventional water heater replacement,0,0,,,,
Carlsbad,water_heater,tankless,tankless water heater replacement,10,0,,,,
Carlsbad,water_heater,tankless,tankless water heater replacement near me,0,0,,,,
Carlsbad,water_heater,tankless,tankless water heater installation,10,0,LOW,27,,
Carlsbad,water_heater,tankless,tankless water heater installation near me,10,0,LOW,5,,
Carlsbad,water_heater,tankless,tankless water heater installer,10,0,LOW,27,,
Carlsbad,water_heater,tankless,tankless water heater installer near me,10,0,LOW,5,,
Carlsbad,water_heater,tankless,tankless water heater installation cost,10,14.53,LOW,14,,
Carlsbad,water_heater,tankless,cost to install tankless water heater,10,14.53,LOW,14,,
Carlsbad,water_heater,tankless,cost to replace tankless water heater,10,14.53,LOW,14,,
Carlsbad,water_heater,gas,gas water heater replacement,10,0,,,,
Carlsbad,water_heater,gas,gas water heater replacement near me,0,0,,,,
Carlsbad,water_heater,gas,gas water heater installation,10,0,,,,
Carlsbad,water_heater,gas,gas water heater installer,10,0,,,,
Carlsbad,water_heater,gas,gas water heater installation cost,10,0,,,,
Carlsbad,water_heater,gas,cost to replace gas water heater,10,10.13,HIGH,86,,
Carlsbad,water_heater,electric,electric water heater replacement,0,0,,,,
Carlsbad,water_heater,electric,electric water heater replacement near me,0,0,,,,
Carlsbad,water_heater,electric,electric water heater installation,10,0,,,,
Carlsbad,water_heater,electric,electric water heater installer,10,0,,,,
Carlsbad,water_heater,electric,electric water heater installation cost,10,0,,,,
Carlsbad,water_heater,electric,cost to replace electric water heater,10,0,,,,
Carlsbad,water_heater,heat_pump,heat pump water heater replacement,0,0,,,,
Carlsbad,water_heater,heat_pump,heat pump water heater installation,10,0,LOW,0,,
Carlsbad,water_heater,heat_pump,heat pump water heater installer,10,0,LOW,0,,
Carlsbad,water_heater,heat_pump,heat pump water heater installation near me,0,0,,,,
Carlsbad,water_heater,heat_pump,heat pump water heater installation cost,10,0,LOW,0,,
Carlsbad,water_heater,heat_pump,hybrid water heater replacement,0,0,,,,
Carlsbad,water_heater,heat_pump,hybrid water heater installation,10,0,,,,
Carlsbad,water_heater,heat_pump,hybrid water heater installer,10,0,,,,
Carlsbad,water_heater,conversion,tank to tankless water heater conversion,0,0,,,,
Carlsbad,water_heater,conversion,convert tank water heater to tankless,0,0,,,,
Carlsbad,water_heater,conversion,gas to electric water heater conversion,0,0,,,,
Carlsbad,water_heater,conversion,electric to gas water heater conversion,0,0,,,,
Carlsbad,water_heater,problem,replace leaking water heater,0,0,,,,
Carlsbad,water_heater,problem,leaking water heater replacement,0,0,,,,
Carlsbad,water_heater,problem,replace broken water heater,0,0,,,,
Carlsbad,water_heater,problem,broken water heater replacement,0,0,,,,
Carlsbad,water_heater,problem,no hot water water heater replacement,0,0,,,,
Carlsbad,painting_interior,core,interior painters,10,35.62,LOW,23,,
Carlsbad,painting_interior,core,interior painter,10,35.62,LOW,23,,
Carlsbad,painting_interior,core,interior painters near me,10,41.59,HIGH,100,,
Carlsbad,painting_interior,core,interior house painters,10,35.62,LOW,23,,
Carlsbad,painting_interior,core,interior house painter,10,0,LOW,0,,
Carlsbad,painting_interior,core,interior home painters,0,0,,,,
Carlsbad,painting_interior,core,interior wall painters,0,0,,,,
Carlsbad,painting_interior,core,inside house painters,0,0,,,,
Carlsbad,painting_interior,core,indoor house painters,0,0,,,,
Carlsbad,painting_interior,service,interior painting,10,35.62,LOW,23,,
Carlsbad,painting_interior,service,interior house painting,10,0,LOW,0,,
Carlsbad,painting_interior,service,interior home painting,10,0,,,,
Carlsbad,painting_interior,service,interior wall painting,10,0,,,,
Carlsbad,painting_interior,service,interior painting services,10,0,LOW,0,,
Carlsbad,painting_interior,service,interior house painting services,10,0,LOW,0,,
Carlsbad,painting_interior,service,interior wall painting services,0,0,,,,
Carlsbad,painting_interior,service,residential interior painting,0,0,,,,
Carlsbad,painting_interior,service,residential interior painting services,0,0,,,,
Carlsbad,painting_interior,provider,interior painting company,10,0,,,,
Carlsbad,painting_interior,provider,interior painting companies,10,0,,,,
Carlsbad,painting_interior,provider,interior painting company near me,0,0,,,,
Carlsbad,painting_interior,provider,interior painting contractor,10,0,LOW,0,,
Carlsbad,painting_interior,provider,interior painting contractors,10,0,LOW,0,,
Carlsbad,painting_interior,provider,interior painting contractors near me,10,0,LOW,0,,
Carlsbad,painting_interior,provider,interior wall painting contractors,0,0,,,,
Carlsbad,painting_interior,provider,local interior painters,10,0,,,,
Carlsbad,painting_interior,provider,professional interior painters,10,0,,,,
Carlsbad,painting_interior,provider,professional interior painting,10,0,,,,
Carlsbad,painting_interior,cost,interior painting cost,10,0,,,,
Carlsbad,painting_interior,cost,interior house painting cost,10,0,,,,
Carlsbad,painting_interior,cost,cost to paint house interior,10,0,,,,
Carlsbad,painting_interior,cost,cost to paint interior walls,0,0,,,,
Carlsbad,painting_interior,cost,interior painting estimate,0,0,,,,
Carlsbad,painting_interior,cost,interior painting quote,10,0,,,,
Carlsbad,painting_interior,cost,interior house painting estimate,0,0,,,,
Carlsbad,painting_interior,cost,interior house painting quote,0,0,,,,
Carlsbad,painting_interior,cost,interior painter cost,10,0,,,,
Carlsbad,painting_interior,cost,interior painting prices,10,0,,,,
Carlsbad,painting_interior,rooms,whole house interior painting,0,0,,,,
Carlsbad,painting_interior,rooms,home interior wall painting,0,0,,,,
Carlsbad,painting_interior,rooms,room painting services,0,0,,,,
Carlsbad,painting_interior,rooms,living room painters,0,0,,,,
Carlsbad,painting_interior,rooms,bedroom painters,0,0,,,,
Carlsbad,painting_interior,rooms,kitchen painters,0,0,,,,
Carlsbad,painting_interior,rooms,bathroom painters,0,0,,,,
Carlsbad,painting_interior,rooms,ceiling painters,0,0,,,,
Carlsbad,painting_interior,rooms,ceiling painting services,0,0,,,,
Carlsbad,painting_interior,rooms,trim painting services,0,0,,,,
Carlsbad,painting_interior,rooms,baseboard painting services,0,0,,,,
Carlsbad,painting_interior,rooms,cabinet painting services,10,0,,,,
Carlsbad,painting_exterior,core,exterior painters,10,0,LOW,0,,
Carlsbad,painting_exterior,core,exterior painter,10,0,LOW,0,,
Carlsbad,painting_exterior,core,exterior painters near me,10,78.68,HIGH,100,,
Carlsbad,painting_exterior,core,exterior house painters,10,0,LOW,0,,
Carlsbad,painting_exterior,core,exterior house painter,10,0,LOW,0,,
Carlsbad,painting_exterior,core,exterior home painters,0,0,,,,
Carlsbad,painting_exterior,core,outside house painters,10,0,LOW,0,,
Carlsbad,painting_exterior,service,exterior painting,10,0,LOW,0,,
Carlsbad,painting_exterior,service,exterior house painting,10,0,LOW,0,,
Carlsbad,painting_exterior,service,exterior home painting,0,0,,,,
Carlsbad,painting_exterior,service,exterior wall painting,10,0,,,,
Carlsbad,painting_exterior,service,exterior painting services,10,0,LOW,0,,
Carlsbad,painting_exterior,service,exterior house painting services,10,0,,,,
Carlsbad,painting_exterior,service,residential exterior painting,0,0,,,,
Carlsbad,painting_exterior,service,residential exterior painting services,0,0,,,,
Carlsbad,painting_exterior,provider,exterior painting company,10,0,,,,
Carlsbad,painting_exterior,provider,exterior painting companies,10,0,,,,
Carlsbad,painting_exterior,provider,exterior painting company near me,10,41.86,HIGH,76,,
Carlsbad,painting_exterior,provider,exterior painting contractor,10,0,LOW,11,,
Carlsbad,painting_exterior,provider,exterior painting contractors,10,0,LOW,11,,
Carlsbad,painting_exterior,provider,exterior painting contractors near me,10,41.86,HIGH,76,,
Carlsbad,painting_exterior,provider,local exterior painters,0,0,,,,
Carlsbad,painting_exterior,provider,professional exterior painters,10,0,,,,
Carlsbad,painting_exterior,provider,professional exterior painting,10,0,,,,
Carlsbad,painting_exterior,cost,exterior painting cost,10,0,HIGH,86,,
Carlsbad,painting_exterior,cost,exterior house painting cost,10,0,,,,
Carlsbad,painting_exterior,cost,cost to paint house exterior,10,0,,,,
Carlsbad,painting_exterior,cost,cost to paint exterior walls,10,0,,,,
Carlsbad,painting_exterior,cost,exterior painting estimate,0,0,,,,
Carlsbad,painting_exterior,cost,exterior painting quote,10,0,,,,
Carlsbad,painting_exterior,cost,exterior house painting estimate,0,0,,,,
Carlsbad,painting_exterior,cost,exterior house painting quote,10,0,,,,
Carlsbad,painting_exterior,cost,exterior painter cost,10,0,HIGH,86,,
Carlsbad,painting_exterior,cost,exterior painting prices,10,0,HIGH,86,,
Carlsbad,painting_exterior,surface,stucco painting,10,0,,,,
Carlsbad,painting_exterior,surface,stucco painters,10,0,,,,
Carlsbad,painting_exterior,surface,stucco painting services,0,0,,,,
Carlsbad,painting_exterior,surface,brick house painting,10,0,LOW,14,,
Carlsbad,painting_exterior,surface,siding painting,10,0,,,,
Carlsbad,painting_exterior,surface,siding painters,0,0,,,,
Carlsbad,painting_exterior,surface,wood siding painting,0,0,,,,
Carlsbad,painting_exterior,surface,house trim painting,10,0,MEDIUM,50,,
Carlsbad,painting_exterior,surface,front door painting service,0,0,,,,
Carlsbad,painting_exterior,surface,garage door painting service,0,0,,,,
Carlsbad,painting_general,core,house painters,10,0,LOW,0,,
Carlsbad,painting_general,core,house painter,10,0,LOW,0,,
Carlsbad,painting_general,core,house painters near me,20,3.57,HIGH,82,13.41,33.03
Carlsbad,painting_general,core,home painters,10,0,LOW,0,,
Carlsbad,painting_general,core,residential painters,10,0,LOW,0,,
Carlsbad,painting_general,core,residential painters near me,10,0,,,,
Carlsbad,painting_general,service,house painting,10,0,LOW,0,,
Carlsbad,painting_general,service,house painting services,10,0,LOW,0,,
Carlsbad,painting_general,service,home painting services,10,0,LOW,0,,
Carlsbad,painting_general,service,residential painting,10,0,LOW,0,,
Carlsbad,painting_general,service,residential painting services,10,0,MEDIUM,64,,
Carlsbad,painting_general,provider,painting company,10,0,MEDIUM,38,,
Carlsbad,painting_general,provider,painting companies,10,0,MEDIUM,38,,
Carlsbad,painting_general,provider,painting company near me,10,0,HIGH,100,,
Carlsbad,painting_general,provider,painting contractor,10,0,LOW,0,,
Carlsbad,painting_general,provider,painting contractors,10,0,LOW,0,,
Carlsbad,painting_general,provider,painting contractors near me,10,0,MEDIUM,50,,
Carlsbad,painting_general,provider,local painting company,0,0,,,,
Carlsbad,painting_general,provider,local house painters,10,0,HIGH,100,,
Carlsbad,painting_general,provider,professional house painters,10,0,,,,
Carlsbad,painting_general,cost,house painting cost,10,43.67,MEDIUM,57,9.26,27
Carlsbad,painting_general,cost,cost to paint a house,10,43.67,MEDIUM,57,9.26,27
Carlsbad,painting_general,cost,house painting estimate,0,0,,,,
Carlsbad,painting_general,cost,house painting quote,10,0,,,,
Carlsbad,painting_general,cost,painting estimate,10,0,,,,
Carlsbad,painting_general,cost,painting quote,10,0,,,,
Carlsbad,painting_general,cost,free painting estimate,0,0,,,,
Carlsbad,wallpaper,core,wallpaper installer,10,22.42,HIGH,80,,
Carlsbad,wallpaper,core,wallpaper installers,10,22.42,HIGH,80,,
Carlsbad,wallpaper,core,wallpaper installer near me,10,0,MEDIUM,48,,
Carlsbad,wallpaper,core,wallpaper installation,10,22.42,HIGH,80,,
Carlsbad,wallpaper,core,wallpaper installation near me,10,0,MEDIUM,48,,
Carlsbad,wallpaper,core,wallpaper installation service,10,0,,,,
Carlsbad,wallpaper,core,wallpaper installation services,10,0,,,,
Carlsbad,wallpaper,core,wallpaper hanging,10,0,LOW,0,,
Carlsbad,wallpaper,core,wallpaper hanging near me,10,0,,,,
Carlsbad,wallpaper,core,wallpaper hanging service,0,0,,,,
Carlsbad,wallpaper,core,wallpaper hanging services,0,0,,,,
Carlsbad,wallpaper,core,wallpaper hanger,10,0,LOW,0,,
Carlsbad,wallpaper,core,wallpaper hangers,10,0,LOW,0,,
Carlsbad,wallpaper,core,wallpaper hanger near me,10,0,,,,
Carlsbad,wallpaper,provider,wallpaper installation company,10,2.63,HIGH,100,,
Carlsbad,wallpaper,provider,wallpaper installation contractor,0,0,,,,
Carlsbad,wallpaper,provider,wallpaper installation contractors,0,0,,,,
Carlsbad,wallpaper,provider,professional wallpaper installer,10,0,,,,
Carlsbad,wallpaper,provider,professional wallpaper installer near me,10,0,,,,
Carlsbad,wallpaper,provider,professional wallpaper installation,10,0,,,,
Carlsbad,wallpaper,provider,professional wallpaper hanging,0,0,,,,
Carlsbad,wallpaper,provider,local wallpaper installer,0,0,,,,
Carlsbad,wallpaper,provider,hire wallpaper installer,0,0,,,,
Carlsbad,wallpaper,cost,wallpaper installer cost,10,0,,,,
Carlsbad,wallpaper,cost,wallpaper installation cost,10,0,,,,
Carlsbad,wallpaper,cost,cost to install wallpaper,10,0,,,,
Carlsbad,wallpaper,cost,wallpaper hanging cost,0,0,,,,
Carlsbad,wallpaper,cost,cost to hang wallpaper,0,0,,,,
Carlsbad,wallpaper,cost,wallpaper installation estimate,0,0,,,,
Carlsbad,wallpaper,cost,wallpaper installation quote,0,0,,,,
Carlsbad,wallpaper,cost,wallpaper installer prices,0,0,,,,
Carlsbad,wallpaper,cost,professional wallpaper installer cost,0,0,,,,
Carlsbad,wallpaper,type,peel and stick wallpaper installer,10,0,,,,
Carlsbad,wallpaper,type,peel and stick wallpaper installation,10,0,,,,
Carlsbad,wallpaper,type,mural wallpaper installer,0,0,,,,
Carlsbad,wallpaper,type,wall mural installation,0,0,,,,
Carlsbad,wallpaper,type,grasscloth wallpaper installer,0,0,,,,
Carlsbad,wallpaper,type,grasscloth wallpaper installation,10,0,,,,
Carlsbad,wallpaper,type,textured wallpaper installation,0,0,,,,
Carlsbad,wallpaper,type,vinyl wallpaper installation,0,0,,,,
Carlsbad,wallpaper,type,custom wallpaper installation,0,0,,,,
Carlsbad,wallpaper,type,residential wallpaper installation,0,0,,,,
Carlsbad,floristry,occasion,birthday flowers,20,0.08,HIGH,92,,
Carlsbad,floristry,delivery,flower delivery,170,12.23,HIGH,100,4.07,11.37
Carlsbad,floristry,core,flowers,480,5.3,HIGH,100,3.96,10.13
Carlsbad,floristry,custom,personalized bouquets from local florists,0,0,,,,
Carlsbad,floristry,roses,rose bouquets,10,3.94,HIGH,88,,
Carlsbad,floristry,delivery,same day flower delivery,40,8.05,HIGH,71,3.33,12.95
Carlsbad,floristry,occasion,sympathy flowers,10,7.4,HIGH,100,3.18,7.8
Carlsbad,floristry,wedding,wedding flowers,10,5.58,HIGH,100,2.13,5.52
Carlsbad,floristry,occasion,anniversary flowers,10,4.4,HIGH,100,,
Carlsbad,floristry,occasion,apology flowers,10,0,,,,
Carlsbad,floristry,wedding,bridal bouquets,10,0.16,HIGH,100,,
Carlsbad,floristry,occasion,congratulations flowers,10,0,,,,
Carlsbad,floristry,corporate,corporate flowers,0,0,,,,
Carlsbad,floristry,custom,custom bouquets,10,0,MEDIUM,33,,
Carlsbad,floristry,event,event flower arrangements,10,0,,,,
Carlsbad,floristry,wedding,flowers for newlyweds,0,0,,,,
Carlsbad,floristry,occasion,get well flowers,10,0,,,,
Carlsbad,floristry,occasion,housewarming flowers,10,0,,,,
Carlsbad,floristry,occasion,just because flowers,10,0,,,,
Carlsbad,floristry,luxury,luxury bouquets,10,0,,,,
Carlsbad,floristry,occasion,new baby flowers,10,0,HIGH,100,,
Carlsbad,floristry,occasion,romantic flowers,10,0,LOW,0,,
Carlsbad,floristry,occasion,thank you flowers,10,0,LOW,0,,
Carlsbad,floristry,wedding,bridal bouquet,10,0.16,HIGH,100,,
Carlsbad,floristry,event,event flowers,0,0,,,,
Carlsbad,floristry,event,floral centerpieces,10,0,,,,
Carlsbad,floristry,core,florist,170,1.9,LOW,21,1.07,7.35
Carlsbad,floristry,event,flower centerpieces,10,0,,,,
Carlsbad,floristry,core,flower shop,170,0.35,LOW,13,0.76,2.31
Carlsbad,floristry,core,local florist,10,0,HIGH,100,,
Carlsbad,floristry,custom,personalized bouquets,10,0,MEDIUM,33,,
Carlsbad,floristry,roses,rose bouquet,10,3.94,HIGH,88,,
Carlsbad,floristry,roses,roses,170,0.24,MEDIUM,65,,
Carlsbad,floristry,delivery,send flowers,20,11.96,HIGH,100,4.45,11.98
Carlsbad,floristry,event,table flower arrangements,10,0,,,,
Carlsbad,floristry,wedding,wedding gift flowers,0,0,,,,
Carlsbad,water_heater,tankless,tankless water heater cost,10,0,HIGH,74,3.13,13.89
Carlsbad,water_heater,cost,water heater cost,10,0,MEDIUM,57,,
Carlsbad,water_heater,cost,hot water heater replacement cost,10,0,,,,
Carlsbad,water_heater,cost,hot water heater cost,10,0,,,,
Carlsbad,water_heater,tankless,tankless water heater installation gas,10,0,,,,
Carlsbad,water_heater,installation,tank water heater install,10,0,,,,
Carlsbad,water_heater,replacement,water heater service,10,0,HIGH,93,,
Carlsbad,water_heater,tankless,tankless electric water heater installation,10,0,,,,
Carlsbad,water_heater,tankless,tankless water heater replacement cost,10,14.53,LOW,14,,
Carlsbad,water_heater,tankless,tankless water heater price,10,0,HIGH,100,,
Carlsbad,water_heater,tankless,electric tankless water heater cost,10,0,,,,
Carlsbad,water_heater,tankless,tankless water heater service,10,0,HIGH,100,,
Carlsbad,water_heater,tankless,replace tankless water heater,10,0,,,,
Carlsbad,water_heater,cost,hot water heater installation cost,10,81.1,HIGH,71,,
Carlsbad,water_heater,electric,electric water heater cost,10,0,LOW,0,,
Carlsbad,water_heater,electric,electric water heater replacement cost,10,0,,,,
Carlsbad,water_heater,gas,gas water heater cost,10,0,,,,
Carlsbad,water_heater,heat_pump,heat pump water heater cost,10,2.2,HIGH,100,,
Carlsbad,water_heater,tankless,propane tankless water heater installation,10,0,,,,
Carlsbad,water_heater,tankless,tankless water heater installation services,10,0,,,,
Carlsbad,water_heater,tankless,tankless gas water heater cost,10,0,,,,
Carlsbad,water_heater,tankless,gas tankless water heater cost,10,0,,,,
Carlsbad,water_heater,gas,gas hot water heater cost,0,0,,,,
Carlsbad,water_heater,electric,electric hot water heater installation cost,10,0,,,,
Carlsbad,water_heater,gas,gas hot water heater installation,0,0,,,,
Carlsbad,water_heater,electric,electric hot water heater installation,0,0,,,,
Carlsbad,water_heater,tankless,natural gas tankless water heater installation,10,0,,,,
Carlsbad,water_heater,tankless,gas tankless hot water heater installation,10,0,,,,
Carlsbad,water_heater,electric,hot water heater installation electric,0,0,,,,
Carlsbad,water_heater,tankless,tankless water heater company,10,0,HIGH,86,,
Carlsbad,water_heater,tankless,cost to install electric tankless hot water heater,0,0,,,,
Carlsbad,painting_interior,service,interior door painting services,0,0,,,,
Carlsbad,painting_interior,provider,house interior painting contractors,10,0,,,,
Carlsbad,painting_interior,provider,interior home painting company,0,0,,,,
Carlsbad,painting_interior,provider,interior house painting companies,0,0,,,,
Carlsbad,painting_interior,cost,interior house painting estimates,0,0,,,,
Carlsbad,painting_interior,service,cheap interior painters,0,0,,,,
Carlsbad,painting_interior,provider,interior home painting contractors,10,0,,,,
Carlsbad,painting_interior,cost,interior home painting estimate,0,0,,,,
Carlsbad,painting_interior,service,home interior painting services,0,0,,,,
Carlsbad,painting_interior,cost,interior painters quotes,10,0,,,,
Carlsbad,painting_interior,service,residential house interior painting,0,0,,,,
Carlsbad,painting_exterior,service,painting services,10,0,LOW,11,,
Carlsbad,painting_exterior,service,local painting services,0,0,,,,
Carlsbad,painting_exterior,residential,professional house painter,10,0,,,,
Carlsbad,painting_exterior,provider,house painting contractors,10,0,LOW,0,,
Carlsbad,painting_exterior,provider,professional painting contractors,10,0,,,,
Carlsbad,painting_exterior,provider,local painting contractors,10,0,,,,
Carlsbad,painting_exterior,provider,house exterior painting contractor,10,0,,,,
Carlsbad,painting_exterior,service,exterior painting professional,10,0,,,,
Carlsbad,painting_exterior,provider,professional house painting contractor,10,0,,,,
Carlsbad,painting_exterior,provider,professional house painting contractors,10,0,,,,
Carlsbad,painting_exterior,residential,professional exterior house painters,10,0,,,,
Carlsbad,painting_exterior,residential,professional home painters,0,0,,,,
Carlsbad,painting_exterior,residential,professional residential painters,0,0,,,,
Carlsbad,floristry,occasion,valentines flowers,50,0,LOW,0,,
Carlsbad,floristry,arrangements,flower bouquet,30,1.11,HIGH,100,1.49,2.76
Carlsbad,floristry,sympathy,funeral flowers,10,4.57,HIGH,67,,
Carlsbad,floristry,sympathy,funeral flower arrangements,10,0,HIGH,100,,
Carlsbad,floristry,arrangements,flower bouquet near me,10,1.3,HIGH,100,,
Carlsbad,floristry,delivery,flower delivery service,10,5.9,MEDIUM,61,3.21,6.08
Carlsbad,floristry,wedding_event,boutonniere wedding,10,0,HIGH,86,,
Carlsbad,floristry,delivery,flower delivery services online,10,0,LOW,0,,
Carlsbad,floristry,delivery,online flower delivery,10,0,,,,
Carlsbad,floristry,delivery,cheap flower delivery,10,7.5,HIGH,100,2.26,5.26
Carlsbad,floristry,core,same day flowers,10,15.15,HIGH,80,3.64,7.15
Carlsbad,floristry,delivery,deliver flowers,170,12.23,HIGH,100,4.07,11.37
Carlsbad,floristry,delivery,send flowers online,10,5.99,MEDIUM,57,,
Carlsbad,floristry,sympathy,funeral flowers delivery,10,0,HIGH,100,,
Carlsbad,floristry,wedding_event,corsage flower,10,0,,,,
Carlsbad,floristry,occasion,mother's day flower delivery,10,0,,,,
Carlsbad,floristry,delivery,best flower delivery,10,8.88,HIGH,89,3.17,8.5
Carlsbad,floristry,delivery,flower bouquet delivery,10,0,HIGH,100,,
Carlsbad,floristry,wedding_event,wedding flower bouquets,10,0,HIGH,100,,
Carlsbad,floristry,delivery,flower delivery today,10,0,,,,
Carlsbad,floristry,delivery,local flower delivery,10,0,,,,
Carlsbad,floristry,delivery,fresh flower delivery,10,19.89,HIGH,100,,
Carlsbad,floristry,sympathy,sympathy flowers delivery,10,0,LOW,0,,
Carlsbad,floristry,delivery,best online flower delivery,10,1.21,HIGH,100,,
Carlsbad,floristry,occasion,valentines flower bouquet,10,0,,,,
Carlsbad,floristry,occasion,mother's day flowers delivery,10,0,,,,
Carlsbad,floristry,arrangements,fresh flower bouquet,10,0,LOW,0,,
Carlsbad,floristry,wedding_event,rose bridal bouquet,10,0,,,,
Carlsbad,floristry,delivery,flower delivery same day,40,8.05,HIGH,71,3.33,12.95
Carlsbad,floristry,delivery,best flower delivery services,10,31.59,HIGH,100,,
Carlsbad,floristry,arrangements,custom flower bouquet,10,0,MEDIUM,33,,
Carlsbad,floristry,sympathy,sympathy flower arrangements,10,0,HIGH,100,,
Carlsbad,floristry,core,florist flowers,10,0,LOW,0,,
Carlsbad,floristry,wedding_event,bridal bouquet fresh flowers,10,0,LOW,0,,
Carlsbad,floristry,wedding_event,wedding flowers delivery,10,0,,,,
Carlsbad,floristry,delivery,same day flower delivery service,10,0,,,,
Carlsbad,floristry,delivery,same day flower delivery services,10,0,,,,
Carlsbad,floristry,delivery,cheap same day flower delivery,10,0,,,,
Carlsbad,floristry,wedding_event,bridal bouquet flowers,10,0,,,,
Carlsbad,floristry,wedding_event,wedding bridal bouquet,10,0,,,,
Carlsbad,floristry,delivery,best same day flower delivery,0,0,,,,
Carlsbad,floristry,sympathy,sympathy flowers same day delivery,10,0,,,,
Carlsbad,floristry,sympathy,funeral flowers same day delivery,10,0,,,,
Carlsbad,floristry,delivery,flower bouquet delivery same day,10,0,,,,
Carlsbad,floristry,delivery,same day delivery flower bouquet,10,0,,,,
Carlsbad,floristry,delivery,local flower delivery same day,10,0,,,,
Carlsbad,floristry,delivery,florist flower delivery,0,0,,,,
Carlsbad,floristry,delivery,online flower bouquet delivery,10,0,,,,
Carlsbad,floristry,delivery,send flowers online same day,0,0,,,,
Carlsbad,floristry,delivery,flower bouquet same day delivery,0,0,,,,
Thousand Oaks,water_heater,replacement,water heater replacement,20,89.78,HIGH,68,,
Thousand Oaks,water_heater,replacement,water heater replacement near me,10,9.01,LOW,8,,
Thousand Oaks,water_heater,replacement,replace water heater,20,89.78,HIGH,68,,
Thousand Oaks,water_heater,replacement,replace water heater near me,10,9.01,LOW,8,,
Thousand Oaks,water_heater,replacement,water heater replacement service,10,0,,,,
Thousand Oaks,water_heater,replacement,water heater replacement services,10,0,,,,
Thousand Oaks,water_heater,replacement,water heater replacement company,10,0,,,,
Thousand Oaks,water_heater,replacement,water heater replacement contractor,0,0,,,,
Thousand Oaks,water_heater,replacement,water heater replacement contractors,0,0,,,,
Thousand Oaks,water_heater,replacement,water heater replacement installer,0,0,,,,
Thousand Oaks,water_heater,replacement,water heater replacement installers,0,0,,,,
Thousand Oaks,water_heater,replacement,local water heater replacement,0,0,,,,
Thousand Oaks,water_heater,replacement,professional water heater replacement,0,0,,,,
Thousand Oaks,water_heater,replacement,residential water heater replacement,0,0,,,,
Thousand Oaks,water_heater,replacement,home water heater replacement,0,0,,,,
Thousand Oaks,water_heater,replacement,hot water heater replacement,10,0,,,,
Thousand Oaks,water_heater,replacement,hot water heater replacement near me,10,0,,,,
Thousand Oaks,water_heater,replacement,water heater change out,0,0,,,,
Thousand Oaks,water_heater,replacement,water heater changeout,0,0,,,,
Thousand Oaks,water_heater,replacement,water heater swap,0,0,,,,
Thousand Oaks,water_heater,installation,water heater installation,10,67.78,LOW,25,,
Thousand Oaks,water_heater,installation,water heater installation near me,10,0,LOW,0,,
Thousand Oaks,water_heater,installation,water heater installation service,10,0,,,,
Thousand Oaks,water_heater,installation,water heater installation services,10,0,,,,
Thousand Oaks,water_heater,installation,water heater installation company,0,0,,,,
Thousand Oaks,water_heater,installation,water heater installation contractor,10,0,,,,
Thousand Oaks,water_heater,installation,water heater installation contractors,10,0,,,,
Thousand Oaks,water_heater,installation,water heater installer,10,67.78,LOW,25,,
Thousand Oaks,water_heater,installation,water heater installers,10,67.78,LOW,25,,
Thousand Oaks,water_heater,installation,water heater installer near me,10,0,LOW,0,,
Thousand Oaks,water_heater,installation,local water heater installer,0,0,,,,
Thousand Oaks,water_heater,installation,professional water heater installation,10,0,,,,
Thousand Oaks,water_heater,installation,residential water heater installation,0,0,,,,
Thousand Oaks,water_heater,installation,home water heater installation,0,0,,,,
Thousand Oaks,water_heater,installation,hot water heater installation,10,0,,,,
Thousand Oaks,water_heater,installation,hot water heater installer,10,0,,,,
Thousand Oaks,water_heater,cost,water heater replacement cost,10,21.69,HIGH,79,5.48,21.1
Thousand Oaks,water_heater,cost,cost to replace water heater,10,21.69,HIGH,79,5.48,21.1
Thousand Oaks,water_heater,cost,how much to replace water heater,10,5.96,MEDIUM,49,,
Thousand Oaks,water_heater,cost,water heater installation cost,10,10,MEDIUM,60,4,6.03
Thousand Oaks,water_heater,cost,cost to install water heater,10,10,MEDIUM,60,4,6.03
Thousand Oaks,water_heater,cost,water heater replacement estimate,0,0,,,,
Thousand Oaks,water_heater,cost,water heater installation estimate,10,0,,,,
Thousand Oaks,water_heater,cost,water heater replacement quote,0,0,,,,
Thousand Oaks,water_heater,cost,water heater installation quote,0,0,,,,
Thousand Oaks,water_heater,cost,water heater replacement price,0,0,,,,
Thousand Oaks,water_heater,cost,water heater installation price,10,0,,,,
Thousand Oaks,water_heater,same_day,same day water heater replacement,0,0,,,,
Thousand Oaks,water_heater,same_day,same day water heater installation,10,0,,,,
Thousand Oaks,water_heater,same_day,same day water heater installer,0,0,,,,
Thousand Oaks,water_heater,same_day,emergency water heater replacement,0,0,,,,
Thousand Oaks,water_heater,same_day,emergency water heater installation,0,0,,,,
Thousand Oaks,water_heater,same_day,urgent water heater replacement,0,0,,,,
Thousand Oaks,water_heater,same_day,24 hour water heater replacement,10,0,,,,
Thousand Oaks,water_heater,same_day,water heater replacement today,0,0,,,,
Thousand Oaks,water_heater,tank,tank water heater replacement,10,0,,,,
Thousand Oaks,water_heater,tank,tank water heater installation,10,0,,,,
Thousand Oaks,water_heater,tank,tank water heater installer,0,0,,,,
Thousand Oaks,water_heater,tank,storage tank water heater replacement,0,0,,,,
Thousand Oaks,water_heater,tank,standard water heater replacement,0,0,,,,
Thousand Oaks,water_heater,tank,conventional water heater replacement,0,0,,,,
Thousand Oaks,water_heater,tankless,tankless water heater replacement,10,0,LOW,0,,
Thousand Oaks,water_heater,tankless,tankless water heater replacement near me,0,0,,,,
Thousand Oaks,water_heater,tankless,tankless water heater installation,20,0,LOW,23,,
Thousand Oaks,water_heater,tankless,tankless water heater installation near me,10,0,,,,
Thousand Oaks,water_heater,tankless,tankless water heater installer,20,0,LOW,23,,
Thousand Oaks,water_heater,tankless,tankless water heater installer near me,10,0,,,,
Thousand Oaks,water_heater,tankless,tankless water heater installation cost,20,8.62,MEDIUM,60,4.56,17.01
Thousand Oaks,water_heater,tankless,cost to install tankless water heater,20,8.62,MEDIUM,60,4.56,17.01
Thousand Oaks,water_heater,tankless,cost to replace tankless water heater,20,8.62,MEDIUM,60,4.56,17.01
Thousand Oaks,water_heater,gas,gas water heater replacement,10,0,,,,
Thousand Oaks,water_heater,gas,gas water heater replacement near me,0,0,,,,
Thousand Oaks,water_heater,gas,gas water heater installation,10,0,,,,
Thousand Oaks,water_heater,gas,gas water heater installer,10,0,,,,
Thousand Oaks,water_heater,gas,gas water heater installation cost,10,0,,,,
Thousand Oaks,water_heater,gas,cost to replace gas water heater,10,0,,,,
Thousand Oaks,water_heater,electric,electric water heater replacement,10,0,,,,
Thousand Oaks,water_heater,electric,electric water heater replacement near me,0,0,,,,
Thousand Oaks,water_heater,electric,electric water heater installation,10,0,,,,
Thousand Oaks,water_heater,electric,electric water heater installer,10,0,,,,
Thousand Oaks,water_heater,electric,electric water heater installation cost,10,0,,,,
Thousand Oaks,water_heater,electric,cost to replace electric water heater,10,0,LOW,0,,
Thousand Oaks,water_heater,heat_pump,heat pump water heater replacement,0,0,,,,
Thousand Oaks,water_heater,heat_pump,heat pump water heater installation,10,0,LOW,14,,
Thousand Oaks,water_heater,heat_pump,heat pump water heater installer,10,0,LOW,14,,
Thousand Oaks,water_heater,heat_pump,heat pump water heater installation near me,0,0,,,,
Thousand Oaks,water_heater,heat_pump,heat pump water heater installation cost,10,0,,,,
Thousand Oaks,water_heater,heat_pump,hybrid water heater replacement,0,0,,,,
Thousand Oaks,water_heater,heat_pump,hybrid water heater installation,10,0,,,,
Thousand Oaks,water_heater,heat_pump,hybrid water heater installer,10,0,,,,
Thousand Oaks,water_heater,conversion,tank to tankless water heater conversion,10,0,,,,
Thousand Oaks,water_heater,conversion,convert tank water heater to tankless,10,0,,,,
Thousand Oaks,water_heater,conversion,gas to electric water heater conversion,0,0,,,,
Thousand Oaks,water_heater,conversion,electric to gas water heater conversion,0,0,,,,
Thousand Oaks,water_heater,problem,replace leaking water heater,0,0,,,,
Thousand Oaks,water_heater,problem,leaking water heater replacement,0,0,,,,
Thousand Oaks,water_heater,problem,replace broken water heater,0,0,,,,
Thousand Oaks,water_heater,problem,broken water heater replacement,0,0,,,,
Thousand Oaks,water_heater,problem,no hot water water heater replacement,0,0,,,,
Thousand Oaks,painting_interior,core,interior painters,10,0,LOW,0,,
Thousand Oaks,painting_interior,core,interior painter,10,0,LOW,0,,
Thousand Oaks,painting_interior,core,interior painters near me,10,0,HIGH,100,,
Thousand Oaks,painting_interior,core,interior house painters,10,0,LOW,0,,
Thousand Oaks,painting_interior,core,interior house painter,10,0,,,,
Thousand Oaks,painting_interior,core,interior home painters,0,0,,,,
Thousand Oaks,painting_interior,core,interior wall painters,0,0,,,,
Thousand Oaks,painting_interior,core,inside house painters,10,0,,,,
Thousand Oaks,painting_interior,core,indoor house painters,0,0,,,,
Thousand Oaks,painting_interior,service,interior painting,10,0,LOW,0,,
Thousand Oaks,painting_interior,service,interior house painting,10,0,,,,
Thousand Oaks,painting_interior,service,interior home painting,10,0,,,,
Thousand Oaks,painting_interior,service,interior wall painting,10,0,,,,
Thousand Oaks,painting_interior,service,interior painting services,10,0,,,,
Thousand Oaks,painting_interior,service,interior house painting services,0,0,,,,
Thousand Oaks,painting_interior,service,interior wall painting services,10,0,,,,
Thousand Oaks,painting_interior,service,residential interior painting,0,0,,,,
Thousand Oaks,painting_interior,service,residential interior painting services,0,0,,,,
Thousand Oaks,painting_interior,provider,interior painting company,10,0,,,,
Thousand Oaks,painting_interior,provider,interior painting companies,10,0,,,,
Thousand Oaks,painting_interior,provider,interior painting company near me,10,0,,,,
Thousand Oaks,painting_interior,provider,interior painting contractor,10,0,LOW,14,,
Thousand Oaks,painting_interior,provider,interior painting contractors,10,0,LOW,14,,
Thousand Oaks,painting_interior,provider,interior painting contractors near me,10,0,,,,
Thousand Oaks,painting_interior,provider,interior wall painting contractors,0,0,,,,
Thousand Oaks,painting_interior,provider,local interior painters,0,0,,,,
Thousand Oaks,painting_interior,provider,professional interior painters,0,0,,,,
Thousand Oaks,painting_interior,provider,professional interior painting,0,0,,,,
Thousand Oaks,painting_interior,cost,interior painting cost,10,0,LOW,0,,
Thousand Oaks,painting_interior,cost,interior house painting cost,10,0,LOW,0,,
Thousand Oaks,painting_interior,cost,cost to paint house interior,10,0,LOW,0,,
Thousand Oaks,painting_interior,cost,cost to paint interior walls,0,0,,,,
Thousand Oaks,painting_interior,cost,interior painting estimate,0,0,,,,
Thousand Oaks,painting_interior,cost,interior painting quote,10,0,,,,
Thousand Oaks,painting_interior,cost,interior house painting estimate,0,0,,,,
Thousand Oaks,painting_interior,cost,interior house painting quote,0,0,,,,
Thousand Oaks,painting_interior,cost,interior painter cost,10,0,LOW,0,,
Thousand Oaks,painting_interior,cost,interior painting prices,10,0,LOW,0,,
Thousand Oaks,painting_interior,rooms,whole house interior painting,0,0,,,,
Thousand Oaks,painting_interior,rooms,home interior wall painting,0,0,,,,
Thousand Oaks,painting_interior,rooms,room painting services,0,0,,,,
Thousand Oaks,painting_interior,rooms,living room painters,0,0,,,,
Thousand Oaks,painting_interior,rooms,bedroom painters,10,0,,,,
Thousand Oaks,painting_interior,rooms,kitchen painters,0,0,,,,
Thousand Oaks,painting_interior,rooms,bathroom painters,0,0,,,,
Thousand Oaks,painting_interior,rooms,ceiling painters,0,0,,,,
Thousand Oaks,painting_interior,rooms,ceiling painting services,0,0,,,,
Thousand Oaks,painting_interior,rooms,trim painting services,0,0,,,,
Thousand Oaks,painting_interior,rooms,baseboard painting services,0,0,,,,
Thousand Oaks,painting_interior,rooms,cabinet painting services,10,0,,,,
Thousand Oaks,painting_exterior,core,exterior painters,10,0,,,,
Thousand Oaks,painting_exterior,core,exterior painter,10,0,,,,
Thousand Oaks,painting_exterior,core,exterior painters near me,10,0,LOW,0,,
Thousand Oaks,painting_exterior,core,exterior house painters,10,0,,,,
Thousand Oaks,painting_exterior,core,exterior house painter,10,0,,,,
Thousand Oaks,painting_exterior,core,exterior home painters,0,0,,,,
Thousand Oaks,painting_exterior,core,outside house painters,10,0,,,,
Thousand Oaks,painting_exterior,service,exterior painting,10,0,,,,
Thousand Oaks,painting_exterior,service,exterior house painting,10,0,,,,
Thousand Oaks,painting_exterior,service,exterior home painting,0,0,,,,
Thousand Oaks,painting_exterior,service,exterior wall painting,10,0,,,,
Thousand Oaks,painting_exterior,service,exterior painting services,10,0,,,,
Thousand Oaks,painting_exterior,service,exterior house painting services,10,0,,,,
Thousand Oaks,painting_exterior,service,residential exterior painting,10,0,,,,
Thousand Oaks,painting_exterior,service,residential exterior painting services,0,0,,,,
Thousand Oaks,painting_exterior,provider,exterior painting company,0,0,,,,
Thousand Oaks,painting_exterior,provider,exterior painting companies,0,0,,,,
Thousand Oaks,painting_exterior,provider,exterior painting company near me,10,0,LOW,0,,
Thousand Oaks,painting_exterior,provider,exterior painting contractor,10,0,MEDIUM,46,,
Thousand Oaks,painting_exterior,provider,exterior painting contractors,10,0,MEDIUM,46,,
Thousand Oaks,painting_exterior,provider,exterior painting contractors near me,10,0,LOW,0,,
Thousand Oaks,painting_exterior,provider,local exterior painters,10,0,,,,
Thousand Oaks,painting_exterior,provider,professional exterior painters,0,0,,,,
Thousand Oaks,painting_exterior,provider,professional exterior painting,0,0,,,,
Thousand Oaks,painting_exterior,cost,exterior painting cost,10,0,,,,
Thousand Oaks,painting_exterior,cost,exterior house painting cost,10,0,MEDIUM,57,,
Thousand Oaks,painting_exterior,cost,cost to paint house exterior,10,0,MEDIUM,57,,
Thousand Oaks,painting_exterior,cost,cost to paint exterior walls,0,0,,,,
Thousand Oaks,painting_exterior,cost,exterior painting estimate,10,0,,,,
Thousand Oaks,painting_exterior,cost,exterior painting quote,10,0,,,,
Thousand Oaks,painting_exterior,cost,exterior house painting estimate,0,0,,,,
Thousand Oaks,painting_exterior,cost,exterior house painting quote,10,0,,,,
Thousand Oaks,painting_exterior,cost,exterior painter cost,10,0,,,,
Thousand Oaks,painting_exterior,cost,exterior painting prices,10,0,,,,
Thousand Oaks,painting_exterior,surface,stucco painting,10,0,HIGH,86,,
Thousand Oaks,painting_exterior,surface,stucco painters,10,0,HIGH,86,,
Thousand Oaks,painting_exterior,surface,stucco painting services,10,0,,,,
Thousand Oaks,painting_exterior,surface,brick house painting,10,0,,,,
Thousand Oaks,painting_exterior,surface,siding painting,10,0,,,,
Thousand Oaks,painting_exterior,surface,siding painters,0,0,,,,
Thousand Oaks,painting_exterior,surface,wood siding painting,10,0,,,,
Thousand Oaks,painting_exterior,surface,house trim painting,10,12.58,MEDIUM,57,,
Thousand Oaks,painting_exterior,surface,front door painting service,0,0,,,,
Thousand Oaks,painting_exterior,surface,garage door painting service,10,0,LOW,0,,
Thousand Oaks,painting_general,core,house painters,10,0,MEDIUM,36,,
Thousand Oaks,painting_general,core,house painter,10,0,MEDIUM,36,,
Thousand Oaks,painting_general,core,house painters near me,20,9.87,MEDIUM,59,18.3,61.54
Thousand Oaks,painting_general,core,home painters,10,0,,,,
Thousand Oaks,painting_general,core,residential painters,10,0,,,,
Thousand Oaks,painting_general,core,residential painters near me,10,0,,,,
Thousand Oaks,painting_general,service,house painting,10,0,LOW,0,,
Thousand Oaks,painting_general,service,house painting services,10,0,,,,
Thousand Oaks,painting_general,service,home painting services,10,0,,,,
Thousand Oaks,painting_general,service,residential painting,10,0,,,,
Thousand Oaks,painting_general,service,residential painting services,10,0,,,,
Thousand Oaks,painting_general,provider,painting company,10,0,LOW,29,,
Thousand Oaks,painting_general,provider,painting companies,10,0,LOW,29,,
Thousand Oaks,painting_general,provider,painting company near me,10,12.46,MEDIUM,56,,
Thousand Oaks,painting_general,provider,painting contractor,10,0,LOW,0,,
Thousand Oaks,painting_general,provider,painting contractors,10,0,LOW,0,,
Thousand Oaks,painting_general,provider,painting contractors near me,10,0,LOW,21,,
Thousand Oaks,painting_general,provider,local painting company,10,0,,,,
Thousand Oaks,painting_general,provider,local house painters,10,0,,,,
Thousand Oaks,painting_general,provider,professional house painters,10,0,,,,
Thousand Oaks,painting_general,cost,house painting cost,10,0,MEDIUM,50,,
Thousand Oaks,painting_general,cost,cost to paint a house,10,0,MEDIUM,50,,
Thousand Oaks,painting_general,cost,house painting estimate,10,0,,,,
Thousand Oaks,painting_general,cost,house painting quote,10,0,,,,
Thousand Oaks,painting_general,cost,painting estimate,10,0,,,,
Thousand Oaks,painting_general,cost,painting quote,10,0,,,,
Thousand Oaks,painting_general,cost,free painting estimate,0,0,,,,
Thousand Oaks,wallpaper,core,wallpaper installer,10,0,HIGH,100,,
Thousand Oaks,wallpaper,core,wallpaper installers,10,0,HIGH,100,,
Thousand Oaks,wallpaper,core,wallpaper installer near me,10,0,,,,
Thousand Oaks,wallpaper,core,wallpaper installation,10,0,HIGH,100,,
Thousand Oaks,wallpaper,core,wallpaper installation near me,10,0,,,,
Thousand Oaks,wallpaper,core,wallpaper installation service,10,0,,,,
Thousand Oaks,wallpaper,core,wallpaper installation services,10,0,,,,
Thousand Oaks,wallpaper,core,wallpaper hanging,10,0,,,,
Thousand Oaks,wallpaper,core,wallpaper hanging near me,10,0,HIGH,100,,
Thousand Oaks,wallpaper,core,wallpaper hanging service,0,0,,,,
Thousand Oaks,wallpaper,core,wallpaper hanging services,0,0,,,,
Thousand Oaks,wallpaper,core,wallpaper hanger,10,0,,,,
Thousand Oaks,wallpaper,core,wallpaper hangers,10,0,,,,
Thousand Oaks,wallpaper,core,wallpaper hanger near me,10,0,HIGH,100,,
Thousand Oaks,wallpaper,provider,wallpaper installation company,10,0,,,,
Thousand Oaks,wallpaper,provider,wallpaper installation contractor,0,0,,,,
Thousand Oaks,wallpaper,provider,wallpaper installation contractors,0,0,,,,
Thousand Oaks,wallpaper,provider,professional wallpaper installer,10,0,,,,
Thousand Oaks,wallpaper,provider,professional wallpaper installer near me,10,0,,,,
Thousand Oaks,wallpaper,provider,professional wallpaper installation,10,0,,,,
Thousand Oaks,wallpaper,provider,professional wallpaper hanging,0,0,,,,
Thousand Oaks,wallpaper,provider,local wallpaper installer,0,0,,,,
Thousand Oaks,wallpaper,provider,hire wallpaper installer,0,0,,,,
Thousand Oaks,wallpaper,cost,wallpaper installer cost,10,0,LOW,14,,
Thousand Oaks,wallpaper,cost,wallpaper installation cost,10,0,LOW,14,,
Thousand Oaks,wallpaper,cost,cost to install wallpaper,10,0,LOW,14,,
Thousand Oaks,wallpaper,cost,wallpaper hanging cost,0,0,,,,
Thousand Oaks,wallpaper,cost,cost to hang wallpaper,0,0,,,,
Thousand Oaks,wallpaper,cost,wallpaper installation estimate,0,0,,,,
Thousand Oaks,wallpaper,cost,wallpaper installation quote,0,0,,,,
Thousand Oaks,wallpaper,cost,wallpaper installer prices,0,0,,,,
Thousand Oaks,wallpaper,cost,professional wallpaper installer cost,0,0,,,,
Thousand Oaks,wallpaper,type,peel and stick wallpaper installer,10,0,,,,
Thousand Oaks,wallpaper,type,peel and stick wallpaper installation,10,0,,,,
Thousand Oaks,wallpaper,type,mural wallpaper installer,0,0,,,,
Thousand Oaks,wallpaper,type,wall mural installation,0,0,,,,
Thousand Oaks,wallpaper,type,grasscloth wallpaper installer,0,0,,,,
Thousand Oaks,wallpaper,type,grasscloth wallpaper installation,10,0,,,,
Thousand Oaks,wallpaper,type,textured wallpaper installation,0,0,,,,
Thousand Oaks,wallpaper,type,vinyl wallpaper installation,10,0,,,,
Thousand Oaks,wallpaper,type,custom wallpaper installation,0,0,,,,
Thousand Oaks,wallpaper,type,residential wallpaper installation,0,0,,,,
Thousand Oaks,floristry,occasion,birthday flowers,40,0.2,HIGH,100,0.3,4.69
Thousand Oaks,floristry,delivery,flower delivery,170,12.83,HIGH,100,4.81,11.31
Thousand Oaks,floristry,core,flowers,880,7.65,HIGH,85,3.87,9.93
Thousand Oaks,floristry,custom,personalized bouquets from local florists,0,0,,,,
Thousand Oaks,floristry,roses,rose bouquets,10,0.15,MEDIUM,33,,
Thousand Oaks,floristry,delivery,same day flower delivery,50,18.6,HIGH,69,9.23,18.2
Thousand Oaks,floristry,occasion,sympathy flowers,10,8.97,HIGH,100,4.75,7.39
Thousand Oaks,floristry,wedding,wedding flowers,10,0.91,MEDIUM,48,,
Thousand Oaks,floristry,occasion,anniversary flowers,10,2.84,HIGH,100,,
Thousand Oaks,floristry,occasion,apology flowers,10,0,LOW,0,,
Thousand Oaks,floristry,wedding,bridal bouquets,10,0,MEDIUM,64,,
Thousand Oaks,floristry,occasion,congratulations flowers,10,0,LOW,0,,
Thousand Oaks,floristry,corporate,corporate flowers,0,0,,,,
Thousand Oaks,floristry,custom,custom bouquets,10,0,HIGH,100,,
Thousand Oaks,floristry,event,event flower arrangements,10,0,,,,
Thousand Oaks,floristry,wedding,flowers for newlyweds,0,0,,,,
Thousand Oaks,floristry,occasion,get well flowers,10,0,MEDIUM,33,,
Thousand Oaks,floristry,occasion,housewarming flowers,10,0,,,,
Thousand Oaks,floristry,occasion,just because flowers,10,0,LOW,0,,
Thousand Oaks,floristry,luxury,luxury bouquets,10,0,,,,
Thousand Oaks,floristry,occasion,new baby flowers,10,0,LOW,0,,
Thousand Oaks,floristry,occasion,romantic flowers,10,0,,,,
Thousand Oaks,floristry,occasion,thank you flowers,10,0.9,HIGH,100,1.89,4.68
Thousand Oaks,floristry,wedding,bridal bouquet,10,0,MEDIUM,64,,
Thousand Oaks,floristry,event,event flowers,10,0,,,,
Thousand Oaks,floristry,event,floral centerpieces,10,0,,,,
Thousand Oaks,floristry,core,florist,140,3.8,MEDIUM,64,1.73,7.26
Thousand Oaks,floristry,event,flower centerpieces,10,0,HIGH,100,,
Thousand Oaks,floristry,core,flower shop,90,4.61,LOW,23,1.32,3.97
Thousand Oaks,floristry,core,local florist,10,0,,,,
Thousand Oaks,floristry,custom,personalized bouquets,10,0,HIGH,100,,
Thousand Oaks,floristry,roses,rose bouquet,10,0.15,MEDIUM,33,,
Thousand Oaks,floristry,roses,roses,320,0.1,HIGH,70,0.87,2.79
Thousand Oaks,floristry,delivery,send flowers,20,5.99,HIGH,100,4.71,13.36
Thousand Oaks,floristry,event,table flower arrangements,10,0,,,,
Thousand Oaks,floristry,wedding,wedding gift flowers,0,0,,,,
Thousand Oaks,water_heater,tankless,tankless water heater cost,20,0.12,HIGH,99,0.42,11.8
Thousand Oaks,water_heater,cost,water heater cost,10,0.75,HIGH,100,0.59,9.43
Thousand Oaks,water_heater,cost,hot water heater replacement cost,10,0,HIGH,86,,
Thousand Oaks,water_heater,cost,hot water heater cost,10,0,HIGH,95,,
Thousand Oaks,water_heater,tankless,tankless water heater installation gas,10,0,LOW,0,,
Thousand Oaks,water_heater,installation,tank water heater install,10,0,,,,
Thousand Oaks,water_heater,replacement,water heater service,10,0,,,,
Thousand Oaks,water_heater,tankless,tankless electric water heater installation,10,0,,,,
Thousand Oaks,water_heater,tankless,tankless water heater replacement cost,20,8.62,MEDIUM,60,4.56,17.01
Thousand Oaks,water_heater,tankless,tankless water heater price,10,0,MEDIUM,43,,
Thousand Oaks,water_heater,tankless,electric tankless water heater cost,10,0,,,,
Thousand Oaks,water_heater,tankless,tankless water heater service,10,0,HIGH,100,,
Thousand Oaks,water_heater,tankless,replace tankless water heater,10,0,LOW,0,,
Thousand Oaks,water_heater,cost,hot water heater installation cost,10,0,,,,
Thousand Oaks,water_heater,electric,electric water heater cost,10,0,,,,
Thousand Oaks,water_heater,electric,electric water heater replacement cost,10,0,LOW,0,,
Thousand Oaks,water_heater,gas,gas water heater cost,10,0,,,,
Thousand Oaks,water_heater,heat_pump,heat pump water heater cost,10,0,,,,
Thousand Oaks,water_heater,tankless,propane tankless water heater installation,0,0,,,,
Thousand Oaks,water_heater,tankless,tankless water heater installation services,10,0,,,,
Thousand Oaks,water_heater,tankless,tankless gas water heater cost,10,0,HIGH,86,,
Thousand Oaks,water_heater,tankless,gas tankless water heater cost,10,0,HIGH,86,,
Thousand Oaks,water_heater,gas,gas hot water heater cost,0,0,,,,
Thousand Oaks,water_heater,electric,electric hot water heater installation cost,10,0,,,,
Thousand Oaks,water_heater,gas,gas hot water heater installation,0,0,,,,
Thousand Oaks,water_heater,electric,electric hot water heater installation,0,0,,,,
Thousand Oaks,water_heater,tankless,natural gas tankless water heater installation,10,0,,,,
Thousand Oaks,water_heater,tankless,gas tankless hot water heater installation,0,0,,,,
Thousand Oaks,water_heater,electric,hot water heater installation electric,0,0,,,,
Thousand Oaks,water_heater,tankless,tankless water heater company,10,0,,,,
Thousand Oaks,water_heater,tankless,cost to install electric tankless hot water heater,0,0,,,,
Thousand Oaks,painting_interior,service,interior door painting services,10,0,,,,
Thousand Oaks,painting_interior,provider,house interior painting contractors,10,0,,,,
Thousand Oaks,painting_interior,provider,interior home painting company,10,0,,,,
Thousand Oaks,painting_interior,provider,interior house painting companies,10,0,,,,
Thousand Oaks,painting_interior,cost,interior house painting estimates,0,0,,,,
Thousand Oaks,painting_interior,service,cheap interior painters,10,0,,,,
Thousand Oaks,painting_interior,provider,interior home painting contractors,0,0,,,,
Thousand Oaks,painting_interior,cost,interior home painting estimate,0,0,,,,
Thousand Oaks,painting_interior,service,home interior painting services,10,0,,,,
Thousand Oaks,painting_interior,cost,interior painters quotes,10,0,,,,
Thousand Oaks,painting_interior,service,residential house interior painting,0,0,,,,
Thousand Oaks,painting_exterior,service,painting services,10,0,LOW,0,,
Thousand Oaks,painting_exterior,service,local painting services,0,0,,,,
Thousand Oaks,painting_exterior,residential,professional house painter,10,0,,,,
Thousand Oaks,painting_exterior,provider,house painting contractors,10,0,,,,
Thousand Oaks,painting_exterior,provider,professional painting contractors,10,0,,,,
Thousand Oaks,painting_exterior,provider,local painting contractors,10,0,,,,
Thousand Oaks,painting_exterior,provider,house exterior painting contractor,10,0,,,,
Thousand Oaks,painting_exterior,service,exterior painting professional,10,0,,,,
Thousand Oaks,painting_exterior,provider,professional house painting contractor,10,0,,,,
Thousand Oaks,painting_exterior,provider,professional house painting contractors,10,0,,,,
Thousand Oaks,painting_exterior,residential,professional exterior house painters,0,0,,,,
Thousand Oaks,painting_exterior,residential,professional home painters,0,0,,,,
Thousand Oaks,painting_exterior,residential,professional residential painters,0,0,,,,
Thousand Oaks,floristry,occasion,valentines flowers,90,0,,,,
Thousand Oaks,floristry,arrangements,flower bouquet,40,1.1,HIGH,97,2.83,7.39
Thousand Oaks,floristry,sympathy,funeral flowers,20,6.49,HIGH,100,2.28,4.99
Thousand Oaks,floristry,sympathy,funeral flower arrangements,10,4.39,HIGH,100,,
Thousand Oaks,floristry,arrangements,flower bouquet near me,10,0.5,HIGH,100,0.99,3.64
Thousand Oaks,floristry,delivery,flower delivery service,10,11.01,HIGH,100,,
Thousand Oaks,floristry,wedding_event,boutonniere wedding,10,0,HIGH,80,,
Thousand Oaks,floristry,delivery,flower delivery services online,10,0,,,,
Thousand Oaks,floristry,delivery,online flower delivery,10,0,,,,
Thousand Oaks,floristry,delivery,cheap flower delivery,10,3.53,HIGH,100,,
Thousand Oaks,floristry,core,same day flowers,10,21.34,MEDIUM,59,6.8,13.51
Thousand Oaks,floristry,delivery,deliver flowers,170,12.83,HIGH,100,4.81,11.31
Thousand Oaks,floristry,delivery,send flowers online,10,11.23,HIGH,79,,
Thousand Oaks,floristry,sympathy,funeral flowers delivery,10,0,,,,
Thousand Oaks,floristry,wedding_event,corsage flower,10,0,HIGH,100,,
Thousand Oaks,floristry,occasion,mother's day flower delivery,10,0,,,,
Thousand Oaks,floristry,delivery,best flower delivery,10,10.25,HIGH,100,3.5,13.95
Thousand Oaks,floristry,delivery,flower bouquet delivery,10,9.66,HIGH,100,,
Thousand Oaks,floristry,wedding_event,wedding flower bouquets,10,0,,,,
Thousand Oaks,floristry,delivery,flower delivery today,10,11.08,HIGH,100,,
Thousand Oaks,floristry,delivery,local flower delivery,10,0,HIGH,100,,
Thousand Oaks,floristry,delivery,fresh flower delivery,10,0,HIGH,100,,
Thousand Oaks,floristry,sympathy,sympathy flowers delivery,10,11.38,HIGH,100,,
Thousand Oaks,floristry,delivery,best online flower delivery,10,0,HIGH,100,,
Thousand Oaks,floristry,occasion,valentines flower bouquet,10,0,,,,
Thousand Oaks,floristry,occasion,mother's day flowers delivery,10,0,,,,
Thousand Oaks,floristry,arrangements,fresh flower bouquet,10,0,HIGH,100,,
Thousand Oaks,floristry,wedding_event,rose bridal bouquet,10,0,,,,
Thousand Oaks,floristry,delivery,flower delivery same day,50,18.6,HIGH,69,9.23,18.2
Thousand Oaks,floristry,delivery,best flower delivery services,10,0,HIGH,100,,
Thousand Oaks,floristry,arrangements,custom flower bouquet,10,0,HIGH,100,,
Thousand Oaks,floristry,sympathy,sympathy flower arrangements,10,0,,,,
Thousand Oaks,floristry,core,florist flowers,10,0,MEDIUM,57,,
Thousand Oaks,floristry,wedding_event,bridal bouquet fresh flowers,10,0,,,,
Thousand Oaks,floristry,wedding_event,wedding flowers delivery,10,0,,,,
Thousand Oaks,floristry,delivery,same day flower delivery service,10,0,,,,
Thousand Oaks,floristry,delivery,same day flower delivery services,10,0,,,,
Thousand Oaks,floristry,delivery,cheap same day flower delivery,10,0,,,,
Thousand Oaks,floristry,wedding_event,bridal bouquet flowers,10,0,,,,
Thousand Oaks,floristry,wedding_event,wedding bridal bouquet,10,0,,,,
Thousand Oaks,floristry,delivery,best same day flower delivery,10,0,,,,
Thousand Oaks,floristry,sympathy,sympathy flowers same day delivery,10,0,,,,
Thousand Oaks,floristry,sympathy,funeral flowers same day delivery,0,0,,,,
Thousand Oaks,floristry,delivery,flower bouquet delivery same day,0,0,,,,
Thousand Oaks,floristry,delivery,same day delivery flower bouquet,0,0,,,,
Thousand Oaks,floristry,delivery,local flower delivery same day,10,0,,,,
Thousand Oaks,floristry,delivery,florist flower delivery,0,0,,,,
Thousand Oaks,floristry,delivery,online flower bouquet delivery,10,0,,,,
Thousand Oaks,floristry,delivery,send flowers online same day,0,0,,,,
Thousand Oaks,floristry,delivery,flower bouquet same day delivery,10,0,,,,
